school_name,official_school_code,short_name,school_type,sector,region,province,city,website,address,directory_source,is_active
Abubakar Computer Learning Center Foundation,15027,,Private Non-Sectarian Stock,Private,Bangsamoro Autonomous Region In Muslim Mindanao (BARMM),,,,Tawi-Tawi,CHED,true
Academia de Tecnologia in Mindanao,12152,,Private Non-Sectarian Stock,Private,Bangsamoro Autonomous Region In Muslim Mindanao (BARMM),,,,Maguindanao del Norte,CHED,true
Adiong Memorial Polytechnic State College,15019,,Chartered State College/University (Main),,Bangsamoro Autonomous Region In Muslim Mindanao (BARMM),,,,Lanao del Sur,CHED,true
Al Bangsamoro Shari'ah and Professional Education College,15070,,Private Sectarian Non-Stock,Private,Bangsamoro Autonomous Region In Muslim Mindanao (BARMM),,,,"Marawi City, Lanao del Sur",CHED,true
AMA Computer College-Cotabato City,12098,,Private Non-Sectarian Non-Stock,Private,Bangsamoro Autonomous Region In Muslim Mindanao (BARMM),,,,Maguindanao del Norte,CHED,true
Antonio R. Pacheco College,12097,,Private Non-Sectarian Non-Stock,Private,Bangsamoro Autonomous Region In Muslim Mindanao (BARMM),,,,Maguindanao del Norte,CHED,true
As-Salihein Integrated School Foundation,15071,,Private Non-Sectarian Non-Stock,Private,Bangsamoro Autonomous Region In Muslim Mindanao (BARMM),,,,Lanao del Sur,CHED,true
Asma Khadijah Islamic Academy,15084,,Private Non-Sectarian Non-Stock,Private,Bangsamoro Autonomous Region In Muslim Mindanao (BARMM),,,,Lanao del Sur,CHED,true
Bai Malgen Mama College,15054,,Private Non-Sectarian Stock,Private,Bangsamoro Autonomous Region In Muslim Mindanao (BARMM),,,,Maguindanao del Norte,CHED,true
Balabagan Trade School,15020,,CHED-Supervised Institution,,Bangsamoro Autonomous Region In Muslim Mindanao (BARMM),,,,Lanao del Sur,CHED,true
Basilan State College-Lamitan,09003a,,Chartered State College/University (Satellite Campus),,Bangsamoro Autonomous Region In Muslim Mindanao (BARMM),,,,Basilan,CHED,true
Basilan State College-Maluso,09003b,,Chartered State College/University (Satellite Campus),,Bangsamoro Autonomous Region In Muslim Mindanao (BARMM),,,,Basilan,CHED,true
Basilan State College-Sta. Clara,09003c,,Chartered State College/University (Satellite Campus),,Bangsamoro Autonomous Region In Muslim Mindanao (BARMM),,,,Basilan,CHED,true
Basilan State College-Tipo-Tipo,9078,,Chartered State College/University (Satellite Campus),,Bangsamoro Autonomous Region In Muslim Mindanao (BARMM),,,,Basilan,CHED,true
Binnor Pangandaman Integrated College,15076,,Private Non-Sectarian Non-Stock,Private,Bangsamoro Autonomous Region In Muslim Mindanao (BARMM),,,,Lanao del Sur,CHED,true
Bubong Marzok Memorial Foundation College,12099,,Private Non-Sectarian Stock,Private,Bangsamoro Autonomous Region In Muslim Mindanao (BARMM),,,,Lanao del Sur,CHED,true
Cali Paramedical College Foundation,15038,,Private Non-Sectarian Stock,Private,Bangsamoro Autonomous Region In Muslim Mindanao (BARMM),,,,Lanao del Sur,CHED,true
Coland Systems Technology,12125,,Private Non-Sectarian Non-Stock,Private,Bangsamoro Autonomous Region In Muslim Mindanao (BARMM),,,,Maguindanao del Sur,CHED,true
Colegio de Upi,15077,,Private Non-Sectarian Stock,Private,Bangsamoro Autonomous Region In Muslim Mindanao (BARMM),,,,Maguindanao del Norte,CHED,true
Cotabato Foundation College of Science and Technology-Datu Montawal Campus,12008b,,Chartered State College/University (Satellite Campus),,Bangsamoro Autonomous Region In Muslim Mindanao (BARMM),,,,Maguindanao del Sur,CHED,true
Cotabato State University,12006,,Chartered State College/University (Main),,Bangsamoro Autonomous Region In Muslim Mindanao (BARMM),,,,Maguindanao del Norte,CHED,true
Dansalan Polytechnic College,15031,,Private Non-Sectarian Stock,Private,Bangsamoro Autonomous Region In Muslim Mindanao (BARMM),,,,Lanao del Sur,CHED,true
Datu Blo Umpar Adiong Agricultural School Foundation,15052,,Private Non-Sectarian Stock,Private,Bangsamoro Autonomous Region In Muslim Mindanao (BARMM),,,,Lanao del Sur,CHED,true
Datu Ibrahim Paglas Memorial College,15037,,Private Non-Sectarian Stock,Private,Bangsamoro Autonomous Region In Muslim Mindanao (BARMM),,,,Maguindanao del Norte,CHED,true
Datu Mala Muslim Mindanao Islamic College Foundation,12095,,Private Non-Sectarian Stock,Private,Bangsamoro Autonomous Region In Muslim Mindanao (BARMM),,,,Lanao del Sur,CHED,true
De La Vida College,12011,,Private Non-Sectarian Non-Stock,Private,Bangsamoro Autonomous Region In Muslim Mindanao (BARMM),,,,Maguindanao del Norte,CHED,true
Del Sur Good Shepherd College,15023,,Private Non-Sectarian Stock,Private,Bangsamoro Autonomous Region In Muslim Mindanao (BARMM),,,,Lanao del Sur,CHED,true
Dr. P. Ocampo Colleges,12013,,Private Non-Sectarian Non-Stock,Private,Bangsamoro Autonomous Region In Muslim Mindanao (BARMM),,,,Maguindanao del Sur,CHED,true
Eastern Kutawato College,15055,,Private Non-Sectarian Non-Stock,Private,Bangsamoro Autonomous Region In Muslim Mindanao (BARMM),,,,Maguindanao del Norte,CHED,true
Enthusiastic College,15066,,Private Non-Sectarian Non-Stock,Private,Bangsamoro Autonomous Region In Muslim Mindanao (BARMM),,,,Maguindanao del Norte,CHED,true
Gani L. Abpi College,15001,,Private Non-Sectarian Stock,Private,Bangsamoro Autonomous Region In Muslim Mindanao (BARMM),,,,Maguindanao del Norte,CHED,true
General Diamongun K. Mangondato College of Agriculture and Fisheries,15069,,Private Non-Sectarian Stock,Private,Bangsamoro Autonomous Region In Muslim Mindanao (BARMM),,,,Lanao del Sur,CHED,true
Hadji Datu Saidona Pendatun Foundation College,15068,,Private Non-Sectarian Stock,Private,Bangsamoro Autonomous Region In Muslim Mindanao (BARMM),,,,Maguindanao del Norte,CHED,true
Hardam Furigay Colleges Foundation,15058,,Private Non-Sectarian Stock,Private,Bangsamoro Autonomous Region In Muslim Mindanao (BARMM),,,,Basilan,CHED,true
Headstart College of Cotabato,12016,,Private Non-Sectarian Non-Stock,Private,Bangsamoro Autonomous Region In Muslim Mindanao (BARMM),,,,Maguindanao del Norte,CHED,true
Illana Bay Integrated Computer College,15061,,Private Non-Sectarian Non-Stock,Private,Bangsamoro Autonomous Region In Muslim Mindanao (BARMM),,,,Maguindanao del Norte,CHED,true
Iqra Development Academy,15083,,Private Non-Sectarian Non-Stock,Private,Bangsamoro Autonomous Region In Muslim Mindanao (BARMM),,,,Lanao del Sur,CHED,true
Iranun Foundation College,15063,,Private Sectarian Non-Stock,Private,Bangsamoro Autonomous Region In Muslim Mindanao (BARMM),,,,Lanao del Sur,CHED,true
Jamiat Cotabato and Institute of Technology,12154,,Private Non-Sectarian Stock,Private,Bangsamoro Autonomous Region In Muslim Mindanao (BARMM),,,,Maguindanao del Sur,CHED,true
Jamiatu Dansalan Al-Islamia Foundation,15073,,Private Sectarian Non-Stock,Private,Bangsamoro Autonomous Region In Muslim Mindanao (BARMM),,,,Lanao del Sur,CHED,true
Jamiatu Marawi Al-Islamia Foundation,12021,,Private Non-Sectarian Non-Stock,Private,Bangsamoro Autonomous Region In Muslim Mindanao (BARMM),,,,Lanao del Sur,CHED,true
Jamiatu Muslim Mindanao,12022,,Private Sectarian Non-Stock,Private,Bangsamoro Autonomous Region In Muslim Mindanao (BARMM),,,,Lanao del Sur,CHED,true
Jamiatul Philippine Al-Islamia,12023,,Private Non-Sectarian Stock,Private,Bangsamoro Autonomous Region In Muslim Mindanao (BARMM),,,,Lanao del Sur,CHED,true
Khadijah Mohammad Islamic Academy,15062,,Private Sectarian Stock,Private,Bangsamoro Autonomous Region In Muslim Mindanao (BARMM),,,,Lanao del Sur,CHED,true
Kutawato Darrusalam College,12107,,Private Non-Sectarian Non-Stock,Private,Bangsamoro Autonomous Region In Muslim Mindanao (BARMM),,,,Maguindanao del Norte,CHED,true
Lake Lanao College,15049,,Private Non-Sectarian Stock,Private,Bangsamoro Autonomous Region In Muslim Mindanao (BARMM),,,,Lanao del Sur,CHED,true
Lamitan Technical Institute,15078,,Private Non-Sectarian Stock,Private,Bangsamoro Autonomous Region In Muslim Mindanao (BARMM),,,,Basilan,CHED,true
Lanao Agricultural College,15004,,CHED-Supervised Institution,,Bangsamoro Autonomous Region In Muslim Mindanao (BARMM),,,,Lanao del Sur,CHED,true
Lanao Central College,15064,,Private Non-Sectarian Stock,Private,Bangsamoro Autonomous Region In Muslim Mindanao (BARMM),,,,Lanao del Sur,CHED,true
Lanao Educational Institute,15028,,Private Non-Sectarian Stock,Private,Bangsamoro Autonomous Region In Muslim Mindanao (BARMM),,,,Lanao del Sur,CHED,true
Lanao Islamic Paramedical College Foundation,15047,,Private Non-Sectarian Stock,Private,Bangsamoro Autonomous Region In Muslim Mindanao (BARMM),,,,Lanao del Sur,CHED,true
Mahardika Institute of Technology,15029,,Private Non-Sectarian Non-Stock,Private,Bangsamoro Autonomous Region In Muslim Mindanao (BARMM),,,,Tawi-Tawi,CHED,true
Mapandi Memorial College,12034,,Private Non-Sectarian Stock,Private,Bangsamoro Autonomous Region In Muslim Mindanao (BARMM),,,,Lanao del Sur,CHED,true
Maranao Islamic Institute - Ma'Had Maranao Al-Islamie,15075,,Private Sectarian Non-Stock,Private,Bangsamoro Autonomous Region In Muslim Mindanao (BARMM),,,,"Tamparan, Lanao del Sur",CHED,true
Marawi Capitol College Foundation,12035,,Private Non-Sectarian Stock,Private,Bangsamoro Autonomous Region In Muslim Mindanao (BARMM),,,,Lanao del Sur,CHED,true
Marawi Islamic College,15040,,Private Non-Sectarian Stock,Private,Bangsamoro Autonomous Region In Muslim Mindanao (BARMM),,,,Lanao del Sur,CHED,true
Mariam School of Nursing,15044,,Private Non-Sectarian Non-Stock,Private,Bangsamoro Autonomous Region In Muslim Mindanao (BARMM),,,,Basilan,CHED,true
Masiricampo Abantas Memorial Educational Center,15039,,Private Non-Sectarian Non-Stock,Private,Bangsamoro Autonomous Region In Muslim Mindanao (BARMM),,,,Lanao del Sur,CHED,true
Mindanao Autonomous College Foundation,15035,,Private Non-Sectarian Stock,Private,Bangsamoro Autonomous Region In Muslim Mindanao (BARMM),,,,Basilan,CHED,true
Mindanao Autonomous College Foundation-Maluso,15072,,Private Non-Sectarian Stock,Private,Bangsamoro Autonomous Region In Muslim Mindanao (BARMM),,,,Basilan,CHED,true
Mindanao Capitol College,12037,,Private Non-Sectarian Stock,Private,Bangsamoro Autonomous Region In Muslim Mindanao (BARMM),,,,Maguindanao del Norte,CHED,true
Mindanao Institute of Healthcare Professionals,15057,,Private Non-Sectarian Stock,Private,Bangsamoro Autonomous Region In Muslim Mindanao (BARMM),,,,Lanao del Sur,CHED,true
Mindanao Islamic Computer College,12087,,Private Non-Sectarian Stock,Private,Bangsamoro Autonomous Region In Muslim Mindanao (BARMM),,,,Lanao del Sur,CHED,true
Mindanao State University-Lanao National College of Arts and Trades,12030,,Chartered State College/University (Satellite Campus),,Bangsamoro Autonomous Region In Muslim Mindanao (BARMM),,,,"Marawi City, Lanao del Sur",CHED,true
Mindanao State University-Maguindanao,15006,,Chartered State College/University (Satellite Campus),,Bangsamoro Autonomous Region In Muslim Mindanao (BARMM),,,,Maguindanao del Norte,CHED,true
Mindanao State University-Main Campus Marawi City,12040,,Chartered State College/University (Main),,Bangsamoro Autonomous Region In Muslim Mindanao (BARMM),,,,Lanao del Sur,CHED,true
Mindanao State University-Tawi-Tawi College of Technology and Oceanography,15008,,Chartered State College/University (Satellite Campus),,Bangsamoro Autonomous Region In Muslim Mindanao (BARMM),,,,Tawi-Tawi,CHED,true
Mindanaoan Integrated Academy,15079,,Private Non-Sectarian Non-Stock,Private,Bangsamoro Autonomous Region In Muslim Mindanao (BARMM),,,,Lanao del Sur,CHED,true
Muslim Mindanao Integrated College Academy,15074,,Private Non-Sectarian Stock,Private,Bangsamoro Autonomous Region In Muslim Mindanao (BARMM),,,,Lanao del Sur,CHED,true
Notre Dame Center For Catechesis,12047,,Private Sectarian Non-Stock,Private,Bangsamoro Autonomous Region In Muslim Mindanao (BARMM),,,,Maguindanao del Norte,CHED,true
Notre Dame Hospital and School of Midwifery,12048,,Private Non-Sectarian Stock,Private,Bangsamoro Autonomous Region In Muslim Mindanao (BARMM),,,,Maguindanao del Norte,CHED,true
Notre Dame RVM College of Cotabato,12111,,Private Sectarian Non-Stock,Private,Bangsamoro Autonomous Region In Muslim Mindanao (BARMM),,,,Maguindanao del Sur,CHED,true
Notre Dame University,12053,,Private Sectarian Non-Stock,Private,Bangsamoro Autonomous Region In Muslim Mindanao (BARMM),,,,Maguindanao del Norte,CHED,true
Pacasum College,12055,,Private Non-Sectarian Stock,Private,Bangsamoro Autonomous Region In Muslim Mindanao (BARMM),,,,Lanao del Sur,CHED,true
Parang Foundation College,15010,,Private Non-Sectarian Stock,Private,Bangsamoro Autonomous Region In Muslim Mindanao (BARMM),,,,Maguindanao del Norte,CHED,true
Philippine Engineering and Agro-Industrial College,15060,,Private Non-Sectarian Stock,Private,Bangsamoro Autonomous Region In Muslim Mindanao (BARMM),,,,Lanao del Sur,CHED,true
Philippine Last Frontier College,15082,,Private Non-Sectarian Non-Stock,Private,Bangsamoro Autonomous Region In Muslim Mindanao (BARMM),,,,Tawi-Tawi,CHED,true
Philippine Muslim Teachers' College,15032,,Private Non-Sectarian Stock,Private,Bangsamoro Autonomous Region In Muslim Mindanao (BARMM),,,,"Marawi City, Lanao del Sur",CHED,true
RC-Al Khwarizmi International College Foundation,15056,,Private Non-Sectarian Stock,Private,Bangsamoro Autonomous Region In Muslim Mindanao (BARMM),,,,Lanao del Sur,CHED,true
Regional Madrasah Graduate Academy,15048,,Local Government College/University,,Bangsamoro Autonomous Region In Muslim Mindanao (BARMM),,,,Maguindanao del Norte,CHED,true
Saffrullah M. Dipatuan Foundation Academy,15041,,Private Non-Sectarian Stock,Private,Bangsamoro Autonomous Region In Muslim Mindanao (BARMM),,,,Lanao del Sur,CHED,true
SAL Foundation College,15033,,Private Non-Sectarian Stock,Private,Bangsamoro Autonomous Region In Muslim Mindanao (BARMM),,,,Maguindanao del Norte,CHED,true
Senator Ninoy Aquino College Foundation-Marawi,12102,,Private Non-Sectarian Stock,Private,Bangsamoro Autonomous Region In Muslim Mindanao (BARMM),,,,Lanao del Sur,CHED,true
Shariff Kabunsuan College,12065,,Private Non-Sectarian Non-Stock,Private,Bangsamoro Autonomous Region In Muslim Mindanao (BARMM),,,,Maguindanao del Norte,CHED,true
Shariff Kabunsuan College (Annex),15011,,Private Non-Sectarian Non-Stock,Private,Bangsamoro Autonomous Region In Muslim Mindanao (BARMM),,,,Maguindanao del Norte,CHED,true
South Upi College,15042,,Private Non-Sectarian Stock,Private,Bangsamoro Autonomous Region In Muslim Mindanao (BARMM),,,,Maguindanao del Norte,CHED,true
SPA College,15036,,Private Non-Sectarian Stock,Private,Bangsamoro Autonomous Region In Muslim Mindanao (BARMM),,,,"Datu Piang, Maguindanao del Sur",CHED,true
St. Benedict College of Cotabato,12059,,Private Non-Sectarian Non-Stock,Private,Bangsamoro Autonomous Region In Muslim Mindanao (BARMM),,,,"Cotabato City, Maguindanao del Norte",CHED,true
St. Benedict College of Maguindanao,15043,,Private Non-Sectarian Non-Stock,Private,Bangsamoro Autonomous Region In Muslim Mindanao (BARMM),,,,Maguindanao del Norte,CHED,true
STI College-Cotabato,12089,,Private Non-Sectarian Stock,Private,Bangsamoro Autonomous Region In Muslim Mindanao (BARMM),,,,Maguindanao del Norte,CHED,true
Sultan Kudarat Islamic Academy Foundation College,15012,,Private Non-Sectarian Non-Stock,Private,Bangsamoro Autonomous Region In Muslim Mindanao (BARMM),,,,Maguindanao del Norte,CHED,true
Tamparan Populace Islamic College,15081,,Private Non-Sectarian Non-Stock,Private,Bangsamoro Autonomous Region In Muslim Mindanao (BARMM),,,,Lanao del Sur,CHED,true
Tawi-Tawi Regional Agricultural College,15014,,Chartered State College/University (Main),,Bangsamoro Autonomous Region In Muslim Mindanao (BARMM),,,,Tawi-Tawi,CHED,true
Tawi-Tawi Regional Agricultural College - Languyan,15014b,,Chartered State College/University (Satellite Campus),,Bangsamoro Autonomous Region In Muslim Mindanao (BARMM),,,,Tawi-Tawi,CHED,true
Tawi-Tawi Regional Agricultural College - Sibutu,15014d,,Chartered State College/University (Satellite Campus),,Bangsamoro Autonomous Region In Muslim Mindanao (BARMM),,,,Tawi-Tawi,CHED,true
Tawi-Tawi Regional Agricultural College - Tarawakan,15014a,,Chartered State College/University (Satellite Campus),,Bangsamoro Autonomous Region In Muslim Mindanao (BARMM),,,,Tawi-Tawi,CHED,true
Tawi-Tawi Regional Agricultural College-Simunul,15014c,,Chartered State College/University (Satellite Campus),,Bangsamoro Autonomous Region In Muslim Mindanao (BARMM),,,,Tawi-Tawi,CHED,true
Tawi-Tawi School of Midwifery,15026,,Private Non-Sectarian Stock,Private,Bangsamoro Autonomous Region In Muslim Mindanao (BARMM),,,,Tawi-Tawi,CHED,true
Unda Memorial National Agricultural School,15015,,CHED-Supervised Institution,,Bangsamoro Autonomous Region In Muslim Mindanao (BARMM),,,,Lanao del Sur,CHED,true
Universal College Foundation of Southeast Asia and the Pacific,15080,,Private Non-Sectarian Non-Stock,Private,Bangsamoro Autonomous Region In Muslim Mindanao (BARMM),,,,Basilan,CHED,true
University of Southern Mindanao - Buluan,15059,,Chartered State College/University (Satellite Campus),,Bangsamoro Autonomous Region In Muslim Mindanao (BARMM),,,,Maguindanao del Norte,CHED,true
Upi Agricultural School-Provincial Technical Institute of Agriculture,15017,,CHED-Supervised Institution,,Bangsamoro Autonomous Region In Muslim Mindanao (BARMM),,,,Maguindanao del Norte,CHED,true
Wisdom International School for Higher Education Studies,15050,,Private Non-Sectarian Stock,Private,Bangsamoro Autonomous Region In Muslim Mindanao (BARMM),,,,Lanao del Sur,CHED,true
Abra State Institute of Science and Technology - Bangued,14001,,Chartered State College/University (Satellite Campus),,Cordillera Administrative Region (CAR),,,,"Santiago Street Zone 3, Bangued, Abra",CHED,true
Abra State Institute of Science and Technology - Main,14002,,Chartered State College/University (Main),,Cordillera Administrative Region (CAR),,,,"Langangilang, Lagangilang, Abra",CHED,true
Abra Valley Colleges,14003,,Private Non-Sectarian Non-Stock,Private,Cordillera Administrative Region (CAR),,,,"Mc. Kinley Street, Corner Taft St., Bangued, Abra",CHED,true
AMA Computer College - Baguio,14040,,Private Non-Sectarian Non-Stock,Private,Cordillera Administrative Region (CAR),,,,"Aspiras Palispis Highway, Baguio City, Benguet",CHED,true
Apayao State College - Luna,14031,,Chartered State College/University (Satellite Campus),,Cordillera Administrative Region (CAR),,,,"San Isidro Sur, Luna, Apayao",CHED,true
Apayao State College - Main,14004,,Chartered State College/University (Main),,Cordillera Administrative Region (CAR),,,,"Malama, Conner, Apayao",CHED,true
Baguio Benguet Christian Colleges Metro Baguio Inc.,00014038,,Private Sectarian Non-Stock,Private,Cordillera Administrative Region (CAR),,,,"Tuba, Benguet",CHED,true
Baguio Central University,14005,,Private Non-Sectarian Non-Stock,Private,Cordillera Administrative Region (CAR),,,,"Bonifacio, Baguio City, Benguet",CHED,true
Baguio Christian Mission International College,14049,,Private Non-Sectarian Non-Stock,Private,Cordillera Administrative Region (CAR),,,,"Baguio City, Benguet",CHED,true
Baguio City Academy Colleges,14056,,Private Non-Sectarian Non-Stock,Private,Cordillera Administrative Region (CAR),,,,"Baguio City, Benguet",CHED,true
Baguio College of Technology,14036,,Private Non-Sectarian Non-Stock,Private,Cordillera Administrative Region (CAR),,,,"#37 Harrison Road, Baguio City, Benguet",CHED,true
Baguio Cornerstone Mediary International College,14049,,Private Non-Sectarian Non-Stock,Private,Cordillera Administrative Region (CAR),,,,"Baguio City, Benguet",CHED,true
Benguet State University - Bokod,14007,,Chartered State College/University (Satellite Campus),,Cordillera Administrative Region (CAR),,,,"Bokod, Benguet",CHED,true
Benguet State University - Buguias,14009,,Chartered State College/University (Satellite Campus),,Cordillera Administrative Region (CAR),,,,"Loo, Buguias, Benguet",CHED,true
Benguet State University - Main,14008,,Chartered State College/University (Main),,Cordillera Administrative Region (CAR),,,,"Km.5, Balili, La Trinidad , Benguet",CHED,true
Benguet State University - Open University,14008a,,Chartered State College/University (Satellite Campus),,Cordillera Administrative Region (CAR),,,,"Km.5, Balili, La Trinidad , Benguet",CHED,true
BSBT College,14053,,Private Non-Sectarian Stock,Private,Cordillera Administrative Region (CAR),,,,"#434 Magsaysay Avenue, Baguio City, Benguet",CHED,true
BVS Colleges,14037,,Private Non-Sectarian Non-Stock,Private,Cordillera Administrative Region (CAR),,,,"KM5, La Trinidad , Benguet",CHED,true
Casiciaco Recoletos Seminary,14024,,Private Sectarian Non-Stock,Private,Cordillera Administrative Region (CAR),,,,"#48 Naguilian Road, Baguio City, Benguet",CHED,true
Cordillera A+ Computer Technology College,14039,,Private Non-Sectarian Non-Stock,Private,Cordillera Administrative Region (CAR),,,,"Quezon, Tabuk City, Kalinga",CHED,true
Cordillera Career Development College,14010,,Private Non-Sectarian Non-Stock,Private,Cordillera Administrative Region (CAR),,,,"Buyagan, Poblacion, La Trinidad , Benguet",CHED,true
Data Center College of the Philippines - Baguio City,14045,,Private Non-Sectarian Non-Stock,Private,Cordillera Administrative Region (CAR),,,,"Bonifacio, Baguio City, Benguet",CHED,true
Data Center College of the Philippines - Bangued,14042,,Private Non-Sectarian Non-Stock,Private,Cordillera Administrative Region (CAR),,,,"Ubbog Lipcan, Agtangao, Bangued, Abra",CHED,true
Divine Word College of Bangued,14011,,Private Sectarian Non-Stock,Private,Cordillera Administrative Region (CAR),,,,"Rizal, Bangued, Abra",CHED,true
"Easter College, Inc.",14028,,Private Non-Sectarian Non-Stock,Private,Cordillera Administrative Region (CAR),,,,"Easter Road, Central Guisad, Baguio City, Benguet",CHED,true
Ifugao State University - Aguinaldo,14066,,Chartered State College/University (Satellite Campus),,Cordillera Administrative Region (CAR),,,,"Nayon, Lamut, Ifugao",CHED,true
Ifugao State University - Hapao,14065,,Chartered State College/University (Satellite Campus),,Cordillera Administrative Region (CAR),,,,"Nayon, Lamut, Ifugao",CHED,true
Ifugao State University - Lagawe Campus,14012,,Chartered State College/University (Satellite Campus),,Cordillera Administrative Region (CAR),,,,"Nayon, Lagawe , Ifugao",CHED,true
Ifugao State University - Main,14013,,Chartered State College/University (Main),,Cordillera Administrative Region (CAR),,,,"Nayon, Lamut, Ifugao",CHED,true
Ifugao State University - Potia,14014,,Chartered State College/University (Satellite Campus),,Cordillera Administrative Region (CAR),,,,"Nayon, Alfonso Lista, Ifugao",CHED,true
Ifugao State University - Tinoc,14034,,Chartered State College/University (Satellite Campus),,Cordillera Administrative Region (CAR),,,,"Nayon, Tinoc, Ifugao",CHED,true
International School of Asia and the Pacific,14062,,Private Non-Sectarian Non-Stock,Private,Cordillera Administrative Region (CAR),,,,"Bulanao Norte, Tabuk City, Kalinga",CHED,true
Kalinga Colleges of Science and Technology,14043,,Private Non-Sectarian Non-Stock,Private,Cordillera Administrative Region (CAR),,,,"Purok 5 Provincial Road, Tabuk City, Kalinga",CHED,true
Kalinga State University - Dagupan,14029,,Chartered State College/University (Satellite Campus),,Cordillera Administrative Region (CAR),,,,"Quezon Street Dagupan Weste, Tabuk City, Kalinga",CHED,true
Kalinga State University - Main,14015,,Chartered State College/University (Main),,Cordillera Administrative Region (CAR),,,,"Purok 6, Bulanao, Tabuk City, Kalinga",CHED,true
Kalinga State University - Rizal,14058,,Chartered State College/University (Satellite Campus),,Cordillera Administrative Region (CAR),,,,"Bagbag, Bulbol, Rizal, Kalinga",CHED,true
Keystone College,14032,,Private Non-Sectarian Non-Stock,Private,Cordillera Administrative Region (CAR),,,,"#13 Marcos Highway, Bakakeng Central, Baguio City, Benguet",CHED,true
King's College of the Philippines,14050,,Private Non-Sectarian Non-Stock,Private,Cordillera Administrative Region (CAR),,,,"Pico Road, Pico, La Trinidad , Benguet",CHED,true
Mountain Province State University - Main,14017,,Chartered State College/University (Main),,Cordillera Administrative Region (CAR),,,,"Poblacion, Bontoc , Mountain Province",CHED,true
Mountain Province State University - Tadian,14019,,Chartered State College/University (Satellite Campus),,Cordillera Administrative Region (CAR),,,,"Poblacion, Tadian, Mountain Province",CHED,true
National University - Baguio (Colegio Nacional),00014052,,Private Non-Sectarian Non-Stock,Private,Cordillera Administrative Region (CAR),,,,"Baguio City, Benguet",CHED,true
Philippine Baptist Theological Seminary,14070,,Private Sectarian Non-Stock,Private,Cordillera Administrative Region (CAR),,,,"Tacay Rd., Guisad Central, Baguio City, Benguet",CHED,true
Philippine College of Ministry,14063,,Private Sectarian Non-Stock,Private,Cordillera Administrative Region (CAR),,,,"Lamtang, Puguis, La Trinidad , Benguet",CHED,true
Philippine Military Academy,14030,,Chartered State College/University (Main),,Cordillera Administrative Region (CAR),,,,"Baguio City, Benguet",CHED,true
Philippine Nazarene College,14016,,Private Sectarian Non-Stock,Private,Cordillera Administrative Region (CAR),,,,"Pico, Pico, La Trinidad , Benguet",CHED,true
Philippines Women's University - Baguio City,14047,,Private Non-Sectarian Non-Stock,Private,Cordillera Administrative Region (CAR),,,,"Baguio City, Benguet",CHED,true
Pines City Colleges,14020,,Private Non-Sectarian Non-Stock,Private,Cordillera Administrative Region (CAR),,,,"Magsaysay Avenue, Baguio City, Benguet",CHED,true
Remnant International College,14059,,Private Non-Sectarian Non-Stock,Private,Cordillera Administrative Region (CAR),,,,"Parisas Street, Baguio City, Benguet",CHED,true
Saint Louis College of Bulanao,14021,,Private Sectarian Non-Stock,Private,Cordillera Administrative Region (CAR),,,,"Purok 6, Bulanao, Tabuk City, Kalinga",CHED,true
Saint Louis University,14022,,Private Sectarian Non-Stock,Private,Cordillera Administrative Region (CAR),,,,"A Bonifacio Street, Baguio City, Benguet",CHED,true
Saint Tonis College,14051,,Private Sectarian Non-Stock,Private,Cordillera Administrative Region (CAR),,,,"Purok 4, Bulanao, Tabuk City, Kalinga",CHED,true
San Pablo Major Seminary,14023,,Private Sectarian Non-Stock,Private,Cordillera Administrative Region (CAR),,,,"#20 Crystal Cave Central Bakakeng, Baguio City, Benguet",CHED,true
SILOAM College,14049,,Private Non-Sectarian Non-Stock,Private,Cordillera Administrative Region (CAR),,,,"Tacay Road, Pinsao Proper, Baguio City, Benguet",CHED,true
Star Colleges,14068,,Private Non-Sectarian Non-Stock,Private,Cordillera Administrative Region (CAR),,,,"JC 156, Pico, La Trinidad , Benguet",CHED,true
STI College - Baguio,14035,,Private Non-Sectarian Stock,Private,Cordillera Administrative Region (CAR),,,,"Private Road, Baguio City, Benguet",CHED,true
Theological Foundation for Asia,14067,,Private Sectarian Non-Stock,Private,Cordillera Administrative Region (CAR),,,,"#444 Ambuclao Road, Mines View, Baguio City, Benguet",CHED,true
University of Baguio,14026,,Private Non-Sectarian Non-Stock,Private,Cordillera Administrative Region (CAR),,,,"General Luna Road, Baguio City, Benguet",CHED,true
University of the Cordilleras,14006,,Private Non-Sectarian Non-Stock,Private,Cordillera Administrative Region (CAR),,,,"Corner Governor Pack Road, Baguio City, Benguet",CHED,true
University of the Philippines - Baguio,14027,,Chartered State College/University (Satellite Campus),,Cordillera Administrative Region (CAR),,,,"Governor Pack Road, Baguio City, Benguet",CHED,true
Xijen College of Mt. Province,14054,,Private Non-Sectarian Non-Stock,Private,Cordillera Administrative Region (CAR),,,,"117 Calutitt, Bontoc , Mountain Province",CHED,true
Abada College,4001,,Private Non-Sectarian Stock,Private,MIMAROPA Region,,,,"Pinamalayan, Oriental Mindoro",CHED,true
ACLC College of Calapan,17007,,Private Non-Sectarian Non-Stock,Private,MIMAROPA Region,,,,"Calapan City, Oriental Mindoro",CHED,true
Ark of the Covenant Montessori Chamber of Learning College,4283,,Private Non-Sectarian Non-Stock,Private,MIMAROPA Region,,,,"Victoria, Oriental Mindoro",CHED,true
Baco Community College,17018,,Local Government College/University,,MIMAROPA Region,,,,"Baco, Oriental Mindoro",CHED,true
City College of Calapan,17010,,Local Government College/University,,MIMAROPA Region,,,,"Calapan City, Oriental Mindoro",CHED,true
Clarendon College,4266,,Private Non-Sectarian Non-Stock,Private,MIMAROPA Region,,,,"Roxas, Oriental Mindoro",CHED,true
Colegio De Naujan,NEW,,Local Government College/University,,MIMAROPA Region,,,,"Naujan, Oriental Mindoro",CHED,true
Colegio de Puerto Galera,17025,,Local Government College/University,,MIMAROPA Region,,,,"Puerto Galera, Oriental Mindoro",CHED,true
Colegio De San Sebastian-Sablayan,4016,,Private Sectarian Non-Stock,Private,MIMAROPA Region,,,,"Sablayan, Occidental Mindoro",CHED,true
Divine Word College of Calapan,4021,,Private Sectarian Non-Stock,Private,MIMAROPA Region,,,,"Calapan City, Oriental Mindoro",CHED,true
Divine Word College of San Jose,4022,,Private Sectarian Non-Stock,Private,MIMAROPA Region,,,,"San Jose, Occidental Mindoro",CHED,true
Eastern Mindoro College,4029,,Private Non-Sectarian Stock,Private,MIMAROPA Region,,,,"Bongabong, Oriental Mindoro",CHED,true
Educational Systems Technological Institute,4140,,Private Non-Sectarian Non-Stock,Private,MIMAROPA Region,,,,"Boac , Marinduque",CHED,true
EMA EMITS College Philippines,4030,,Private Non-Sectarian Non-Stock,Private,MIMAROPA Region,,,,"Pinamalayan, Oriental Mindoro",CHED,true
Erhard Science and Technological Institute-Oriental Mindoro,17019,,Private Non-Sectarian Non-Stock,Private,MIMAROPA Region,,,,"Gloria, Oriental Mindoro",CHED,true
Erhard Systems Technological Institute,17003,,Private Non-Sectarian Non-Stock,Private,MIMAROPA Region,,,,"Odiongan, Romblon",CHED,true
Fullbright College,4168,,Private Non-Sectarian Stock,Private,MIMAROPA Region,,,,"Puerto Princesa City, Palawan",CHED,true
Grace Mission College,4034,,Private Non-Sectarian Stock,Private,MIMAROPA Region,,,,"Alag, Socorro, Oriental Mindoro",CHED,true
Holy Trinity University,4037,,Private Sectarian Non-Stock,Private,MIMAROPA Region,,,,"Puerto Princesa City, Palawan",CHED,true
Innovative College of Science and Technology,04331b,,Private Non-Sectarian Non-Stock,Private,MIMAROPA Region,,,,"Bongabong, Oriental Mindoro",CHED,true
Institute of Business Science and Medical Arts,17004,,Private Non-Sectarian Stock,Private,MIMAROPA Region,,,,"Pinamalayan, Oriental Mindoro",CHED,true
John Paul College,4202,,Private Non-Sectarian Stock,Private,MIMAROPA Region,,,,"Roxas, Oriental Mindoro",CHED,true
Luna Goco Colleges-Calapan,4053,,Private Non-Sectarian Non-Stock,Private,MIMAROPA Region,,,,"Calapan City, Oriental Mindoro",CHED,true
Malindig Institute Foundation,17020,,Private Non-Sectarian Stock,Private,MIMAROPA Region,,,,"Boac , Marinduque",CHED,true
Marinduque Midwest College,4174,,Private Non-Sectarian Non-Stock,Private,MIMAROPA Region,,,,"Gasan, Marinduque",CHED,true
Marinduque State University-Gasan Campus,4203,,Chartered State College/University (Satellite Campus),,MIMAROPA Region,,,,"Gasan, Marinduque",CHED,true
Marinduque State University-Main Campus,4058,,Chartered State College/University (Main),,MIMAROPA Region,,,,"Boac , Marinduque",CHED,true
Marinduque State University-Sta. Cruz Campus,4204,,Chartered State College/University (Satellite Campus),,MIMAROPA Region,,,,"Santa Cruz, Marinduque",CHED,true
Marinduque State University-Torrijos Campus,4063,,Chartered State College/University (Satellite Campus),,MIMAROPA Region,,,,"Torrijos, Marinduque",CHED,true
Mina de Oro Institute of Science and Technology,4273,,Private Non-Sectarian Non-Stock,Private,MIMAROPA Region,,,,"Victoria, Oriental Mindoro",CHED,true
Mindoro State University-Bongabong Campus,4178,,Chartered State College/University (Satellite Campus),,MIMAROPA Region,,,,"Bongabong, Oriental Mindoro",CHED,true
Mindoro State University-Calapan City Campus,4163,,Chartered State College/University (Satellite Campus),,MIMAROPA Region,,,,"Calapan City, Oriental Mindoro",CHED,true
Mindoro State University-Main Campus,4060,,Chartered State College/University (Main),,MIMAROPA Region,,,,"Victoria, Oriental Mindoro",CHED,true
Occidental Mindoro State College,4069,,Chartered State College/University (Main),,MIMAROPA Region,,,,"San Jose, Occidental Mindoro",CHED,true
Occidental Mindoro State College-Labangan Campus,4142,,Chartered State College/University (Satellite Campus),,MIMAROPA Region,,,,"San Jose, Occidental Mindoro",CHED,true
Occidental Mindoro State College-Lubang Campus,17022,,Chartered State College/University (Satellite Campus),,MIMAROPA Region,,,,"Lubang, Occidental Mindoro",CHED,true
Occidental Mindoro State College-Mamburao,04179a,,Chartered State College/University (Satellite Campus),,MIMAROPA Region,,,,"Mamburao , Occidental Mindoro",CHED,true
Occidental Mindoro State College-Murtha Campus,4179,,Chartered State College/University (Satellite Campus),,MIMAROPA Region,,,,Occidental Mindoro,CHED,true
Occidental Mindoro State College-Sablayan Campus,04179b,,Chartered State College/University (Satellite Campus),,MIMAROPA Region,,,,"Sablayan, Occidental Mindoro",CHED,true
Palawan Polytechnic College Inc.,4074,,Private Non-Sectarian Stock,Private,MIMAROPA Region,,,,"Puerto Princesa City, Palawan",CHED,true
Palawan State University,4075,,Chartered State College/University (Main),,MIMAROPA Region,,,,"Puerto Princesa City, Palawan",CHED,true
Palawan State University- Balabac,04075c,,Chartered State College/University (Satellite Campus),,MIMAROPA Region,,,,"Balabac, Palawan",CHED,true
Palawan State University- Brooke's Point,4207,,Chartered State College/University (Satellite Campus),,MIMAROPA Region,,,,"Brooke'S Point, Palawan",CHED,true
Palawan State University-Araceli,4206,,Chartered State College/University (Satellite Campus),,MIMAROPA Region,,,,"Araceli, Palawan",CHED,true
Palawan State University-Bataraza,04075d,,Chartered State College/University (Satellite Campus),,MIMAROPA Region,,,,"Bataraza, Palawan",CHED,true
Palawan State University-Coron,4208,,Chartered State College/University (Satellite Campus),,MIMAROPA Region,,,,"Coron, Palawan",CHED,true
Palawan State University-Cuyo,4209,,Chartered State College/University (Satellite Campus),,MIMAROPA Region,,,,"Cuyo, Palawan",CHED,true
Palawan State University-Dumaran,04075b,,Chartered State College/University (Satellite Campus),,MIMAROPA Region,,,,"Dumaran, Palawan",CHED,true
Palawan State University-Linapacan,17011,,Chartered State College/University (Satellite Campus),,MIMAROPA Region,,,,"Linapacan, Palawan",CHED,true
Palawan State University-Narra,04075a,,Chartered State College/University (Satellite Campus),,MIMAROPA Region,,,,"Narra, Palawan",CHED,true
"Palawan State University-New Ibajay, El Nido",4243,,Chartered State College/University (Satellite Campus),,MIMAROPA Region,,,,"El Nido, Palawan",CHED,true
Palawan State University-Quezon,4210,,Chartered State College/University (Satellite Campus),,MIMAROPA Region,,,,"Quezon, Palawan",CHED,true
Palawan State University-Rizal,4259,,Chartered State College/University (Satellite Campus),,MIMAROPA Region,,,,"Rizal, Palawan",CHED,true
Palawan State University-Roxas,4211,,Chartered State College/University (Satellite Campus),,MIMAROPA Region,,,,"Roxas, Palawan",CHED,true
"Palawan State University-San Rafael, Puerto Princesa City",17012,,Chartered State College/University (Satellite Campus),,MIMAROPA Region,,,,"Puerto Princesa City, Palawan",CHED,true
Palawan State University-San Vicente,17016,,Chartered State College/University (Satellite Campus),,MIMAROPA Region,,,,"San Vicente, Palawan",CHED,true
Palawan State University-Sofronio Española,04075e,,Chartered State College/University (Satellite Campus),,MIMAROPA Region,,,,"Sofronio Española, Palawan",CHED,true
Palawan State University-Taytay,4212,,Chartered State College/University (Satellite Campus),,MIMAROPA Region,,,,"Taytay, Palawan",CHED,true
Palawan Technological College,4302,,Private Non-Sectarian Non-Stock,Private,MIMAROPA Region,,,,"Puerto Princesa City, Palawan",CHED,true
"Paradigm Colleges of Science and Technology, Inc.",17002,,Private Non-Sectarian Stock,Private,MIMAROPA Region,,,,"Roxas, Oriental Mindoro",CHED,true
Philippine Central Islands College Foundation,17006,,Private Non-Sectarian Non-Stock,Private,MIMAROPA Region,,,,"San Jose, Occidental Mindoro",CHED,true
"Pinamalayan Maritime Foundation and Technological College, Inc.",17008,,Private Non-Sectarian Non-Stock,Private,MIMAROPA Region,,,,"Pinamalayan, Oriental Mindoro",CHED,true
Pola Community College,17023,,Local Government College/University,,MIMAROPA Region,,,,"Pola, Oriental Mindoro",CHED,true
Polytechnic University of the Philippines-Bansud Campus,13155m,,Chartered State College/University (Satellite Campus),,MIMAROPA Region,,,,"Bansud, Oriental Mindoro",CHED,true
Polytechnic University of the Philippines-Sablayan Campus,13155o,,Chartered State College/University (Satellite Campus),,MIMAROPA Region,,,,"Sablayan, Occidental Mindoro",CHED,true
Prince of Peace College Inc.,4193,,Private Non-Sectarian Non-Stock,Private,MIMAROPA Region,,,,"Puerto Galera, Oriental Mindoro",CHED,true
Romblon State University-Cajidiocan Campus,4216,,Chartered State College/University (Satellite Campus),,MIMAROPA Region,,,,"Cajidiocan, Romblon",CHED,true
Romblon State University-Calatrava Campus,4213,,Chartered State College/University (Satellite Campus),,MIMAROPA Region,,,,"Calatrava, Romblon",CHED,true
Romblon State University-Main,4094,,Chartered State College/University (Main),,MIMAROPA Region,,,,"Odiongan, Romblon",CHED,true
Romblon State University-Romblon Campus,04219a,,Chartered State College/University (Satellite Campus),,MIMAROPA Region,,,,"Romblon , Romblon",CHED,true
Romblon State University-San Agustin Campus,4215,,Chartered State College/University (Satellite Campus),,MIMAROPA Region,,,,"San Agustin, Romblon",CHED,true
Romblon State University-San Andres Campus,4093,,Chartered State College/University (Satellite Campus),,MIMAROPA Region,,,,"San Andres, Romblon",CHED,true
Romblon State University-San Fernando Campus,4152,,Chartered State College/University (Satellite Campus),,MIMAROPA Region,,,,"San Fernando, Romblon",CHED,true
Romblon State University-San Jose Campus,17013,,Chartered State College/University (Satellite Campus),,MIMAROPA Region,,,,"San Jose, Romblon",CHED,true
Romblon State University-Sta. Fe Campus,4217,,Chartered State College/University (Satellite Campus),,MIMAROPA Region,,,,"Santa Fe, Romblon",CHED,true
Romblon State University-Sta. Maria Campus,4218,,Chartered State College/University (Satellite Campus),,MIMAROPA Region,,,,"Santa Maria, Romblon",CHED,true
Saint Augustine Seminary,4100,,Private Sectarian Non-Stock,Private,MIMAROPA Region,,,,"Calapan City, Oriental Mindoro",CHED,true
"San Brendan College, Inc.",17024,,Private Non-Sectarian Non-Stock,Private,MIMAROPA Region,,,,"Taytay, Palawan",CHED,true
San Francisco Javier College-AR of Narra,4110,,Private Sectarian Non-Stock,Private,MIMAROPA Region,,,,"Narra, Palawan",CHED,true
San Lorenzo Ruiz Seminary,4236,,Private Sectarian Non-Stock,Private,MIMAROPA Region,,,,"Odiongan, Romblon",CHED,true
Santa Cruz Institute-Marinduque,4117,,Private Non-Sectarian Non-Stock,Private,MIMAROPA Region,,,,"Santa Cruz, Marinduque",CHED,true
Seminario De San Jose,4118,,Private Sectarian Non-Stock,Private,MIMAROPA Region,,,,"Puerto Princesa City, Palawan",CHED,true
"Southwestern College of Maritime, Business and Technology Inc.",17021,,Private Non-Sectarian Non-Stock,Private,MIMAROPA Region,,,,"Calapan City, Oriental Mindoro",CHED,true
Southwestern Institute of Business and Technology,17001,,Private Non-Sectarian Stock,Private,MIMAROPA Region,,,,"Pinamalayan, Oriental Mindoro",CHED,true
St. Anthony College-Calapan City,04332b,,Private Non-Sectarian Non-Stock,Private,MIMAROPA Region,,,,"Calapan City, Oriental Mindoro",CHED,true
St. Mary's College of Marinduque,4040,,Private Non-Sectarian Non-Stock,Private,MIMAROPA Region,,,,"Boac , Marinduque",CHED,true
STI College-Puerto Princesa,17009,,Private Non-Sectarian Stock,Private,MIMAROPA Region,,,,"Puerto Princesa City, Palawan",CHED,true
Western Philippines University,4073,,Chartered State College/University (Main),,MIMAROPA Region,,,,"Aborlan, Palawan",CHED,true
Western Philippines University-Busuanga,04073b,,Chartered State College/University (Satellite Campus),,MIMAROPA Region,,,,"Busuanga, Palawan",CHED,true
Western Philippines University-Culion,04073c,,Chartered State College/University (Satellite Campus),,MIMAROPA Region,,,,"Culion, Palawan",CHED,true
Western Philippines University-El Nido,04073a,,Chartered State College/University (Satellite Campus),,MIMAROPA Region,,,,"El Nido, Palawan",CHED,true
Western Philippines University-Puerto Princesa,4227,,Chartered State College/University (Satellite Campus),,MIMAROPA Region,,,,"Puerto Princesa City, Palawan",CHED,true
Western Philippines University-Quezon,04073d,,Chartered State College/University (Satellite Campus),,MIMAROPA Region,,,,"Quezon, Palawan",CHED,true
Western Philippines University-Rio Tuba,04073e,,Chartered State College/University (Satellite Campus),,MIMAROPA Region,,,,"Bataraza, Palawan",CHED,true
"ABE International Business College - Campus, Inc.",13329,,Private Non-Sectarian Non-Stock,Private,National Capital Region (NCR),,,,"328 The Big Orange Building, EDSA, Caloocan City, Caloocan City, Metro Manila",CHED,true
ABE International Business College - Commonwealth,13386,,"Others, please specify",,National Capital Region (NCR),,,,"#1 Villongco St., Commonwealth Avenue, Quezon City, Quezon City, Metro Manila",CHED,true
ABE International Business College - Makati,13383,,"Others, please specify",,National Capital Region (NCR),,,,"#95 Sen. Gil Puyat Ave., Brgy. Palanan, Makati City, Makati City, Metro Manila",CHED,true
"ABE International Business College, Commonwealth, Inc.",N_0019,,"Others, please specify",,National Capital Region (NCR),,,,"Lot 3, Block 9, Neopolitan Business park Pasong Putik, Quezon City, Quezon City, Metro Manila",CHED,true
"ABE International College of Business and Accountancy Inc. - Cubao, Quezon City",13308,,Private Non-Sectarian Non-Stock,Private,National Capital Region (NCR),,,,"Aurora Boulevard, Cubao, Quezon City, Metro Manila",CHED,true
"ABE International College of Business and Accountancy, Taft",13350,,"Others, please specify",,National Capital Region (NCR),,,,"1336 West East Center Building, corner Padre Faura, Ermita, Manila, City of Manila, Metro Manila",CHED,true
ABE International College of Business and Economics - Las Pinas City,13309,,Private Non-Sectarian Stock,Private,National Capital Region (NCR),,,,"RCS Bldg III, Zapote, Alabang Road, Pamplona, Las Pinas City, Las Piñas City, Metro Manila",CHED,true
ABE International College of Business and Economics - Manila Inc.,13256,,Private Non-Sectarian Stock,Private,National Capital Region (NCR),,,,"2578 Legarda Avenue, Sampaloc, Metro Manila, City of Manila, Metro Manila",CHED,true
Abraham Dumlao Colleges of the Philippines,13214,,"Others, please specify",,National Capital Region (NCR),,,,"# 12 Salvia St. Â Dominic Subd., Brgy. Kaligayahan, Novaliches, Quezon City., Quezon City, Metro Manila",CHED,true
"Access Computer & Technical Colleges (Camarin, Caloocan City) Inc.",13407,,Private Non-Sectarian Non-Stock,Private,National Capital Region (NCR),,,,"9 Zabarte Road, Barangay 177, Camarin, Caloocan City, Metro Manila",CHED,true
"Access Computer & Technical Colleges (Cubao, Postdam Q.C.), Inc.",13321,,Private Non-Sectarian Non-Stock,Private,National Capital Region (NCR),,,,"941 Aurora Blvd., corner Potsdam St., Cubao, Quezon City, Metro Manila",CHED,true
"Access Computer & Technical Colleges (Lagro, Quirino Q.C.) Inc.",13384,,Private Non-Sectarian Non-Stock,Private,National Capital Region (NCR),,,,"2/F & 3/F Altan Building, 1056 Quirino Highway, Lagro, Quezon City, Metro Manila",CHED,true
"Access Computer and Technical Colleges, Inc., Manila",13301,,Private Non-Sectarian Non-Stock,Private,National Capital Region (NCR),,,,"2nd & 3rd Floor ACCESS Main Bldg., C.M. Recto cor. Quezon Blvd., Manila, City of Manila, Metro Manila",CHED,true
Access Kapasigan Pasig Computer and Technical College,N_0005,,Private Non-Sectarian Non-Stock,Private,National Capital Region (NCR),,,,"17C-0915 Dr. Alcade Jose Street Kapasigan, Pasig City, Pasig City, Metro Manila",CHED,true
ACLC College of Commonwealth,13456,,"Others, please specify",,National Capital Region (NCR),,,,"Lot 31 Blk 11 Lirio Bldg. Brgy. Holy Spirit, Commonwealth Ave., Quezon City, Metro Manila",CHED,true
"ACLC College of Manila, Inc.",13457,,Private Non-Sectarian Non-Stock,Private,National Capital Region (NCR),,,,"No. 2355 Legarda cor. Manrique Sts. Sampaloc, City of Manila, Metro Manila",CHED,true
ACLC College of Marikina,13444,,Private Non-Sectarian Non-Stock,Private,National Capital Region (NCR),,,,"Unit 17, Thaddues Arcade, Gunting St., Midtown Subd., Brgy. San Roque, Marikina City, Metro Manila",CHED,true
"ACLC College, Taguig",13377,,"Others, please specify",,National Capital Region (NCR),,,,"4/F Sunshine Bldg., FTI Complex, Taguig City, Taguig City, Metro Manila",CHED,true
Adamson University,13001,,Private Sectarian Non-Stock,Private,National Capital Region (NCR),,,,"900 San Marcelino St., Ermita, Manila, City of Manila, Metro Manila",CHED,true
Air Link International Aviation College,13002,,Private Non-Sectarian Non-Stock,Private,National Capital Region (NCR),,,,"Domestic Airport Road, Pasay City, Metro Manila",CHED,true
Albatross Academy,N_0009,,"Others, please specify",,National Capital Region (NCR),,,,"196 Gen. Luna corner Lakas ng Mahihirap Sts., Caloocan City, Caloocan City, Metro Manila",CHED,true
Alejandro Colleges,13004,,"Others, please specify",,National Capital Region (NCR),,,,"Alejandro Campus, General Luis Street, Novaliches, Quezon City, Quezon City, Metro Manila",CHED,true
Alliance Graduate School,13005,,Private Sectarian Non-Stock,Private,National Capital Region (NCR),,,,"101 Dangay St., Veterans Village, Project 7, Quezon City, Quezon City, Metro Manila",CHED,true
"AMA Computer College, Caloocan City",13257,,Private Non-Sectarian Non-Stock,Private,National Capital Region (NCR),,,,"263 UE Tech Road, Sangandaan cor. Samson Road, Caloocan City, Caloocan City, Metro Manila",CHED,true
"AMA Computer College, Fairview",13258,,Private Non-Sectarian Non-Stock,Private,National Capital Region (NCR),,,,"Lot 28-31 Block 61 Regalado Avenue Cor. Bristol Street, Quezon City, Metro Manila",CHED,true
"AMA Computer College, Las Piñas",13280,,Private Non-Sectarian Non-Stock,Private,National Capital Region (NCR),,,,"AC & SONS Bldg. Alabang-Zapote RD. Almanza 1, Las Piñas City, Las Piñas City, Metro Manila",CHED,true
"AMA Computer College, Makati City",13006,,Private Non-Sectarian Non-Stock,Private,National Capital Region (NCR),,,,"5486 South Super H-way, cor. Hen. Tinio St., Bangkal, Makati City, Metro Manila",CHED,true
"AMA Computer College, Mandaluyong",13398,,"Others, please specify",,National Capital Region (NCR),,,,"California Garden Square, Domingo M. Guevarra St., Mandaluyong City, Mandaluyong City, Metro Manila",CHED,true
"AMA Computer College, Paranaque City",13259,,Private Non-Sectarian Stock,Private,National Capital Region (NCR),,,,"8104 Dr. A. Santos Ave., San Dionisio, Sucat, Paranaque City, Parañaque City, Metro Manila",CHED,true
"AMA Computer College, Pasig",13282,,Private Non-Sectarian Non-Stock,Private,National Capital Region (NCR),,,,"Silver Tree Bldg., San Miguel Ave., Ortigas Center, Pasig City, Pasig City, Metro Manila",CHED,true
"AMA Computer College, San Juan",13279,,"Others, please specify",,National Capital Region (NCR),,,,"432 F. Manalo St-San Miguel St. Brgy. Batis, San Juan, M.M., San Juan City, Metro Manila",CHED,true
"AMA Computer College, Sta. Mesa",13260,,Private Non-Sectarian Stock,Private,National Capital Region (NCR),,,,"3299 The Station Point Building, R. Magsaysay Blvd., corner Maganda St., Sta. Mesa, Manila, City of Manila, Metro Manila",CHED,true
AMA School of Medicine,13355,,Private Non-Sectarian Non-Stock,Private,National Capital Region (NCR),,,,"AMA Bldg. 1, 5486 corner Gen. Tinio St., South Superhighway, Bangkal, Makati City, Metro Manila",CHED,true
AMA University,13007,,Private Non-Sectarian Non-Stock,Private,National Capital Region (NCR),,,,"Maximina St., Villa Arca Subd., Project 8, Quezon City, Quezon City, Metro Manila",CHED,true
"Arandia College, Inc.",N_0025,,Private Non-Sectarian Non-Stock,Private,National Capital Region (NCR),,,,"Lot1, Block 1, F Valarao St., Airport Village, Moonwalk, Paranaque City, Parañaque City, Metro Manila",CHED,true
"Arellano University, Malabon",13010,,"Others, please specify",,National Capital Region (NCR),,,,"Gov. Pascual Avenue Concepcion, Malabon City, Metro Manila",CHED,true
"Arellano University, Mandaluyong",13414,,Private Non-Sectarian Stock,Private,National Capital Region (NCR),,,,"General Kalentong Street, Mandaluyong City, Metro Manila",CHED,true
"Arellano University, Manila",13009,,Private Non-Sectarian Stock,Private,National Capital Region (NCR),,,,"2600 Legarda Street Sampaloc Manila, City of Manila, Metro Manila",CHED,true
"Arellano University, Pasay",13011,,Private Non-Sectarian Stock,Private,National Capital Region (NCR),,,,"3058 Taft Avenue, Pasay City, Metro Manila",CHED,true
"Arellano University, Pasig",13012,,Private Non-Sectarian Stock,Private,National Capital Region (NCR),,,,"Pag-asa Street, Pasig City, Metro Manila",CHED,true
Asia Graduate School of Theology,13277,,Private Sectarian Non-Stock,Private,National Capital Region (NCR),,,,"54 Scout Madrinan, South Triangle, Quezon City, Quezon City, Metro Manila",CHED,true
Asia Harvesters College and Seminary Inc.,13422,,Private Sectarian Non-Stock,Private,National Capital Region (NCR),,,,"# 30 Judge Puno Bldg. Holy Spirit Drive, Don Antonio Heights, Quezon City, Metro Manila",CHED,true
Asia Pacific College,13014,,Private Non-Sectarian Non-Stock,Private,National Capital Region (NCR),,,,"# 3 Humabon Place Magallanes Village, 1232, Makati City, Metro Manila",CHED,true
Asia School of Arts and Sciences,13261,,"Others, please specify",,National Capital Region (NCR),,,,"433 Jorjo Bldg. Tandang Sora Avenue, Barangay Culiat, Quezon City, Quezon City, Metro Manila",CHED,true
Asian College of Science and Technology (Caloocan). Inc.,13284,,"Others, please specify",,National Capital Region (NCR),,,,"3rd Flr. Dona Emilia Bldg. 10th Avenue cor. Rizal Avenue Ext. Caloocan City, Caloocan City, Metro Manila",CHED,true
"Asian College of Science and Technology Foundation, Inc.",13211,,"Others, please specify",,National Capital Region (NCR),,,,"1013 Aurora Blvd., Cubao, Quezon City, Quezon City, Metro Manila",CHED,true
"Asian College of Science and Technology, Alabang",13283,,"Others, please specify",,National Capital Region (NCR),,,,"2/F Navs Bldg., 230 National Highway Bayanan, Alabang Muntinlupa City, Muntinlupa City, Metro Manila",CHED,true
"Asian College of Science and Technology, Novaliches",13297,,"Others, please specify",,National Capital Region (NCR),,,,"3rd Flr. C.I. Plza Bldg., Quirino Highway cor. Zabarte Road, Quezon City, Quezon City, Metro Manila",CHED,true
"Asian Institute for Distance Education, Inc.",13015,,Private Non-Sectarian Foundation,Private,National Capital Region (NCR),,,,"Unit 302 Greenbelt Mansion, 106 Perea St., Legaspi Village, Makati City, Metro Manila",CHED,true
"Asian Institute of Computer Studies, Bicutan",13406,,Private Non-Sectarian Stock,Private,National Capital Region (NCR),,,,"1571 Triangle Bldg., Dona Soledad Ave., Better Living Subd., Bicutan, Parañaque City, Metro Manila",CHED,true
"Asian Institute of Computer Studies, Caloocan",13305,,"Others, please specify",,National Capital Region (NCR),,,,"3/F A. Francisco Ten Commandments Bldg., Rizal Avenue Ext., Grace Park, Caloocan City, Caloocan City, Metro Manila",CHED,true
"Asian Institute of Computer Studies, Commonwealth",13378,,Private Non-Sectarian Stock,Private,National Capital Region (NCR),,,,"AICS Bldg., Commonwealth Ave.,cor Holy Spirit Drive, Brgy. Don Antonio, Quezon City, Metro Manila",CHED,true
Asian Institute of Journalism and Communication,13016,,Private Non-Sectarian Non-Stock,Private,National Capital Region (NCR),,,,"ICTV Bldg. 2244 Espana ave., Sampaloc, Manila, City of Manila, Metro Manila",CHED,true
Asian Institute of Management,13017,,CHED-Supervised Institution,,National Capital Region (NCR),,,,"123 Paseo de Roxas St., Makati City, Makati City, Metro Manila",CHED,true
Asian Institute of Maritime Studies,13018,,Private Non-Sectarian Non-Stock,Private,National Capital Region (NCR),,,,"AIMS CMET Bldg. A. Arnaiz Ave., cor F.B. Harrison St., Pasay City, Metro Manila",CHED,true
Asian Institute of Science and Technology,13436,,"Others, please specify",,National Capital Region (NCR),,,,"Lot2 Blk31 Roma Ave., Neopolitan Business Park Brgy. Greater Lagro, Quezon City, Metro Manila",CHED,true
Asian School of Aviation Professional (ASAP),13437,,"Others, please specify",,National Capital Region (NCR),,,,"4th floor AC Raffel Center, 8193 Dr.A. Santos Ave., Paranaque City, Parañaque City, Metro Manila",CHED,true
Asian Seminary of Christian Ministries,13019,,"Others, please specify",,National Capital Region (NCR),,,,"102 Valero St. Salcedo Village Makati City, Makati City, Metro Manila",CHED,true
Asian Social Institute,13020,,Private Non-Sectarian Non-Stock,Private,National Capital Region (NCR),,,,"1518 Leon Guinto St., Malate, Manila, City of Manila, Metro Manila",CHED,true
Asian Theological Seminary,13021,,Private Sectarian Non-Stock,Private,National Capital Region (NCR),,,,"54 Scout Madrinan, South Triangle, Quezon City, Quezon City, Metro Manila",CHED,true
Assumption College,13022,,Private Sectarian Non-Stock,Private,National Capital Region (NCR),,,,"San Lorenzo Drive, San Lorenzo Village, Makati City, Metro Manila",CHED,true
Ateneo de Manila University Graduate School of Business,13024,,Private Non-Sectarian Stock,Private,National Capital Region (NCR),,,,"# 20 APS Bldg., Rockwell Drive, Rockwell Center, Makati City 1200, Makati City, Metro Manila",CHED,true
Ateneo De Manila University School of Medicine and Public Health,13023a,,Private Sectarian Non-Stock,Private,National Capital Region (NCR),,,,"Don Eugenio Lopez Sr. Medical Complex, Ortigas Ave., Pasig City, Metro Manila",CHED,true
"Ateneo de Manila University, Quezon City",13023,,Private Non-Stock Non-Profit Corporation,Private,National Capital Region (NCR),,,,"Katipunan Avenue, Loyola Heights, Quezon City, Metro Manila",CHED,true
"AZGH College, Inc.",N_0026,,"Others, please specify",,National Capital Region (NCR),,,,"Atlas Compound, Naga Road, Pulang Lupa Uno, Las Pinas City, Las Piñas City, Metro Manila",CHED,true
Bernardo College,13025,,Private Non-Sectarian Foundation,Private,National Capital Region (NCR),,,,"Perpetual Village II, Pulang Lupa I, Las Piñas City, Metro Manila",CHED,true
Bestlink College of the Philippines,13373,,Private Non-Sectarian Foundation,Private,National Capital Region (NCR),,,,"1071 Brgy. Kaligayahan, Quirino Highway, Novaliches, Quezon City, Metro Manila",CHED,true
Bethel Bible College of the Assemblies of God,13400,,Private Non-Sectarian Stock,Private,National Capital Region (NCR),,,,"Governor I, Santiago St., Malinta, Valenzuela City, Metro Manila",CHED,true
Biblical Seminary of the Philippines,13026,,Private Sectarian Non-Stock,Private,National Capital Region (NCR),,,,"77-B Karuhatan Road, Valenzuela City, Metro Manila, Valenzuela City, Metro Manila",CHED,true
"CAP College Foundation, Inc.",13027,,Private Non-Sectarian Foundation,Private,National Capital Region (NCR),,,,"126 Amorsolo corner V.A. Rufino Sts., Legaspi Village, Makati City, Metro Manila",CHED,true
Capitol Medical Center Colleges,13340,,Private Non-Sectarian Stock,Private,National Capital Region (NCR),,,,"1145 Quezon Avenue, Quezon City, Quezon City, Metro Manila",CHED,true
Center for Culinary Arts,13417,,"Others, please specify",,National Capital Region (NCR),,,,"287 Katipunan Ave., Loyola Heights Quezon City, Quezon City, Metro Manila",CHED,true
Center for International Education,13404,,"Others, please specify",,National Capital Region (NCR),,,,"Makati City, Makati City, Metro Manila",CHED,true
Central Colleges of the Philippines,13029,,Private Non-Sectarian Stock,Private,National Capital Region (NCR),,,,"52 AURORA BOULEVARD, Quezon City, Metro Manila",CHED,true
"Centro Escolar Las Pinas, Inc.",13089,,Private Non-Sectarian Non-Stock,Private,National Capital Region (NCR),,,,"Dr. Faustino Uy Avenue, Pilar Village, Las Piñas City, Metro Manila",CHED,true
"Centro Escolar University, Makati",13367,,Private Non-Sectarian Non-Stock,Private,National Capital Region (NCR),,,,"259-263 former N.I.D.C. Building, Sen. Gil Puyat Avenue and Malugay St., Makati City, Makati City, Metro Manila",CHED,true
"Centro Escolar University, Manila",13031,,Private Sectarian Non-Stock,Private,National Capital Region (NCR),,,,"9 Mendiola Street, Manila, City of Manila, Metro Manila",CHED,true
Chiang Kai Shek College,13032,,Private Non-Sectarian Non-Stock,Private,National Capital Region (NCR),,,,"1477 Narra St. Tondo, Manila 1012, City of Manila, Metro Manila",CHED,true
Child Jesus College,13262,,"Others, please specify",,National Capital Region (NCR),,,,"Phase IV, Bagong Silang, Caloocan City 1428, Caloocan City, Metro Manila",CHED,true
Children of Mary Immaculate College,13243,,Private Sectarian Non-Stock,Private,National Capital Region (NCR),,,,"22 Maysan Road Malinta , Valenzuela City 1440, Valenzuela City, Metro Manila",CHED,true
"Chinese General Hospital Colleges, Inc.",13034,,"Others, please specify",,National Capital Region (NCR),,,,"286 BLUMENTRITT STREET, STA. CRUZ, MANILA, City of Manila, Metro Manila",CHED,true
Christ the King College of Science and Technology,13401,,Private Non-Sectarian Non-Stock,Private,National Capital Region (NCR),,,,"Jayson Bldg., 12 National Highway, Putatan, Muntinlupa City, Metro Manila",CHED,true
CICM Maryhill School of Theology Inc.,13105,,Private Sectarian Non-Stock,Private,National Capital Region (NCR),,,,"#62, 14th Street corner Gilmore Avenue, New Manila, Quezon City, Quezon City, Metro Manila",CHED,true
CIIT College of Innovation and Integrated Technology,13429,,Private Sectarian Non-Stock,Private,National Capital Region (NCR),,,,"#94 Kamuning Road, Quezon City, Metro Manila",CHED,true
City of Malabon University,13093,,Local Government College/University,,National Capital Region (NCR),,,,"Maya-maya cor. Pampano St., Dagat-Dagatan, Malabon City, Metro Manila",CHED,true
Clinica Arellano School of Midwifery,13036,,"Others, please specify",,National Capital Region (NCR),,,,"1430 Doroteo Jose St., Manila, City of Manila, Metro Manila",CHED,true
"Colegio de San Gabriel Arcangel of Caloocan, Inc.",13402,,Private Non-Sectarian Non-Stock,Private,National Capital Region (NCR),,,,"Ph10 Pkg 6 Blk 1 Lots 1-5 Bagong Silang, Caloocan City, Metro Manila",CHED,true
Colegio de San Juan de Letran,13037,,Private Non-Sectarian Non-Stock,Private,National Capital Region (NCR),,,,"151 Muralla St. Intramuros Manila, City of Manila, Metro Manila",CHED,true
"Colegio de Sta. Monica Manila, Inc.",13332,,"Others, please specify",,National Capital Region (NCR),,,,"98 Marcos Alvarez St., Talon Uno, Las Pinas City, Las Piñas City, Metro Manila",CHED,true
"Colegio de Sta. Teresa de Avila,Inc.",13371,,Private Non-Sectarian Non-Stock,Private,National Capital Region (NCR),,,,"6 Kingfisher St., Zabarte Subd., Brgy. Kaligayahan, Novaliches, Quezon City, Metro Manila",CHED,true
College of Arts and Sciences of Asia and the Pacific,13418,,"Others, please specify",,National Capital Region (NCR),,,,"Lot 2 C5A Marcos Highway, Santolan, Pasig City, Metro Manila",CHED,true
College of Divine Wisdom,13390,,Private Sectarian Non-Stock,Private,National Capital Region (NCR),,,,"Amvel City, San Dionisio, Paranaque City, Parañaque City, Metro Manila",CHED,true
College of Saint Amatiel Inc.,13451,,Private Non-Sectarian Non-Stock,Private,National Capital Region (NCR),,,,"118 General Luna St., Malabon City, Metro Manila",CHED,true
College of St. Catherine,13362,,Private Non-Sectarian Non-Stock,Private,National Capital Region (NCR),,,,"362 Quirino Hi-way, Baesa, Quezon City, Metro Manila",CHED,true
College of the Holy Spirit of Manila,13039,,"Others, please specify",,National Capital Region (NCR),,,,"163 E. Mendiola, Manila, City of Manila, Metro Manila",CHED,true
Concordia College,13040,,Private Sectarian Non-Stock,Private,National Capital Region (NCR),,,,"1739 Pedro Gil Street, Paco, Manila, City of Manila, Metro Manila",CHED,true
Dalubhasaang Epifanio de los Santos,N_0030,,"Others, please specify",,National Capital Region (NCR),,,,"Malabon Metro Manila, Malabon City, Metro Manila",CHED,true
"Datamex College of Saint Adeline, Inc., Fairview",13405,,Private Non-Sectarian Stock,Private,National Capital Region (NCR),,,,"East Fairview Park Subd., Commonwealth Avenue, Brgy. Greater Fairview, Quezon City, Metro Manila",CHED,true
"Datamex College of Saint Adeline, Inc., Valenzuela",13408,,Private Non-Sectarian Stock,Private,National Capital Region (NCR),,,,"252 Marvic Bldg., McArthur Highway, Karuhatan, Valenzuela City, Metro Manila",CHED,true
"Datamex College of Saint Adeline, Parañaque",13431,,Private Sectarian Stock,Private,National Capital Region (NCR),,,,"8167 Datamex Compound Dr. A. Santos Ave., Sucat , Parañaque City, Metro Manila",CHED,true
Datamex Computer College-Paranaque,13041,,"Others, please specify",,National Capital Region (NCR),,,,"Datamex Computer College, Parañaque City, Metro Manila",CHED,true
Datamex Computer College-Pasay,13042,,"Others, please specify",,National Capital Region (NCR),,,,"Ground & 3rd Flr. Gateway Bldg., Cartimar Shopping Center Taft Ave., Pasay City, Metro Manila",CHED,true
Datamex Computer School,13043,,"Others, please specify",,National Capital Region (NCR),,,,"C.M. Recto, City of Manila, Metro Manila",CHED,true
Datapro Computer College,13045,,"Others, please specify",,National Capital Region (NCR),,,,"C.M. Recto, City of Manila, Metro Manila",CHED,true
Datapro Computer College-Caloocan,13044,,"Others, please specify",,National Capital Region (NCR),,,,"- - -, Caloocan City, Metro Manila",CHED,true
De La Salle University,13046,,Private Sectarian Non-Stock,Private,National Capital Region (NCR),,,,"2401 Taft Avenue, Manila, City of Manila, Metro Manila",CHED,true
De La Salle-Araneta University,13072,,Private Sectarian Non-Stock,Private,National Capital Region (NCR),,,,"Victoneta Ave., Metro Manila, Malabon City, Metro Manila",CHED,true
"De La Salle-College of Saint Benilde, Inc.",13050,,Private Non-Sectarian Non-Stock,Private,National Capital Region (NCR),,,,"2544 Taft Avenue, Manila 1004, City of Manila, Metro Manila",CHED,true
De Los Santos-STI College,13047,,"Others, please specify",,National Capital Region (NCR),,,,"201 E. Rodriguez Sr. Blvd., Quezon City, Metro Manila",CHED,true
De Ocampo Memorial College,13048,,Private Non-Sectarian Stock,Private,National Capital Region (NCR),,,,"3222 Ramon M. Magsaysay Blvd. Sta. Mesa, Manila, City of Manila, Metro Manila",CHED,true
Development Academy of the Philippines,13310,,CHED-Supervised Institution,,National Capital Region (NCR),,,,"DAP Bldg., San Miguel Ave., Ortigas, Pasig City, Pasig City, Metro Manila",CHED,true
Diliman College,13370,,Private Non-Sectarian Stock,Private,National Capital Region (NCR),,,,"Commonwealth Avenue, Diliman, Quezon City, Metro Manila",CHED,true
"Divine Mercy College Foundation, Inc.",13263,,Private Non-Sectarian Stock,Private,National Capital Region (NCR),,,,"129 University Avenue, Caloocan City, Metro Manila",CHED,true
Divine Word Mission Seminary,13049,,Private Sectarian Non-Stock,Private,National Capital Region (NCR),,,,"1101 E. Rodriguez Sr. Avenue, Quezon City, Quezon City, Metro Manila",CHED,true
"Dominican College, Inc.",13051,,Private Sectarian Non-Stock,Private,National Capital Region (NCR),,,,"179 F. Blumentritt St., San Juan City, Metro Manila, San Juan City, Metro Manila",CHED,true
Don Bosco School of Theology,13213,,Private Sectarian Foundation,Private,National Capital Region (NCR),,,,"Michael Rua corner Israel Streets, Better Living Subdivision, Paranaque City, Parañaque City, Metro Manila",CHED,true
Don Bosco Technical College,13052,,Private Sectarian Non-Stock,Private,National Capital Region (NCR),,,,"736 Gen. Kalentong St., Mandaluyong City, Metro Manila",CHED,true
"Don Carlo Cavina School, Inc",13423,,Private Sectarian Foundation,Private,National Capital Region (NCR),,,,"Chrysanthemum Street, Hansuyin Village, Talon IV, Las Piñas City, Metro Manila",CHED,true
Dr. Carlos S. Lanting College,13053,,Private Non-Sectarian Non-Stock,Private,National Capital Region (NCR),,,,"16 Tandang Sora Avenue, Sangandaan, Novaliches, Quezon City, Metro Manila",CHED,true
Dr. Filemon C. Aguilar Memorial College of Las Piñas,13276,,Local Government College/University,,National Capital Region (NCR),,,,"Topland Avenue, Golden Gate Subdivision, Talon Tres, Las Pinas City, Las Piñas City, Metro Manila",CHED,true
Dr. Jose Fabella Memorial Hospital School of Midwifery,13428,,CHED-Supervised Institution,,National Capital Region (NCR),,,,"Lope de Vega St., Sta. Cruz, Manila, City of Manila, Metro Manila",CHED,true
Dusit Hospitality Management College,13445,,"Others, please specify",,National Capital Region (NCR),,,,"Mezzanine Floor, Dusit Thani Manila, Ayala Center, Makati City, Metro Manila",CHED,true
Eclaro Academy,13419,,Private Non-Sectarian Stock,Private,National Capital Region (NCR),,,,"7 North Zuzuarregui St., Old Balara, Quezon City, Metro Manila",CHED,true
Electron College of Technical Education,13440,,Private Non-Sectarian Non-Stock,Private,National Capital Region (NCR),,,,"664 Electron Bldg., Quirino Highway, Bagbag, Novaliches, Quezon City, Metro Manila",CHED,true
Emilio Aguinaldo College,13054,,Private Non-Sectarian Non-Stock,Private,National Capital Region (NCR),,,,"1113-1117 San Marcelino St., Paco Manila, City of Manila, Metro Manila",CHED,true
"Emmanuel Community Hospital and School of Midwifery, Manila",NEW,,"Others, please specify",,National Capital Region (NCR),,,,"City of Manila, Metro Manila",CHED,true
Enderun Colleges,13357,,Private Non-Sectarian Stock,Private,National Capital Region (NCR),,,,"1100 Campus Avenue, McKinley Hill, Fort Bonifacio, Taguig City, Taguig City, Metro Manila",CHED,true
"Eulogio ""Amang"" Rodriguez Institute of Science & Technology",13056,,Chartered State College/University (Main),,National Capital Region (NCR),,,,"Nagtahan St., Sampaloc, City of Manila, Metro Manila",CHED,true
Europhil College,13057,,Private Non-Sectarian Stock,Private,National Capital Region (NCR),,,,"628 Quezon Boulevard, Quiapo, City of Manila, Metro Manila",CHED,true
"F.E.U.-Dr. Nicanor Reyes Medical Foundation, Inc.",13066,,Private Non-Sectarian Non-Stock,Private,National Capital Region (NCR),,,,"Regalado Avenue, West Fairview, Quezon City, Quezon City, Metro Manila",CHED,true
Far East Institute of Arts & Sciences Foundation,13395,,"Others, please specify",,National Capital Region (NCR),,,,"29 Dapitan St., corner Isarog St., Brgy. Sta. Teresita, Quezon City, Metro Manila",CHED,true
Far Eastern University,13061,,Private Non-Sectarian Stock,Private,National Capital Region (NCR),,,,"Nicanor Reyes Sr. St, Sampaloc, City of Manila, Metro Manila",CHED,true
"Far Eastern University, Makati",13379,,"Others, please specify",,National Capital Region (NCR),,,,"FEU Bldg. Sen. Gil Puyat Ave. Cor. Zuellig Loop and Malugay St., Brgy. Bel Air, Makati City, Metro Manila",CHED,true
"Fatima Medical Science Foundation, Inc. (Lagro)",13289,,"Others, please specify",,National Capital Region (NCR),,,,"- - -, Quezon City, Metro Manila",CHED,true
"Fatima Medical Science Foundation, Inc. (Valenzuela)",13062,,Private Non-Sectarian Non-Stock,Private,National Capital Region (NCR),,,,"120 Mac Arthur Highway, Valenzuela City, Metro Manila",CHED,true
Feati University,13063,,Private Non-Sectarian Foundation,Private,National Capital Region (NCR),,,,"Helios Street, Sta. Cruz, Manila, City of Manila, Metro Manila",CHED,true
Febias College of Bible,13064,,Private Non-Sectarian Non-Stock,Private,National Capital Region (NCR),,,,"Karuhatan Road, Brgy. Karuhatan, Valenzuela City, Valenzuela City, Metro Manila",CHED,true
FEU Alabang,13446,,Private Non-Sectarian Non-Stock,Private,National Capital Region (NCR),,,,"Lot 1, Corporate Woods Ave., Filinvest City, Alabang, Muntinlupa City, Metro Manila",CHED,true
FEU Diliman,13458,,Private Non-Sectarian Foundation,Private,National Capital Region (NCR),,,,"Sampaguita Avenue, Mapayapa Village, Diliman, Quezon City, Metro Manila",CHED,true
FEU Diliman (Formerly: FEU-FERN College),13065,,Private Non-Sectarian Non-Stock,Private,National Capital Region (NCR),,,,"Sampaguita Avenue, Mapayapa Village, Brgy. Pasong Tamo, Diliman, Quezon City, Metro Manila",CHED,true
FEU Institute of Technology,13438,,Private Non-Sectarian Foundation,Private,National Capital Region (NCR),,,,"P.Paredes St. Sampaloc, City of Manila, Metro Manila",CHED,true
FEU Roosevelt,13162,,Private Non-Sectarian Stock,Private,National Capital Region (NCR),,,,"504 J.P Rizal St. Lamuan, Marikina City, Marikina City, Metro Manila",CHED,true
FEU-East Asia College,13215,,"Others, please specify",,National Capital Region (NCR),,,,"Nicanor Reyes Sr. St., Sampaloc, City of Manila, Metro Manila",CHED,true
Flight School International,13339,,Private Non-Sectarian Non-Stock,Private,National Capital Region (NCR),,,,"8155 Andremar Bldg., Dr. A. Santos Ave., San Dionisio, Paranaque City, Parañaque City, Metro Manila",CHED,true
Gardner College Diliman Inc.,13328,,"Others, please specify",,National Capital Region (NCR),,,,"29 North Avenue, North EDSA, Quezon City, Metro Manila",CHED,true
Gates Professional Schools Inc.,13420,,Private Sectarian Stock,Private,National Capital Region (NCR),,,,"289 Katipunan Ave., Loyola Heights, Diliman, Quezon City, Metro Manila",CHED,true
GK College of Business Arts and Technology,13447,,Private Non-Sectarian Stock,Private,National Capital Region (NCR),,,,"Boni Avenue, Mandaluyong City, Metro Manila",CHED,true
Global City Innovative College,13312,,Private Non-Sectarian Stock,Private,National Capital Region (NCR),,,,"PET Plans Tower Annex Bldg., 444 Edsa, Makati City, Metro Manila",CHED,true
Global Reciprocal Colleges,13374,,Private Non-Sectarian Stock,Private,National Capital Region (NCR),,,,"GRC Bldg., Rizal Avenue Ext. corner 9th Avenue, Caloocan City, Metro Manila",CHED,true
"Golden Link College Foundation, Inc.",13375,,Private Non-Sectarian Foundation,Private,National Capital Region (NCR),,,,"Waling Waling along Dona Aurora St. Camarin Caloocan City, Caloocan City, Metro Manila",CHED,true
Governor Andres Pascual College,13069,,Private Sectarian Stock,Private,National Capital Region (NCR),,,,"1045 M. Naval St., San Jose, Navotas City, Metro Manila",CHED,true
Grace Christian College,13363,,Private Non-Sectarian Non-Stock,Private,National Capital Region (NCR),,,,"Grace Village, Sto. Domingo St., Quezon City, Quezon City, Metro Manila",CHED,true
Greenville College,13070,,Private Non-Sectarian Non-Stock,Private,National Capital Region (NCR),,,,"112 Belfast - San Salvador Sts., Greenpark Village, Pasig City, Metro Manila",CHED,true
GREGG Business College,13071,,Private Sectarian Non-Stock,Private,National Capital Region (NCR),,,,"1621 Soler St., Sta Cruz, City of Manila, Metro Manila",CHED,true
Guang Ming College,13435,,"Others, please specify",,National Capital Region (NCR),,,,"656 P. Ocampo St., Malate Manila, City of Manila, Metro Manila",CHED,true
Guzman College of Science & Technology,13074,,Private Non-Sectarian Non-Stock,Private,National Capital Region (NCR),,,,"509 Z.P. de Guzman St. Quiapo Manila, City of Manila, Metro Manila",CHED,true
Holy Rosary College Foundation,13075,,Private Non-Sectarian Stock,Private,National Capital Region (NCR),,,,"Fr. Hofstee Street, 1427 Tala, Caloocan City, Metro Manila",CHED,true
Hotel and Tourism Institute of the Philippines,13285,,"Others, please specify",,National Capital Region (NCR),,,,"Plaza San Luis Complex, Corner Cabildo and Urdaneta Sts. Intramuros, City of Manila, Metro Manila",CHED,true
"iACADEMY, Inc.",13315,,Private Non-Sectarian Stock,Private,National Capital Region (NCR),,,,"iACADEMY Nexus Bldg., 7434 Yakal Street, Brgy. San Antonio, Makati City, Makati City, Metro Manila",CHED,true
ICI Global University,13410,,Private Sectarian Foundation,Private,National Capital Region (NCR),,,,"2909 Raffles Corporate Center, F. Ortigas Jr., Ortigas Center, Pasig City, Metro Manila",CHED,true
iCollege of the Philippines,13364,,"Others, please specify",,National Capital Region (NCR),,,,"2244 Espana Avenue, Sampaloc, City of Manila, Metro Manila",CHED,true
IETI College Inc.,13216,,Private Non-Sectarian Non-Stock,Private,National Capital Region (NCR),,,,"5 Molina Street, Alabang, Muntinlupa City, Metro Manila",CHED,true
"IETI College of Science and Technology, Marikina",13295,,Private Non-Sectarian Non-Stock,Private,National Capital Region (NCR),,,,"34 Lark St., Sta. Elena, Marikina City, Marikina City, Metro Manila",CHED,true
"Iglesia ni Cristo (Church of Christ) School for Ministers, Inc.",13462,,"Others, please specify",,National Capital Region (NCR),,,,"Don Mariano Marcos Ave., Diliman, Quezon City, Metro Manila",CHED,true
"Immaculada Concepcion College of Soldiers Hills Caloocan City, Inc.",13237,,Private Non-Sectarian Non-Stock,Private,National Capital Region (NCR),,,,"Quirino Ave. Ext., Soldiers Hills III Subd., Tala, Caloocan City, Caloocan City, Metro Manila",CHED,true
"Immaculate Heart of Mary College, Paranaque",13322,,Private Non-Sectarian Non-Stock,Private,National Capital Region (NCR),,,,"Dominic Savio St., Better Living Subd., Paranaque City, Parañaque City, Metro Manila",CHED,true
Informatics College Bicutan,13393,,"Others, please specify",,National Capital Region (NCR),,,,"SM City Bicutan, Level 2 Bldg. B, Dona Soledad Ave., corner West Service Road, Parañaque City, Metro Manila",CHED,true
"Informatics College Caloocan, Inc.",13265,,"Others, please specify",,National Capital Region (NCR),,,,"380 Rizal Ave. Ext. Cor 11th Ave., Grace Park, Caloocan City, Metro Manila",CHED,true
"Informatics College Eastwood, Inc.",13330,,"Others, please specify",,National Capital Region (NCR),,,,"Orchard Road, Bagumbayan Libis, Quezon City, Metro Manila",CHED,true
Informatics College Manila Inc.,13246,,Private Non-Sectarian Stock,Private,National Capital Region (NCR),,,,"2070 BDO Building, CM Recto Avenue, Quiapo, Manila, City of Manila, Metro Manila",CHED,true
"Informatics College Northgate, Inc.",13333,,Private Non-Sectarian Stock,Private,National Capital Region (NCR),,,,"Indo-China Drive, Northgate Cyberzone, Â Filinvest Corporate City, Alabang, Muntinlupa City, Muntinlupa City, Metro Manila",CHED,true
"Infotech College of Arts and Sciences Philippines, Inc.",13380,,Private Non-Sectarian Non-Stock,Private,National Capital Region (NCR),,,,"2nd Floor Triangle East Building, Dela Paz St. Cor. Marcos Highway, Pasig City, Metro Manila",CHED,true
"Institute of Community and Family Health, Incorporated",13077,,Private Non-Sectarian Foundation,Private,National Capital Region (NCR),,,,"4th flr. Medical Arts Bldg., 11 Banawe cor. Cardiz St.Barangay Dona Josefa Quezon City, Quezon City, Metro Manila",CHED,true
Institute of Formation and Religious Studies,13078,,Private Sectarian Non-Stock,Private,National Capital Region (NCR),,,,"122 N. Domingo corner St. John St. Cubao, Quezon City, Quezon City, Metro Manila",CHED,true
"Integrated Innovation and Hospitality Colleges, Inc.",13424,,Private Non-Sectarian Non-Stock,Private,National Capital Region (NCR),,,,"3rd Floor Dela Rama Building, Buenamar Street, Barangay Novaliches-Proper, Quezon City, Metro Manila",CHED,true
"Interface Computer College, Caloocan",13267,,Private Non-Sectarian Non-Stock,Private,National Capital Region (NCR),,,,"Dona Lolita Bldg. Rizal Avenue Ext. Caloocan City, Caloocan City, Metro Manila",CHED,true
"Interface Computer College, Manila",13079,,Private Non-Sectarian Foundation,Private,National Capital Region (NCR),,,,"990 MCM Bldg., Quezon Blvd., Sampaloc, Manila, City of Manila, Metro Manila",CHED,true
International Academy of Management and Economics,13080,,Private Non-Sectarian Non-Stock,Private,National Capital Region (NCR),,,,"1061 Metropolitan Ave., San Antonio Village, Makati City, Metro Manila",CHED,true
International Baptist College,13081,,"Others, please specify",,National Capital Region (NCR),,,,"474 Arayat St., Brgy. Malamig, Mandaluyong City, Mandaluyong City, Metro Manila",CHED,true
International Graduate School of Leadership Inc.,13082,,Private Sectarian Non-Stock,Private,National Capital Region (NCR),,,,"#12 Daisy Road, Old Sauyo, Novaliches, Quezon City, Quezon City, Metro Manila",CHED,true
International School of Asia and the Pacific,13425,,"Others, please specify",,National Capital Region (NCR),,,,"53 Scout Torillo St., cor. Scout Borromeo st., Diliman, Quezon City, Metro Manila",CHED,true
"J.P. Sioson General Hospital and Colleges, Inc.",13083,,Private Non-Sectarian Non-Stock,Private,National Capital Region (NCR),,,,"75 Bukidnon St. Bago Bantay, Quezon City, Quezon City, Metro Manila",CHED,true
"Jesus Reigns Christian College Foundation, Inc.",13353,,Private Non-Sectarian Foundation,Private,National Capital Region (NCR),,,,"811 J. Nakpil St., Malate, Manila, City of Manila, Metro Manila",CHED,true
Jose Rizal University,13084,,Private Non-Sectarian Non-Stock,Private,National Capital Region (NCR),,,,"80 Shaw Boulevard, Mandaluyong City, Metro Manila",CHED,true
"Justice Colleges of the Philippines, Inc.",13303,,Private Non-Sectarian Non-Stock,Private,National Capital Region (NCR),,,,"81 Jasmin Street Lodora Village Muntinlupa City, 1773, Muntinlupa City, Metro Manila",CHED,true
"Kalayaan College, Inc.",13302,,"Others, please specify",,National Capital Region (NCR),,,,"No.22 Manga Road, corner Aurora Boulevard, New Manila, Quezon City, Quezon City, Metro Manila",CHED,true
"Kester Grant College Philippines, Inc.",13327,,"Others, please specify",,National Capital Region (NCR),,,,"1608 Quezon Avenue, Quezon City, Quezon City, Metro Manila",CHED,true
L.D. Woosley Bethany Colleges,13293,,Private Sectarian Non-Stock,Private,National Capital Region (NCR),,,,"1714 Dian St., Palanan, Makati City, Makati City, Metro Manila",CHED,true
La Consolacion College Manila,13086,,Private Sectarian Non-Stock,Private,National Capital Region (NCR),,,,"No. 8 Mendiola St., Manila, City of Manila, Metro Manila",CHED,true
"La Consolacion College, Caloocan",13087,,"Others, please specify",,National Capital Region (NCR),,,,"496 A. Mabini St., Caloocan City, Caloocan City, Metro Manila",CHED,true
"La Consolacion College, Novaliches",13251,,Private Sectarian Non-Stock,Private,National Capital Region (NCR),,,,"Villa Maria Subd., Deparo, Novaliches, Caloocan City, Caloocan City, Metro Manila",CHED,true
"La Consolacion College, Pasig",13326,,Private Sectarian Non-Stock,Private,National Capital Region (NCR),,,,"641 Mercedes Ave., San Miguel Pasig City, Pasig City, Metro Manila",CHED,true
"La Consolacion College, Valenzuela",13394,,Private Sectarian Non-Stock,Private,National Capital Region (NCR),,,,"Malinta, Valenzuela City, Metro Manila",CHED,true
La Verdad Christian College,13415,,Private Non-Sectarian Non-Stock,Private,National Capital Region (NCR),,,,"351 EDSA, Bagong Barrio, Caloocan City, Metro Manila",CHED,true
Lacson College,13088,,Private Non-Sectarian Non-Stock,Private,National Capital Region (NCR),,,,"1852-C Taft Avenue, Pasay City, Metro Manila",CHED,true
Lady of Lourdes College of Northern Caloocan,13361,,"Others, please specify",,National Capital Region (NCR),,,,"#15 Gen. Luis St., Caybiga, Caloocan City, Metro Manila",CHED,true
Lyceum of Alabang,13324,,Private Non-Sectarian Foundation,Private,National Capital Region (NCR),,,,"Km 30 National Road, Tunasan, Muntinlupa City, Metro Manila",CHED,true
Lyceum of the Philippines University,13092,,Private Non-Sectarian Stock,Private,National Capital Region (NCR),,,,"Muralla St., Intramuros, City of Manila, Metro Manila",CHED,true
Makati Science Technological Institute of the Philippines,13439,,Private Non-Sectarian Non-Stock,Private,National Capital Region (NCR),,,,"4410 ERL Bldg. Old Sta. Mesa, Sampaloc Manila, City of Manila, Metro Manila",CHED,true
Mandaluyong College of Science and Technology,N_0027,,Local Government College/University,,National Capital Region (NCR),,,,"Welfareville Compound, Barangay Addition Hills, Mandaluyong City, Mandaluyong City, Metro Manila",CHED,true
Manila Adventist College,13097,,Private Sectarian Non-Stock,Private,National Capital Region (NCR),,,,"1975 Donada Street, Pasay City, Metro Manila",CHED,true
Manila Business College,13296,,Private Non-Sectarian Non-Stock,Private,National Capital Region (NCR),,,,"CCK Bldg., 1671 Alvarez St., cor. M. Hizon St., Sta. Cruz, Manila, City of Manila, Metro Manila",CHED,true
Manila Cathedral College,N_0022,,"Others, please specify",,National Capital Region (NCR),,,,"287 Tayuman, Tondo, Manila, City of Manila, Metro Manila",CHED,true
Manila Central University,13094,,Private Non-Sectarian Stock,Private,National Capital Region (NCR),,,,"Samson Road Brgy. Zone 8, Caloocan City, Metro Manila",CHED,true
Manila Law College,13096,,"Others, please specify",,National Capital Region (NCR),,,,"641 Sales Street, Sta. Cruz Manila, City of Manila, Metro Manila",CHED,true
"Manila Montessori College, Caloocan",13286,,"Others, please specify",,National Capital Region (NCR),,,,"- - -, Caloocan City, Metro Manila",CHED,true
"Manila Montessori College, Lagro",13287,,"Others, please specify",,National Capital Region (NCR),,,,"- - -, Quezon City, Metro Manila",CHED,true
"Manila Montessori College, Manila",13247,,"Others, please specify",,National Capital Region (NCR),,,,"Espana, Sampaloc, Manila, City of Manila, Metro Manila",CHED,true
"Manila Montessori College, Munoz",13288,,"Others, please specify",,National Capital Region (NCR),,,,"304 Roosevelt Ave., cor M.H. Del Pilar St., Quezon City, Quezon City, Metro Manila",CHED,true
Manila Theological College,13098,,"Others, please specify",,National Capital Region (NCR),,,,"478 Manga Ave., Sampaloc, Manila, City of Manila, Metro Manila",CHED,true
Manila Tytana Colleges,13095,,"Others, please specify",,National Capital Region (NCR),,,,"Metropolitan Park, Pres. Diosdado Macapagal Blvd., Pasay City, Metro Manila",CHED,true
Manuel L. Quezon University,13099,,Private Non-Sectarian Stock,Private,National Capital Region (NCR),,,,"804 Epifanio Delos Santos Avenue, Diliman, Quezon City, Metro Manila",CHED,true
"Mapua University, Makati",13100a,,Private Non-Sectarian Stock,Private,National Capital Region (NCR),,,,"RCBC Bldg. corner N. Garcia St.& Pedro Gil Sts., Makati City, Metro Manila",CHED,true
"Mapua University, Manila",13100,,Private Sectarian Non-Stock,Private,National Capital Region (NCR),,,,"Muralla St., Intramuros, Manila, City of Manila, Metro Manila",CHED,true
Marianum College,13441,,Private Sectarian Non-Stock,Private,National Capital Region (NCR),,,,"146 D. Magallanes St. Tunasan, Muntinlupa City, Metro Manila",CHED,true
Marie-Bernarde College Inc.,13336,,Private Sectarian Non-Stock,Private,National Capital Region (NCR),,,,"4th Floor, R&J Bldg., Quirino Highway, Novaliches, Quezon City, Quezon City, Metro Manila",CHED,true
Marikina Polytechnic College,13101,,Chartered State College/University (Main),,National Capital Region (NCR),,,,"Mayor Chanyungco St., Sta. Elena, Marikina City, Marikina City, Metro Manila",CHED,true
"Martinez Colleges, Inc.",13102,,Private Non-Sectarian Stock,Private,National Capital Region (NCR),,,,"198 A. Mabini St., Maypajo, 1400, Caloocan City, Metro Manila",CHED,true
Mary Chiles College,13103,,Private Non-Sectarian Stock,Private,National Capital Region (NCR),,,,"667 Gastambide St., Sampaloc, Manila, City of Manila, Metro Manila",CHED,true
Mary Johnston College,13104,,"Others, please specify",,National Capital Region (NCR),,,,"1221 Juan Nolasco Street, Tondo, Manila, City of Manila, Metro Manila",CHED,true
Mary the Queen College of Quezon City Inc.,13337,,Private Non-Sectarian Non-Stock,Private,National Capital Region (NCR),,,,"Road 44 Commonwealth Avenue, Quezon City, Metro Manila",CHED,true
Medici di Makati College,13159,,Private Non-Sectarian Stock,Private,National Capital Region (NCR),,,,"1061 Metropolitan Ave, Village, 1203, Makati City, Metro Manila",CHED,true
Meridian International College of Business and Arts,13391,,Private Sectarian Stock,Private,National Capital Region (NCR),,,,"1030 Campus Ave., 2/F Commerce and Industry Plaza Bldg., Upper McKinley, Global City, Taguig City, Taguig City, Metro Manila",CHED,true
"Messiah College Foundation, Inc.",13359,,"Others, please specify",,National Capital Region (NCR),,,,"Unit 406 West Tower, Philippine Stock Exchange Center, Exchange Road, Pasig City, Pasig City, Metro Manila",CHED,true
"Metro Business College, Pasay",13107,,Private Sectarian Stock,Private,National Capital Region (NCR),,,,"200 Dolores St., Arnaiz Avenue, Pasay City, Metro Manila",CHED,true
Metro Business Computer College (Quezon City),13108,,"Others, please specify",,National Capital Region (NCR),,,,"627 Valencia Bldg. Cubao Quezon City, Quezon City, Metro Manila",CHED,true
Metro Manila College,13109,,Private Non-Sectarian Stock,Private,National Capital Region (NCR),,,,"University Site Barangay Kaligayahan, Novaliches, Quezon City, Metro Manila",CHED,true
Metro Polytechnic College,13299,,"Others, please specify",,National Capital Region (NCR),,,,"Ph.1 Pkg.2 Blk.1 Lot.1 Bagong Silang, Caloocan City, Caloocan City, Metro Manila",CHED,true
Metropolitan Institute of Arts and Sciences,13442,,Private Non-Sectarian Non-Stock,Private,National Capital Region (NCR),,,,"4408 Capricorn corner Pisces St., Ma. Luisa Subdivision, Zabarte Road, Camarin, Caloocan City, Metro Manila",CHED,true
"Metropolitan Medical Center College of Arts, Science and Technology, Inc.",13110,,Private Non-Sectarian Non-Stock,Private,National Capital Region (NCR),,,,"1357 G. Masangkay St., Sta. Cruz, Manila, City of Manila, Metro Manila",CHED,true
MFI Polytechnic Institute Inc.,13432,,"Others, please specify",,National Capital Region (NCR),,,,"MFI Building, Ortigas Avenue, 1605 Pasig City, Pasig City, Metro Manila",CHED,true
Miriam College,13111,,Private Non-Sectarian Non-Stock,Private,National Capital Region (NCR),,,,"Katipunan Road, Loyola Heights, Quezon City, Quezon City, Metro Manila",CHED,true
Mother of Life Center,13112,,Private Sectarian Non-Stock,Private,National Capital Region (NCR),,,,"# 123 Susano Road, San Agustin, Novaliches, Quezon City, Quezon City, Metro Manila",CHED,true
NAMEI Polytechnic Institute,13115,,Private Non-Sectarian Stock,Private,National Capital Region (NCR),,,,"P. Sanchez St., Sta. Mesa, Manila, City of Manila, Metro Manila",CHED,true
National Aviation Academy of the Philippines,13149,,Chartered State College/University (Main),,National Capital Region (NCR),,,,"Piccio Garden, Â Villamor, Pasay City, Pasay City, Metro Manila",CHED,true
National Christian Life College,13311,,Private Non-Sectarian Non-Stock,Private,National Capital Region (NCR),,,,"# 7 1st Street, Marikina City, Marikina City, Metro Manila",CHED,true
"National College of Business and Arts, Cubao",13116,,Private Non-Sectarian Stock,Private,National Capital Region (NCR),,,,"994 Aurora Blvd., Cubao, Quezon City, Quezon City, Metro Manila",CHED,true
"National College of Business and Arts, Fairview",13117,,Private Non-Sectarian Stock,Private,National Capital Region (NCR),,,,"Commonwealth Ave., cor. Regalado St. Fairview, Quezon City, Metro Manila",CHED,true
National Defense College,13253,,CHED-Supervised Institution,,National Capital Region (NCR),,,,"Logcom Area, Camp Aguinaldo, Quezon City, Quezon City, Metro Manila",CHED,true
National Polytechnic College of Science and Technology,13360,,Private Sectarian Non-Stock,Private,National Capital Region (NCR),,,,"Lot22 Block 125 Quirino Avenue, Lagro, Quezon City, Quezon City, Metro Manila",CHED,true
National University,13121,,Private Sectarian Non-Stock,Private,National Capital Region (NCR),,,,"551 M.F. Jhocson St. Sampaloc Manila, City of Manila, Metro Manila",CHED,true
Navotas Polytechnic College,13122,,Local Government College/University,,National Capital Region (NCR),,,,"Bangus St. North Bay Boulevard South, Navotas City, Metro Manila, Navotas City, Metro Manila",CHED,true
NBS College,13448,,Private Non-Sectarian Stock,Private,National Capital Region (NCR),,,,"Quezon Avenue corner Sct. Borromeo, Quezon City, Metro Manila",CHED,true
New England College,13343,,"Others, please specify",,National Capital Region (NCR),,,,"#40 Quezon Avenue, Quezon City, Quezon City, Metro Manila",CHED,true
New Era University,13123,,Private Non-Sectarian Non-Stock,Private,National Capital Region (NCR),,,,"No. 9 Central Ave., New Era, Quezon City, Metro Manila",CHED,true
"NOVA College, Inc.",13245,,"Others, please specify",,National Capital Region (NCR),,,,"3rd Flr. Gonzalez Bldg., 1197 EDSA, Quezon City, Quezon City, Metro Manila",CHED,true
NOVAGEN Colleges,13352,,"Others, please specify",,National Capital Region (NCR),,,,"#797 Quirino Highway, Gulod, Novaliches, Quezon City, Quezon City, Metro Manila",CHED,true
"NRS Institute of Technology, Manila",N_0029,,"Others, please specify",,National Capital Region (NCR),,,,"Manila, City of Manila, Metro Manila",CHED,true
NU East Ortigas Incorporated,N_0031,,"Others, please specify",,National Capital Region (NCR),,,,"Ortigas Avenue Extension, Brgy. Sta. Lucia, Pasig, Pasig City, Metro Manila",CHED,true
NU Fairview Incorporated,13459,,Private Non-Sectarian Non-Stock,Private,National Capital Region (NCR),,,,"SM Fairview Complex, Quirino High-way, corner Regalado High-way, Quezon City, Metro Manila",CHED,true
NU MOA Incorporated,N_0028,,Private Non-Sectarian Non-Stock,Private,National Capital Region (NCR),,,,"Mall of Asia Complex, Zone 10, CBP-1A Coral Way, Barangay 76, Pasay City, Pasay City, Metro Manila",CHED,true
"O.B. Montessori Center, Inc.",13238,,"Others, please specify",,National Capital Region (NCR),,,,"#3 Eisenhower Street, Greenhills, San Juan, Metro Manila, San Juan City, Metro Manila",CHED,true
"Olivarez College, Inc.",13124,,Private Sectarian Non-Stock,Private,National Capital Region (NCR),,,,"Dr. A. Santos Avenue, San Dionisio, Parañaque City, Metro Manila",CHED,true
Our Lady of Fatima University (Fatima Medical Science Foundation Inc.),13125,,Private Non-Sectarian Non-Stock,Private,National Capital Region (NCR),,,,"120 McArthur Highway, Valenzuela City, Metro Manila",CHED,true
"Our Lady of Fatima University, Quezon City",13269,,Private Non-Sectarian Stock,Private,National Capital Region (NCR),,,,"#1 Esperanza St. Hilltop Subdivision, Lagro, Quezon City, Metro Manila",CHED,true
"Our Lady of Guadalupe Colleges, Inc.",13316,,Private Non-Sectarian Stock,Private,National Capital Region (NCR),,,,"Sierra Madre St. cor. I Esteban St., Mandaluyong City, Mandaluyong City, Metro Manila",CHED,true
Our Lady of Lourdes College,13126,,Private Non-Sectarian Stock,Private,National Capital Region (NCR),,,,"5031 Gen. T. de Leon, Valenzuela City, Metro Manila",CHED,true
Our Lady of Lourdes Technological College,13270,,Private Non-Sectarian Stock,Private,National Capital Region (NCR),,,,"105 General Luis St., Novaliches, Quezon City, Metro Manila",CHED,true
Our Lady of Perpetual Succor College,13218,,Private Non-Sectarian Non-Stock,Private,National Capital Region (NCR),,,,"Gen. Ordonez St., Concepcion Uno, Marikina City, Marikina City, Metro Manila",CHED,true
"Our Lady of the Angels Seminary - College, Inc.",13127,,Private Non-Sectarian Non-Stock,Private,National Capital Region (NCR),,,,"Seminary Road, Bagbag, Novaliches, Quezon City, Quezon City, Metro Manila",CHED,true
Our Lords Grace Montessori School & Colleges,13248,,"Others, please specify",,National Capital Region (NCR),,,,"Commonwealth Avenue, Diliman, Quezon City 1104, Quezon City, Metro Manila",CHED,true
PACE Graduate School of Christian Education,13129,,Private Non-Sectarian Non-Stock,Private,National Capital Region (NCR),,,,"#22 Third Avenue, Cubao, Quezon City, Quezon City, Metro Manila",CHED,true
Paco Catholic School,N_0024,,"Others, please specify",,National Capital Region (NCR),,,,"1521 Paz Street, Paco, City of Manila, Metro Manila",CHED,true
Pamantasan ng Lungsod ng Marikina,13347,,Local Government College/University,,National Capital Region (NCR),,,,"Panama Corner. Brazil Street., Greenheights Subd., Concepcion Uno, Marikina City, Metro Manila",CHED,true
Pamantasan ng Lungsod ng Valenzuela,13335,,Local Government College/University,,National Capital Region (NCR),,,,"Maysan Road corner Tongco Street, Maysan, Valenzuela City, Metro Manila",CHED,true
"Pasig Catholic College, Inc.",13133,,"Others, please specify",,National Capital Region (NCR),,,,"Justice Ramon Jabson St., Malinao, Pasig City, Metro Manila",CHED,true
PATTS College of Aeronautics,13134,,Private Non-Sectarian Stock,Private,National Capital Region (NCR),,,,"Lombos Avenue, San isidro, Parañaque City, Metro Manila",CHED,true
"Perpetual Help College of Manila, Inc.",13135,,Private Non-Sectarian Stock,Private,National Capital Region (NCR),,,,"1504 Laong -Laan St. corner Gelinos St., Sampaloc, Manila, City of Manila, Metro Manila",CHED,true
Philippine Christian University,13138,,Private Sectarian Non-Stock,Private,National Capital Region (NCR),,,,"1648 Taft Avenue, Cor. Pedro Gil St., City of Manila, Metro Manila",CHED,true
Philippine College of Criminology,13139,,Private Sectarian Non-Stock,Private,National Capital Region (NCR),,,,"641 Sales Street, Sta. Cruz, Manila, City of Manila, Metro Manila",CHED,true
"Philippine College of Health and Sciences, Inc.",13140,,Private Non-Sectarian Stock,Private,National Capital Region (NCR),,,,"1813 C.M. Recto Ave., Zone 041, Brgy 395, Sampaloc, City of Manila, Metro Manila",CHED,true
Philippine Cultural College,13369,,Private Non-Sectarian Non-Stock,Private,National Capital Region (NCR),,,,"46 M. Cuenco corner D. Tuazon Sts., Barangay Lourdes, Quezon City, Metro Manila",CHED,true
Philippine Dominican Center of Institutional Studies,13137,,Private Sectarian Non-Stock,Private,National Capital Region (NCR),,,,"Sto. Domingo Convent, 537 Quezon Avenue, 1114 Quezon City, Quezon City, Metro Manila",CHED,true
Philippine Law School,13142,,Private Non-Sectarian Non-Stock,Private,National Capital Region (NCR),,,,"2188 F.B. Harrison Street, Pasay City, Pasay City, Metro Manila",CHED,true
Philippine Merchant Marine School,13144,,Private Non-Sectarian Stock,Private,National Capital Region (NCR),,,,"Lope de Vega, Sta. Cruz, Manila, City of Manila, Metro Manila",CHED,true
"Philippine Merchant Marine School, Las Piñas",13145,,Private Non-Sectarian Stock,Private,National Capital Region (NCR),,,,"San Antonio Valley Road Talon I, Las Piñas City, Metro Manila",CHED,true
Philippine Normal University (Main),13146,,Chartered State College/University (Main),,National Capital Region (NCR),,,,"Taft Avenue corner Ayala Boulevard, Ermita, Manila, City of Manila, Metro Manila",CHED,true
Philippine Public Safety College,13254,,CHED-Supervised Institution,,National Capital Region (NCR),,,,"Fort Bonifacio, Makati City, Makati City, Metro Manila",CHED,true
"Philippine Rehabilitation Institute Foundation, Inc.",13236,,Private Non-Sectarian Foundation,Private,National Capital Region (NCR),,,,"56 Banawe St., Quezon City, Metro Manila",CHED,true
Philippine School for Business Administration Manila,13148,,Private Non-Sectarian Non-Stock,Private,National Capital Region (NCR),,,,"826 R. Papa Street, Sampaloc, Manila, City of Manila, Metro Manila",CHED,true
"Philippine School of Business Administration, Quezon City",13147,,Private Non-Sectarian Stock,Private,National Capital Region (NCR),,,,"1029 Aurora Boulevard, Quezon City, Metro Manila",CHED,true
"Philippine School of Interior Design-Ahlen Institute, Inc.",13426,,Private Sectarian Non-Stock,Private,National Capital Region (NCR),,,,"30 Bayani Road, AFPOVAI, Taguig City, Metro Manila",CHED,true
Philippine Science & Technology Centers-Alabang,13320,,"Others, please specify",,National Capital Region (NCR),,,,"Blk 3 Lot 12 Hon. Roman Cruz Soldierns Hills, Putatan, Muntinlupa City, Metro Manila",CHED,true
Philippine Science & Technology Centers-Cubao,13318,,"Others, please specify",,National Capital Region (NCR),,,,"Cubao, Quezon City, Metro Manila",CHED,true
"Philippine Womens University, Manila",13150,,Private Non-Sectarian Non-Stock,Private,National Capital Region (NCR),,,,"1743 Taft Avenue, Malate, Metro Manila, City of Manila, Metro Manila",CHED,true
PHILSIN College Foundation Inc.,13152,,Private Non-Sectarian Foundation,Private,National Capital Region (NCR),,,,"3153 R. Magsaysay Boulevard, Sta. Mesa, Manila, City of Manila, Metro Manila",CHED,true
"PHINMA St. Jude College Quezon City, Inc.",13160,,Private Non-Sectarian Stock,Private,National Capital Region (NCR),,,,"42-18th Ave., Murphy, Quezon City, Metro Manila",CHED,true
"PMI Colleges, Manila",13153,,Private Non-Sectarian Stock,Private,National Capital Region (NCR),,,,"419 W. Burke St., Sta. Cruz, Manila, City of Manila, Metro Manila",CHED,true
"PMI Colleges, Quezon City",13154,,Private Non-Sectarian Stock,Private,National Capital Region (NCR),,,,"73 Roosevelt Avenue, Quezon City, Quezon City, Metro Manila",CHED,true
PNTC Colleges,13413,,"Others, please specify",,National Capital Region (NCR),,,,"5/F Intramuros Corporate Plaza Recoletos St. Intramuros, City of Manila, Metro Manila",CHED,true
Polytechnic University of the Philippines,13155,,Chartered State College/University (Main),,National Capital Region (NCR),,,,"Anonas St., Sta. Mesa, Manila, City of Manila, Metro Manila",CHED,true
"Polytechnic University of the Philippines, Commonwealth",13323,,Chartered State College/University (Satellite Campus),,National Capital Region (NCR),,,,"Don Fabian St., Commonwealth, Quezon City, Quezon City, Metro Manila",CHED,true
"Polytechnic University of the Philippines, Paranaque",13155P,,Chartered State College/University (Satellite Campus),,National Capital Region (NCR),,,,"Paranaque City, Parañaque City, Metro Manila",CHED,true
"Polytechnic University of the Philippines, San Juan",13155I,,Chartered State College/University (Satellite Campus),,National Capital Region (NCR),,,,"223 Ortigas Corner E. Mabini, Brgy. Addition Hills, San Juan City, San Juan City, Metro Manila",CHED,true
"Polytechnic University of the Philippines, Taguig",13156,,Chartered State College/University (Satellite Campus),,National Capital Region (NCR),,,,"Gen. Santos Ave., Lower Bicutan, Taguig City, Metro Manila",CHED,true
Polytechnic University of The Philippines-Open University,13155a,,Chartered State College/University (Satellite Campus),,National Capital Region (NCR),,,,,CHED,true
Quezon City University,13346,,Local Government College/University,,National Capital Region (NCR),,,,"673 Quirino Highway, San Bartolome, Novaliches, Quezon City, Metro Manila",CHED,true
Quezon Memorial Colleges,13158,,"Others, please specify",,National Capital Region (NCR),,,,"- - -, Quezon City, Metro Manila",CHED,true
Recoletos School of Theology,13427,,Private Sectarian Non-Stock,Private,National Capital Region (NCR),,,,"81 Alondras St., Quezon City, Metro Manila",CHED,true
Regis Marie College,13091,,Private Sectarian Foundation,Private,National Capital Region (NCR),,,,"3rd Floor Magdelena Arcade, Gatchalian. San Dionisio, Parañaque City, Metro Manila",CHED,true
Rizal Technological University,13161,,Chartered State College/University (Main),,National Capital Region (NCR),,,,"Boni Avenue, Mandaluyong City, Metro Manila",CHED,true
Rizal Technological University - Pasig,13416,,"Others, please specify",,National Capital Region (NCR),,,,"M. Eusebio Avenue, Maybunga, San Miguel, Pasig City, Metro Manila",CHED,true
Rogationist Seminary College of Philosophy,13325,,Private Sectarian Non-Stock,Private,National Capital Region (NCR),,,,"Fr. Hannibal Formation Center, 65 Carmelite St., Merville Park, 1700 Paranaque City, Parañaque City, Metro Manila",CHED,true
Romarinda College Inc.,13421,,"Others, please specify",,National Capital Region (NCR),,,,"28A Meralco Ave, Pasig City, Metro Manila",CHED,true
"Saint Anthony Mary Claret College, Inc.",13035,,Private Sectarian Non-Stock,Private,National Capital Region (NCR),,,,"48 Cenacle Drive, Sanville Subdivision, Culiat, Tandang Sora, 1107, Quezon City, Metro Manila",CHED,true
Saint Dominic College of Arts and Science Gregdom Foundation Inc.,13344,,"Others, please specify",,National Capital Region (NCR),,,,"West Service Road, Hillside, Alabang, Muntinlupa City, Metro Manila",CHED,true
Saint Francis of Assisi College,13166,,Private Non-Sectarian Foundation,Private,National Capital Region (NCR),,,,"045 Admiral Village Talon, Las Piñas City, Metro Manila",CHED,true
Saint Marys College of San Juan,13342,,"Others, please specify",,National Capital Region (NCR),,,,"No. 11 J. de Mesa St., Little Baguio, San Juan City, Metro Manila",CHED,true
Saint Pedro Poveda College,13341,,Private Sectarian Stock,Private,National Capital Region (NCR),,,,"EDSA cor. Poveda St., Quezon City, Metro Manila",CHED,true
Saint Raphael Science College,13298,,"Others, please specify",,National Capital Region (NCR),,,,"APEX Bldg., J.P. Rizal Extension, Comembo, Makati City, Metro Manila",CHED,true
"Saint Rita College, Manila",13172,,Private Sectarian Non-Stock,Private,National Capital Region (NCR),,,,"Plaza del Carmen, Quiapo, Manila, City of Manila, Metro Manila",CHED,true
"Saint Rita College, Paranaque",13173,,"Others, please specify",,National Capital Region (NCR),,,,"Dr. A. Santos Avenue, Sucat, Parañaque City, Metro Manila",CHED,true
"Samson College of Science and Technology, Manila",13176,,"Others, please specify",,National Capital Region (NCR),,,,"2128 Â Legarda Â Street, Â Quiapo, City of Manila, Metro Manila",CHED,true
"Samson College of Science and Technology, Quezon City",13177,,Private Non-Sectarian Stock,Private,National Capital Region (NCR),,,,"587 EDSA, Cubao, Quezon City, Metro Manila",CHED,true
San Beda College Alabang,13220,,Private Sectarian Non-Stock,Private,National Capital Region (NCR),,,,"8 Don Manolo Blvd., Alabang Hills Village, Muntinlupa City, Metro Manila",CHED,true
San Beda University,13178,,Private Sectarian Non-Stock,Private,National Capital Region (NCR),,,,"638 Mendiola, St., San Miguel, Manila 1005, City of Manila, Metro Manila",CHED,true
San Carlos Seminary,13179,,Private Sectarian Non-Stock,Private,National Capital Region (NCR),,,,"EDSA, Guadalupe Viejo, 1211 Makati City, Makati City, Metro Manila",CHED,true
"San Juan de Dios Educational Foundation, Inc.",13180,,Private Sectarian Non-Stock,Private,National Capital Region (NCR),,,,"2772-2774 Roxas Blvd., 1300, Pasay City, Metro Manila",CHED,true
San Sebastian College-Recoletos,13181,,Private Non-Sectarian Non-Stock,Private,National Capital Region (NCR),,,,"Claro M. Recto Avenue, Sampaloc, Manila, City of Manila, Metro Manila",CHED,true
Santa Isabel College of Manila,13183,,Private Sectarian Non-Stock,Private,National Capital Region (NCR),,,,"210 Taft Avenue , Metro Manila, City of Manila, Metro Manila",CHED,true
Sapphire International Aviation Academy,13443,,Private Non-Sectarian Non-Stock,Private,National Capital Region (NCR),,,,"8227 Dr. A. Santos Avenue, Westmont Village, Brgy. San Isidro, Parañaque City, Metro Manila",CHED,true
School of Fashion and the Arts,13409,,Private Non-Sectarian Non-Stock,Private,National Capital Region (NCR),,,,"399 ENZO bldg., Gil Puyat Avenue, Makati City, Metro Manila",CHED,true
Siena College,13185,,Private Non-Sectarian Non-Stock,Private,National Capital Region (NCR),,,,"Del Monte Avenue, Quezon City, Metro Manila",CHED,true
South CompEdge College,13452,,Private Non-Sectarian Non-Stock,Private,National Capital Region (NCR),,,,"Protacio Bldg., 260 Quirino Avenue, Baclaran, Parañaque City, Metro Manila",CHED,true
South Mansfield College,13349,,Private Non-Sectarian Stock,Private,National Capital Region (NCR),,,,"Roman Cruz Avenue, Soldier Hills, Muntinlupa City, Muntinlupa City, Metro Manila",CHED,true
South SEED LPDH College,13399,,Private Non-Sectarian Non-Stock,Private,National Capital Region (NCR),,,,"7 Tropical Ave., BF Homes International, Las Piñas City, Metro Manila",CHED,true
Southeast Asia Christian College,13430,,Private Sectarian Non-Stock,Private,National Capital Region (NCR),,,,"#2 Mulawin St., Amparo Subd., Caloocan City, Metro Manila",CHED,true
"Southeast Asian College, Inc.",13200,,Private Sectarian Non-Stock,Private,National Capital Region (NCR),,,,"6 N Ramirez St. Quezon City, Quezon City, Metro Manila",CHED,true
Southeastern College,13186,,Private Sectarian Non-Stock,Private,National Capital Region (NCR),,,,"College Road, Pasay City, Pasay City, Metro Manila",CHED,true
Southville International School Affiliated with Foreign Universities,13411,,Private Non-Sectarian Non-Stock,Private,National Capital Region (NCR),,,,"Lima corner Luxembourg Street, BF International, Las Piñas City, Metro Manila",CHED,true
Southville International School and Colleges,13314,,Private Non-Sectarian Stock,Private,National Capital Region (NCR),,,,"2181 Tropical Avenue corner Luxembourg St., BF Homes International, Las Pinas City, Las Piñas City, Metro Manila",CHED,true
"St. Augustine College of Nursing, Las Pinas",13380,,Private Non-Sectarian Non-Stock,Private,National Capital Region (NCR),,,,"165 Real St., Alabang, Zapote Road, Pamplona I, Las Pinas City, Las Piñas City, Metro Manila",CHED,true
"St. Augustine College-Quezon City, Inc.",13434,,"Others, please specify",,National Capital Region (NCR),,,,"Bencrest Bldg., Philam EDSA, Quezon City, Quezon City, Metro Manila",CHED,true
"St. Bernadette College of Alabang, Inc.",13242,,Private Non-Sectarian Non-Stock,Private,National Capital Region (NCR),,,,"Km. 23.6 East Service Road, Udings Compound, Alabang, Muntinlupa City, Muntinlupa City, Metro Manila",CHED,true
St. Bernadette of Lourdes College,13338,,Private Sectarian Non-Stock,Private,National Capital Region (NCR),,,,"1 Omega cor. Timex St., West Fairview, Quezon City, Metro Manila",CHED,true
St. Camillus College Seminary,13163,,"Others, please specify",,National Capital Region (NCR),,,,"44 Apitong St., Marikina Heights, Marikina City, Marikina City, Metro Manila",CHED,true
St. Chamuel College,13450,,Private Non-Sectarian Stock,Private,National Capital Region (NCR),,,,"#83 Gen. Luna St., Tuktukan, Taguig City, Metro Manila",CHED,true
St. Clare College of Caloocan,13272,,Private Non-Sectarian Stock,Private,National Capital Region (NCR),,,,"Old Zabarte Road, Camarin, Caloocan City, Caloocan City, Metro Manila",CHED,true
St. Dominic Institute,13381,,"Others, please specify",,National Capital Region (NCR),,,,"RNA Bldg., Lot 16 Blk 124, Quirino Highway, Brgy. Greater Lagro, Novaliches, Quezon City, Quezon City, Metro Manila",CHED,true
St. Dominic Savio College,13221,,Private Non-Sectarian Non-Stock,Private,National Capital Region (NCR),,,,"Blk 1 Lot 6 Mountain Heights Subdivision Quirino Highway, Caloocan City, Metro Manila",CHED,true
St. Felicity College,13449,,"Others, please specify",,National Capital Region (NCR),,,,"Almeda St. San Roque, Pateros, Metro Manila",CHED,true
St. Francis Divine College,13164,,"Others, please specify",,National Capital Region (NCR),,,,"Salvia St.,St. Dominic No.12 Subd., Novaliches, Quezon City, Quezon City, Metro Manila",CHED,true
St. Francis Technical Institute,13460,,Private Non-Sectarian Non-Stock,Private,National Capital Region (NCR),,,,"30 Zapote St., PHHC Area-D, Camarin, Caloocan City, Metro Manila",CHED,true
St. Ignatius of Loyola College,13378x,,"Others, please specify",,National Capital Region (NCR),,,,"2/F Prosperity West Center, 92A West Avenue, Quezon City, Metro Manila",CHED,true
St. James College of Paranaque,13300,,"Others, please specify",,National Capital Region (NCR),,,,"8408 Dr. A. Santos Avenue, Sucat Road, Parañaque City, Metro Manila",CHED,true
St. James College of Quezon City,13273,,"Others, please specify",,National Capital Region (NCR),,,,"4 Magdalo St., Philvirra Homes, Tandang Sora, Quezon City, Metro Manila",CHED,true
"St. John Berchmans School of Manila Foundation, Inc.",N_0003,,"Others, please specify",,National Capital Region (NCR),,,,"815 R. Papa St., Sampaloc, City of Manila, Metro Manila",CHED,true
"St. John of Beverly School, Inc.",13351,,Private Non-Sectarian Non-Stock,Private,National Capital Region (NCR),,,,"749 Quirino Highway, San Bartolome, Novaliches, Quezon City, Quezon City, Metro Manila",CHED,true
St. John Technological College of the Philippines,13222,,Private Non-Sectarian Non-Stock,Private,National Capital Region (NCR),,,,"892 Alfina Bldg. Gulod, Quirino Highway, Novaliches, Quezon City, Quezon City, Metro Manila",CHED,true
St. Josephs College of Quezon City,13168,,Private Sectarian Non-Stock,Private,National Capital Region (NCR),,,,"295 E. Rodriguez Sr. Blvd., Quezon City, Quezon City, Metro Manila",CHED,true
"St. Jude College, Inc.",13169,,Private Non-Sectarian Stock,Private,National Capital Region (NCR),,,,"Dimasalang cor. Don Quijote St. Sampaloc, Manila, City of Manila, Metro Manila",CHED,true
St. Louis College Valenzuela,13141,,Private Non-Sectarian Stock,Private,National Capital Region (NCR),,,,"#005 Maysan Road, Valenzuela City, Metro Manila",CHED,true
"St. Lukes Medical Center College of Medicine - William H. Quasha Memorial, Inc.",13188,,Private Sectarian Non-Stock,Private,National Capital Region (NCR),,,,"Sta. Ignaciana Street, New Manila, Quezon City, Quezon City, Metro Manila",CHED,true
St. Mary's College Inc.,13306,,Private Sectarian Non-Stock,Private,National Capital Region (NCR),,,,"37 Mother Ignacia Avenue, Quezon City, Metro Manila",CHED,true
St. Marys College of Novaliches Quezon City,N_0020,,"Others, please specify",,National Capital Region (NCR),,,,"2 Jerusalem St., North Olympus Subd. Novaliches, Quezon City, Metro Manila",CHED,true
St. Paul University Manila,13170,,Private Sectarian Non-Stock,Private,National Capital Region (NCR),,,,"680 Pedro Gil St., Malate, City of Manila, Metro Manila",CHED,true
St. Paul University Quezon City,13171,,Private Sectarian Non-Stock,Private,National Capital Region (NCR),,,,"16 Aurora Blvd. cor. Gilmore Ave. New Manila, Quezon City, Quezon City, Metro Manila",CHED,true
St. Rita Hospital College of Nursing and School of Midwifery,13189,,"Others, please specify",,National Capital Region (NCR),,,,"2407 T. Earnshaw Street, Gagalangin, Tondo, City of Manila, Metro Manila",CHED,true
St. Scholasticas College,13174,,Private Sectarian Non-Stock,Private,National Capital Region (NCR),,,,"2560 Leon Guinto St., Malate, Manila, City of Manila, Metro Manila",CHED,true
St. Therese of the Child Jesus Institute of Arts and Sciences,13412,,Private Non-Sectarian Non-Stock,Private,National Capital Region (NCR),,,,"4/F Wardley Bldg.,, 1991 Taft Ave., corner San Juan St., Pasay City, Metro Manila",CHED,true
St. Vincent de Ferrer College of Camarin,13403,,Private Non-Sectarian Non-Stock,Private,National Capital Region (NCR),,,,"Caloocan City, Metro Manila",CHED,true
STA College of Computer Science,N_0011,,"Others, please specify",,National Capital Region (NCR),,,,"189 Salcedo St., Legaspi Village, Makati City, Metro Manila",CHED,true
Sta. Catalina College,13182,,Private Sectarian Non-Stock,Private,National Capital Region (NCR),,,,"2660 Â Legarda Street, Â Sampaloc. Manila, City of Manila, Metro Manila",CHED,true
Sta. Cecilia College,13356,,"Others, please specify",,National Capital Region (NCR),,,,"108 Gen. T. de Leon St., Valenzuela City, Metro Manila",CHED,true
Stella Maris College - Lumen Christi Catechetical Center,13191,,Private Sectarian Non-Stock,Private,National Capital Region (NCR),,,,"Cambridge St., Cubao, Quezon City, Quezon City, Metro Manila",CHED,true
STI College Alabang,13223,,Private Non-Sectarian Stock,Private,National Capital Region (NCR),,,,"RZB Building Interior, Alabang, Muntinlupa City, Muntinlupa City, Metro Manila",CHED,true
STI College Caloocan,13227,,Private Non-Sectarian Non-Stock,Private,National Capital Region (NCR),,,,"109 Samson Road corner Caimito Road, Caloocan City, Metro Manila",CHED,true
STI College Cubao,13224,,Private Non-Sectarian Non-Stock,Private,National Capital Region (NCR),,,,"P. Tuazon Boulevard Corner 5th Avenue, Cubao, Quezon City, Quezon City, Metro Manila",CHED,true
STI College Fairview,13232,,Private Non-Sectarian Non-Stock,Private,National Capital Region (NCR),,,,"70 Regalado Avenue, North Fairview, Quezon City, Metro Manila",CHED,true
STI College Global City,13226,,Private Non-Sectarian Non-Stock,Private,National Capital Region (NCR),,,,"University Parkway Drive, Bonifacio Global City, Taguig City, Metro Manila",CHED,true
STI College Las Piñas,13274,,Private Non-Sectarian Stock,Private,National Capital Region (NCR),,,,"Alabang Zapote Road, Pamplona, Las Piñas City, Metro Manila",CHED,true
STI College Makati,13228,,"Others, please specify",,National Capital Region (NCR),,,,"#250 Sen. Gil Puyat Avenue, Makati City, Makati City, Metro Manila",CHED,true
STI College Marikina,13294,,Private Sectarian Non-Stock,Private,National Capital Region (NCR),,,,"#289 L. de Guzman St., Concepcion, Marikina City, Marikina City, Metro Manila",CHED,true
STI College Muñoz-EDSA,13230,,Private Non-Sectarian Stock,Private,National Capital Region (NCR),,,,"Tanco-Cu Bldg., EDSA, Quezon City, Quezon City, Metro Manila",CHED,true
STI College Novaliches,13231,,Private Non-Sectarian Non-Stock,Private,National Capital Region (NCR),,,,"Diamond Ave., corner Quirino Highway, Brgy., San Bartolome, Novaliches Quezon City, Quezon City, Metro Manila",CHED,true
STI College Paranaque,13275,,"Others, please specify",,National Capital Region (NCR),,,,"STI College Bldg, 8192 Dr. A. Santos Ave. corner Palanyag Road, Sucat, Parañaque City, Metro Manila",CHED,true
STI College Pasay-Edsa,13233,,Private Non-Sectarian Stock,Private,National Capital Region (NCR),,,,"#2818 EDSA Extension corner P. Celle St., Barangay 75, San Rafael, Pasay City, Metro Manila",CHED,true
STI College Quezon Avenue,13317,,"Others, please specify",,National Capital Region (NCR),,,,"133 Quezon Avenue, Quezon City, Metro Manila",CHED,true
STI College Recto,13234,,"Others, please specify",,National Capital Region (NCR),,,,"1914 Dona Faustina Bldg., C.M. Recto Ave., City of Manila, Metro Manila",CHED,true
STI College Sta. Mesa,13225,,Private Non-Sectarian Stock,Private,National Capital Region (NCR),,,,"STI Academic Center, P. Sanchez Street corner Pat Antonio Street, Sta. Mesa, Manila, City of Manila, Metro Manila",CHED,true
"Sto Nino de Novaliches School, Inc.",13334,,"Others, please specify",,National Capital Region (NCR),,,,"36 Buenamar Subd., Novaliches, Quezon City, Quezon City, Metro Manila",CHED,true
Sts. John and Paul Colleges,N_0012,,"Others, please specify",,National Capital Region (NCR),,,,"926 Pasay Road, Makati City, Makati City, Metro Manila",CHED,true
Systems Plus Computer College - Caloocan,13240,,Private Non-Sectarian Stock,Private,National Capital Region (NCR),,,,"141-143 Cor. 6th and 7th Sts., 10th Avenue, Caloocan City, Caloocan City, Metro Manila",CHED,true
Systems Plus Computer College - Quezon City,13192,,Private Non-Sectarian Non-Stock,Private,National Capital Region (NCR),,,,"1707 E. Rodriguez Sr. Avenue, Cubao, Quezon City, Quezon City, Metro Manila",CHED,true
Tasashyass College,13366,,"Others, please specify",,National Capital Region (NCR),,,,"#9 Zabarte Road, Ma. Luisa Subd., Brgy. 177 Camarin, Caloocan City, Caloocan City, Metro Manila",CHED,true
"Taylor Institute of Technology, Inc.",N_0013,,"Others, please specify",,National Capital Region (NCR),,,,"Sampaloc, Manila, City of Manila, Metro Manila",CHED,true
Tech Pacific College,13264,,"Others, please specify",,National Capital Region (NCR),,,,"#91 14th Avenue Murphy Cubao, Quezon City, Quezon City, Metro Manila",CHED,true
Technological Institute of the Philippines,13193,,Private Non-Sectarian Stock,Private,National Capital Region (NCR),,,,"363 P. Casal Street, Quiapo, Manila, City of Manila, Metro Manila",CHED,true
"Technological Institute of the Philippines, Quezon City",13194,,Private Sectarian Non-Stock,Private,National Capital Region (NCR),,,,"938 Aurora Blvd., Cubao, Quezon City, Metro Manila",CHED,true
Technological University of the Philippines,13195,,Chartered State College/University (Main),,National Capital Region (NCR),,,,"Ayala Boulevard Ermita, Manila, City of Manila, Metro Manila",CHED,true
"Technological University of the Philippines, Taguig",13198,,Chartered State College/University (Satellite Campus),,National Capital Region (NCR),,,,"Km. 14 East Service Road South Superhighway, Taguig City, Metro Manila, Taguig City, Metro Manila",CHED,true
Thames International School Inc.,13304,,Private Non-Sectarian Stock,Private,National Capital Region (NCR),,,,"27 Calle Industria Â Bagumbayan, Libis, Quezon City, Quezon City, Metro Manila",CHED,true
"The CECCD Colleges, Inc.",13313,,"Others, please specify",,National Capital Region (NCR),,,,"#10 Pittsburg St., Cubao, Quezon City, Quezon City, Metro Manila",CHED,true
"The Family Clinic, Inc",13058,,Private Non-Sectarian Stock,Private,National Capital Region (NCR),,,,"1452 A. H. Lacson St. Sta Cruz, City of Manila, Metro Manila",CHED,true
The Fisher Valley College,13249,,Private Non-Sectarian Non-Stock,Private,National Capital Region (NCR),,,,"#5 Manuel L. Quezon Street Hagunoy, Taguig City, Metro Manila",CHED,true
"The Leadership, Innovation, Faith and Excellence Academy International Inc.",13372,,Private Sectarian Non-Stock,Private,National Capital Region (NCR),,,,"55 Paseo de Roxas Urdaneta Village, Makati City, Makati City, Metro Manila",CHED,true
"The Manila Times College, Inc.",13319,,"Others, please specify",,National Capital Region (NCR),,,,"3rd Flr. Sitio Grande Bldg. Intramuros, Manila, City of Manila, Metro Manila",CHED,true
The National Teachers College,13120,,Private Non-Sectarian Stock,Private,National Capital Region (NCR),,,,"629 J. Nepomuceno Street, Quiapo, Manila, City of Manila, Metro Manila",CHED,true
"The Philippine Womens University, Quezon City",13151,,"Others, please specify",,National Capital Region (NCR),,,,"EDSA, Quezon City, Quezon City, Metro Manila",CHED,true
The University of Manila,13202,,Private Non-Sectarian Stock,Private,National Capital Region (NCR),,,,"546 MV delos Santos St., Sampaloc, Manila, City of Manila, Metro Manila",CHED,true
Trace Computer and Business College,13196,,"Others, please specify",,National Capital Region (NCR),,,,"East Cloverleaf cor. P. Victor St., Guadalupe Makati City, Makati City, Metro Manila",CHED,true
Treston International College,13382,,Private Non-Sectarian Non-Stock,Private,National Capital Region (NCR),,,,"University Parkway District 32nd Street Corner C-5 Road BGC, Taguig City, Metro Manila",CHED,true
"Trinity Polytechnic College, Inc.",N_0023,,"Others, please specify",,National Capital Region (NCR),,,,"892 Alfina Bldg., Quirino Hi-way, Gulod, Quezon City, Quezon City, Metro Manila",CHED,true
Trinity University of Asia,13197,,Private Non-Sectarian Non-Stock,Private,National Capital Region (NCR),,,,"275 E. Rodriguez Sr. Blvd., Cathedral Heights, Quezon City, Metro Manila",CHED,true
U-BIX Colleges Inc.,13385,,Private Non-Sectarian Stock,Private,National Capital Region (NCR),,,,"Km 21 East Service Road, Brgy. Buli, Muntinlupa City, Muntinlupa City, Metro Manila",CHED,true
"Unciano Colleges and General Hospital, Incorporated",13199,,Private Non-Sectarian Stock,Private,National Capital Region (NCR),,,,"V.Mapa-Guadalcanal Sts., Sta. Mesa Manila, City of Manila, Metro Manila",CHED,true
"United Christian Academy College of Asia, Inc.",13453,,Private Non-Sectarian Non-Stock,Private,National Capital Region (NCR),,,,"17 Highlights St., Area IV, 4th Estate Subd., Brgy San Antonio, Sucat, Parañaque City, Metro Manila",CHED,true
Universal Colleges of Parañaque Inc.,13345,,Private Non-Sectarian Non-Stock,Private,National Capital Region (NCR),,,,"8273 Dr. A. Santos Ave., San Dionisio, Sucat, Parañaque City, Metro Manila",CHED,true
University of Asia and the Pacific,13028,,Private Non-Sectarian Non-Stock,Private,National Capital Region (NCR),,,,"Pearl Drive, Ortigas Center, Pasig City, Metro Manila",CHED,true
University of Perpetual Help System Dalta,13136,,Private Sectarian Stock,Private,National Capital Region (NCR),,,,"Alabang - Zapote Rd., Pamplona, Las Piñas City, Metro Manila",CHED,true
University of Santo Tomas,13203,,Private Non-Sectarian Non-Stock,Private,National Capital Region (NCR),,,,"Espana, Sampaloc, Manila, City of Manila, Metro Manila",CHED,true
University of the East Ramon Magsaysay Memorial Medical Center,13201,,Private Non-Sectarian Non-Stock,Private,National Capital Region (NCR),,,,"64 Aurora Boulevard, Barangay Dona Imelda, Quezon City, Quezon City, Metro Manila",CHED,true
"University of the East, Caloocan",13205,,Private Non-Sectarian Stock,Private,National Capital Region (NCR),,,,"Samson Road, Caloocan City, Metro Manila",CHED,true
"University of the East, Manila",13204,,Private Non-Sectarian Stock,Private,National Capital Region (NCR),,,,"2219 C.M. Recto Avenue, Manila, City of Manila, Metro Manila",CHED,true
UNIVERSITY OF THE PHILIPPINES MANILA - SCHOOL OF HEALTH SCIENCES,13207a,,Chartered State College/University (Main),,National Capital Region (NCR),,,,"Sevilla Street, City of Manila, Metro Manila",CHED,true
"University of the Philippines, Diliman",13206,,Chartered State College/University (Main),,National Capital Region (NCR),,,,"Diliman, Quezon City, Quezon City, Metro Manila",CHED,true
"University of the Philippines, Manila",13207,,Chartered State College/University (Satellite Campus),,National Capital Region (NCR),,,,"Padre Faura cor. Maria Orosa St., Ermita, Manila, City of Manila, Metro Manila",CHED,true
"UST Angelicum College, Inc.",13210,,Private Sectarian Non-Stock,Private,National Capital Region (NCR),,,,"112 M.J. Cuenco St., Quezon City, Quezon City, Metro Manila",CHED,true
Valenzuela City Technological College,13348,,Local Government College/University,,National Capital Region (NCR),,,,"VMTC Cmpd., Kamagong St., Fortune Village 6, Parada, Valenzuela City, Valenzuela City, Metro Manila",CHED,true
Victor R. Medina Junior College,13208,,"Others, please specify",,National Capital Region (NCR),,,,"1034 Quirino Ave., La Huerta, Paranaque City, Parañaque City, Metro Manila",CHED,true
Villagers Montessori College,13354,,"Others, please specify",,National Capital Region (NCR),,,,"#18 Dalsol St., GSIS Village, Project 8, Quezon City, Quezon City, Metro Manila",CHED,true
"WCC Aeronautical and Technological College - North Manila, Inc.",13331,,Private Non-Sectarian Non-Stock,Private,National Capital Region (NCR),,,,"461 William Shaw St., Caloocan City, Metro Manila",CHED,true
"Wesleyan College of Manila, Inc.",13292,,Private Non-Sectarian Stock,Private,National Capital Region (NCR),,,,"1706 Leveriza Street. Pasay City, Pasay City, Metro Manila",CHED,true
"West Bay Colleges, Inc.",13239,,Private Non-Sectarian Stock,Private,National Capital Region (NCR),,,,"Cajiles Compound Ilaya, St., Alabang Muntilupa City, Muntinlupa City, Metro Manila",CHED,true
World Citi Colleges,13157,,Private Non-Sectarian Non-Stock,Private,National Capital Region (NCR),,,,"960 Aurora Blvd., Quezon City, Metro Manila",CHED,true
"ABE International Business College-Bacolod City, Inc.",6128,,Private Non-Sectarian Stock,Private,Negros Island Region (NIR),,,,"Luzuriaga, City of Bacolod, Negros Occidental",CHED,true
AMA Computer College-Bacolod,6115,,Private Non-Sectarian Stock,Private,Negros Island Region (NIR),,,,"#8 San Agustin Brgy. 5 North Drive, City of Bacolod, Negros Occidental",CHED,true
"AMA Computer College-Dumaguete City, Inc.",7115,,Private Non-Sectarian Stock,Private,Negros Island Region (NIR),,,,"Cor. Perdices-San Jose Sts., City of Dumaguete, Negros Oriental",CHED,true
Asian College of Science and Technology-Dumaguete,07093,,Private Sectarian Non-Stock,Private,Negros Island Region (NIR),,,,"Dr. V. Locsin Street, Taclobo, Dumaguete City, Negros Oriental",CHED,true
Bacolod City College,6111,,Local Government College/University,,Negros Island Region (NIR),,,,"Taculing Road, Brgy. Taculing, City of Bacolod, Negros Occidental",CHED,true
Bago City College,6010,,Local Government College/University,,Negros Island Region (NIR),,,,"Rafael Salas Drive, City of Bago, Negros Occidental",CHED,true
"Baptist Missionary Association Bible College, Inc.",6187,,Private Sectarian Non-Stock,Private,Negros Island Region (NIR),,,,"Pulo, Bubog, City of Talisay, Negros Occidental",CHED,true
Bayawan College,7005,,Private Non-Sectarian Non-Stock,Private,Negros Island Region (NIR),,,,"City of Bayawan, Negros Oriental",CHED,true
"Binalbagan Catholic College, Inc.",6012,,Private Sectarian Non-Stock,Private,Negros Island Region (NIR),,,,"Carmen, Binalbagan, Negros Occidental",CHED,true
"BIT International College - Siquijor, Inc.",7003,,Private Non-Sectarian Non-Stock,Private,Negros Island Region (NIR),,,,"Polangyuta, Siquijor , Siquijor",CHED,true
"Cabarrus Catholic College, Inc.",6014,,Private Non-Sectarian Non-Stock,Private,Negros Island Region (NIR),,,,"Doña Iñez, San Jose, City of Sipalay, Negros Occidental",CHED,true
Carlos Hilado Memorial State University-Alijis,6124,,Chartered State College/University (Satellite Campus),,Negros Island Region (NIR),,,,"Brgy. Alijis, City of Bacolod, Negros Occidental",CHED,true
Carlos Hilado Memorial State University-College of Fisheries-Binalbagan,6059,,Chartered State College/University (Satellite Campus),,Negros Island Region (NIR),,,,"Enclaro, Binalbagan, Negros Occidental",CHED,true
Carlos Hilado Memorial State University-Fortune Towne Campus,6018,,Chartered State College/University (Satellite Campus),,Negros Island Region (NIR),,,,"Brgy. Estefania, City of Bacolod, Negros Occidental",CHED,true
Carlos Hilado Memorial State University-Main,6019,,Chartered State College/University (Main),,Negros Island Region (NIR),,,,"Mabini, City of Talisay, Negros Occidental",CHED,true
"Carmelite College of Siquijor, Inc.",7177,,Private Sectarian Non-Stock,Private,Negros Island Region (NIR),,,,"Balas-balas, Tinago, Siquijor , Siquijor",CHED,true
"Catholic Ming Yuan College, Inc",6178,,Private Sectarian Non-Stock,Private,Negros Island Region (NIR),,,,"Hacienda Binitin, Murcia, Negros Occidental",CHED,true
"CEDAR College, Inc",6165,,Private Non-Sectarian Non-Stock,Private,Negros Island Region (NIR),,,,"National Highway, Barangay Daga, City of Cadiz, Negros Occidental",CHED,true
Central Philippine Adventist College,6021,,Private Non-Sectarian Non-Stock,Private,Negros Island Region (NIR),,,,"Alegria, Murcia, Negros Occidental",CHED,true
Central Philippines State University - San Carlos Campus,6176,,Chartered State College/University (Satellite Campus),,Negros Island Region (NIR),,,,"City of San Carlos, Negros Occidental",CHED,true
Central Philippines State University - Victorias City Campus,6172,,Chartered State College/University (Satellite Campus),,Negros Island Region (NIR),,,,"Hda. Estrella, Brgy. XIV, City of Victorias, Negros Occidental",CHED,true
Central Philippines State University-Candoni Campus,6162,,Chartered State College/University (Satellite Campus),,Negros Island Region (NIR),,,,"Manzano, Candoni, Negros Occidental",CHED,true
Central Philippines State University-Cauayan Campus,6132,,Chartered State College/University (Satellite Campus),,Negros Island Region (NIR),,,,"San Lorenzo Street, Cauayan, Negros Occidental",CHED,true
Central Philippines State University-Hinigaran Campus,6170,,Chartered State College/University (Satellite Campus),,Negros Island Region (NIR),,,,"Hinigaran, Negros Occidental",CHED,true
Central Philippines State University-Hinoba-an Campus,6161,,Chartered State College/University (Satellite Campus),,Negros Island Region (NIR),,,,"Pook, Hinoba-an, Negros Occidental",CHED,true
Central Philippines State University-Ilog Campus,6143,,Chartered State College/University (Satellite Campus),,Negros Island Region (NIR),,,,"Poblacion, Ilog, Negros Occidental",CHED,true
Central Philippines State University-Main Campus,6058,,Chartered State College/University (Main),,Negros Island Region (NIR),,,,"Brgy. Camingawan, City of Kabankalan, Negros Occidental",CHED,true
Central Philippines State University-Moises Padilla Campus,6159,,Chartered State College/University (Satellite Campus),,Negros Island Region (NIR),,,,"Moises Padilla, Negros Occidental",CHED,true
Central Philippines State University-Sipalay Campus,6133,,Chartered State College/University (Satellite Campus),,Negros Island Region (NIR),,,,"Brgy. Gil Montilla, City of Sipalay, Negros Occidental",CHED,true
City College of Bayawan,18001,,Local Government College/University,,Negros Island Region (NIR),,,,"Cabcabon, Brgy. Banga, City of Bayawan, Negros Oriental",CHED,true
Colegio De La Castellana,6195,,Local Government College/University,,Negros Island Region (NIR),,,,"Rizal St, La Castellana, Negros Occidental",CHED,true
Colegio De Santa Catalina De Alejandria,7029,,Private Non-Sectarian Non-Stock,Private,Negros Island Region (NIR),,,,"Bishop Epifanio B. Surban St., Dumaguete City, Negros Oriental",CHED,true
"Colegio De Santa Rita De San Carlos, Inc.",6026,,Private Sectarian Non-Stock,Private,Negros Island Region (NIR),,,,"Big Tibuco, Brgy. 1, City of San Carlos, Negros Occidental",CHED,true
Colegio de Sta. Ana de Victorias,6173,,Private Sectarian Non-Stock,Private,Negros Island Region (NIR),,,,"Osmeña Avenue, City of Victorias, Negros Occidental",CHED,true
"Colegio de Sto. Tomas- Recoletos, Inc.",6188,,Private Sectarian Stock,Private,Negros Island Region (NIR),,,,"Azcona Street, City of San Carlos, Negros Occidental",CHED,true
Colegio San Agustin-Bacolod,6024,,Private Non-Sectarian Stock,Private,Negros Island Region (NIR),,,,"Benigno S. Aquino Drive, City of Bacolod, Negros Occidental",CHED,true
College of Arts and Sciences of Asia and the Pacific,6179,,Private Sectarian Non-Stock,Private,Negros Island Region (NIR),,,,"Palanca Avenue, Brgy. 35, City of Bacolod, Negros Occidental",CHED,true
Convention Baptist Bible College,6145,,Private Sectarian Non-Stock,Private,Negros Island Region (NIR),,,,"Bakyas, Mansilingan, City of Bacolod, Negros Occidental",CHED,true
Diaz College,7041,,Private Non-Sectarian Stock,Private,Negros Island Region (NIR),,,,"Nono Limbaga Drive, Tanjay City, Negros Oriental",CHED,true
"Fast Central College, Inc",6192,,Private Non-Sectarian Non-Stock,Private,Negros Island Region (NIR),,,,"RMD Building Rodriguez Avenue, Brgy. 36, City of Bacolod, Negros Occidental",CHED,true
"Fellowship Baptist College Of Kabankalan, Inc",6035,,Private Sectarian Non-Stock,Private,Negros Island Region (NIR),,,,"Rizal Street, City of Kabankalan, Negros Occidental",CHED,true
"Foundation University, Inc.",7043,,Private Non-Sectarian Non-Stock,Private,Negros Island Region (NIR),,,,"Dr. Miciano Road, Dumaguete City, Negros Oriental",CHED,true
"I-Tech College-Bago City, Inc.",6183,,Private Sectarian Stock,Private,Negros Island Region (NIR),,,,"1084 Araneta St. Brgy. Poblacion, City of Bago, Negros Occidental",CHED,true
"John B. Lacson Colleges Foundation-Bacolod, Inc.",6046,,Private Non-Sectarian Foundation,Private,Negros Island Region (NIR),,,,"Pauline Village, City of Bacolod, Negros Occidental",CHED,true
Kabankalan Catholic College,6049,,Private Sectarian Non-Stock,Private,Negros Island Region (NIR),,,,"Guanzon Street, City of Kabankalan, Negros Occidental",CHED,true
La Carlota City College,6050,,Local Government College/University,,Negros Island Region (NIR),,,,"Gurrea Street, City of La Carlota, Negros Occidental",CHED,true
"La Consolacion College of Bais City, Inc.",7163,,Private Non-Sectarian Stock,Private,Negros Island Region (NIR),,,,"Aglipay Street, Bais City, Negros Oriental",CHED,true
La Consolacion College-Bacolod,6051,,Private Sectarian Non-Stock,Private,Negros Island Region (NIR),,,,"Galo Corner Gatuslao Sts., City of Bacolod, Negros Occidental",CHED,true
La Consolacion College-Isabela,6052,,Private Sectarian Non-Stock,Private,Negros Island Region (NIR),,,,"Burgos Street, Isabela, Negros Occidental",CHED,true
Mater Dei College-Silay City,6120,,Private Sectarian Non-Stock,Private,Negros Island Region (NIR),,,,"St. Francis Nature's Park Subdivision, City of Silay, Negros Occidental",CHED,true
"Metro Dumaguete College, Inc.",7157,,Private Non-Sectarian Non-Stock,Private,Negros Island Region (NIR),,,,"E.J. Blanco Drive Extension, Daro, Dumaguete City, Negros Oriental",CHED,true
"Mount Carmel College of Escalante, Inc.",6056,,Private Sectarian Non-Stock,Private,Negros Island Region (NIR),,,,"Carmelite Street, City of Escalante, Negros Occidental",CHED,true
"Negros College, Inc.",7118,,Private Non-Sectarian Non-Stock,Private,Negros Island Region (NIR),,,,"Enardecido Extention, Ayungon, Negros Oriental",CHED,true
Negros Maritime College Foundation,7090,,Private Non-Sectarian Non-Stock,Private,Negros Island Region (NIR),,,,"Magatas, Sibulan, Negros Oriental",CHED,true
Negros Oriental State University - Mabinay,07027a,,Chartered State College/University (Satellite Campus),,Negros Island Region (NIR),,,,"Mabinay, Negros Oriental",CHED,true
Negros Oriental State University - Main Campus,7027,,Chartered State College/University (Main),,Negros Island Region (NIR),,,,"Kagawasan Avenue, Daro, Dumaguete City, Negros Oriental",CHED,true
Negros Oriental State University -Bais II,7044,,Chartered State College/University (Satellite Campus),,Negros Island Region (NIR),,,,"Bais City, Negros Oriental",CHED,true
Negros Oriental State University-Bais I,7038,,Chartered State College/University (Satellite Campus),,Negros Island Region (NIR),,,,"Bais City, Negros Oriental",CHED,true
Negros Oriental State University-Bayawan,7054,,Chartered State College/University (Satellite Campus),,Negros Island Region (NIR),,,,"Bayawan City, Negros Oriental",CHED,true
Negros Oriental State University-Guihulngan,7039,,Chartered State College/University (Satellite Campus),,Negros Island Region (NIR),,,,"City of Guihulngan, Negros Oriental",CHED,true
Negros Oriental State University-Siaton Community College,7067,,Chartered State College/University (Satellite Campus),,Negros Island Region (NIR),,,,"Siaton, Negros Oriental",CHED,true
North Negros College,6062,,Private Non-Sectarian Stock,Private,Negros Island Region (NIR),,,,"Corner Villena Juan-Luna Streets, City of Cadiz, Negros Occidental",CHED,true
NU Bacolod Inc.,6194,,Private Non-Sectarian Non-Stock,Private,Negros Island Region (NIR),,,,"SM City Bacolod, Bishop Antonio Y. Fortich Ave. Reclamation Area, Brgy 12, City of Bacolod, Negros Occidental",CHED,true
Philippine Normal University Visayas,6068,,Chartered State College/University (Satellite Campus),,Negros Island Region (NIR),,,,"Brgy. Zone 1, Boy Albert Street, City of Cadiz, Negros Occidental",CHED,true
Presbyterian Theological College,7098,,Private Non-Sectarian Non-Stock,Private,Negros Island Region (NIR),,,,"Cantil-e, Dumaguete City, Negros Oriental",CHED,true
"Quezon Memorial Institute of Siquijor, Inc.",7083,,Private Non-Sectarian Non-Stock,Private,Negros Island Region (NIR),,,,"Canal, Siquijor , Siquijor",CHED,true
"Riverside College, Inc.",6072,,Private Sectarian Stock,Private,Negros Island Region (NIR),,,,"Dr. Pablo O. Torre Sr. St., City of Bacolod, Negros Occidental",CHED,true
Sacred Heart Seminary -Bacolod,6155,,Private Sectarian Non-Stock,Private,Negros Island Region (NIR),,,,"Lizares Avenue, City of Bacolod, Negros Occidental",CHED,true
"Saint Francis College-Guihulngan, Negros Oriental, Incorporated",7059,,Private Sectarian Non-Stock,Private,Negros Island Region (NIR),,,,"Bateria, Guihulngan City, Negros Oriental",CHED,true
Saint John Mary Vianney Seminary College Inc.,6156,,Private Non-Sectarian Stock,Private,Negros Island Region (NIR),,,,"Bishop's Home Compound, San Julio Subdivision, City of San Carlos, Negros Occidental",CHED,true
Saint Joseph College of Canlaon,7060,,Private Sectarian Non-Stock,Private,Negros Island Region (NIR),,,,"Samaka Village, City of Canlaon, Negros Oriental",CHED,true
Saint Joseph Seminary College,7061,,Private Sectarian Non-Stock,Private,Negros Island Region (NIR),,,,"Bp. Surban Ave., Airport Area, Agan-an, Sibulan, Negros Oriental",CHED,true
"Silay Institute, Inc.",6082,,Private Non-Sectarian Stock,Private,Negros Island Region (NIR),,,,"Rizal Street, City of Silay, Negros Occidental",CHED,true
Silliman University,7068,,Private Non-Sectarian Non-Stock,Private,Negros Island Region (NIR),,,,"Hibbard Avenue, City of Dumaguete, Negros Oriental",CHED,true
Siquijor State College,7049,,Chartered State College/University (Main),,Negros Island Region (NIR),,,,"Ramon Magsaysay St., Larena, Negros Oriental",CHED,true
"Southland College of Kabankalan City, Inc.",6164,,Private Non-Sectarian Stock,Private,Negros Island Region (NIR),,,,"Don Emilio Village, City of Kabankalan, Negros Occidental",CHED,true
St. Paul University Dumaguete,7062,,Private Sectarian Non-Stock,Private,Negros Island Region (NIR),,,,"North National Highway, City of Dumaguete, Negros Oriental",CHED,true
State University of Northern Negros,6045,,Chartered State College/University (Main),,Negros Island Region (NIR),,,,"Barangay Rizal, City of Sagay, Negros Occidental",CHED,true
State University of Northern Negros- Escalante Campus,06045b,,Chartered State College/University (Satellite Campus),,Negros Island Region (NIR),,,,"City of Escalante, Negros Occidental",CHED,true
State University of Northern Negros-Laga-an,06045d,,Chartered State College/University (Satellite Campus),,Negros Island Region (NIR),,,,"Calatrava, Negros Occidental",CHED,true
STI College - Dumaguete,7186,,Private Non-Sectarian Stock,Private,Negros Island Region (NIR),,,,"Libertad Street, City of Dumaguete, Negros Oriental",CHED,true
"STI West Negros University, Inc.",6096,,Private Non-Sectarian Stock,Private,Negros Island Region (NIR),,,,"Burgos Street, City of Bacolod, Negros Occidental",CHED,true
Tañon College,6114,,Private Non-Sectarian Non-Stock,Private,Negros Island Region (NIR),,,,"Ylagan St., City of San Carlos, Negros Occidental",CHED,true
Technological University of the Philippines-Visayas,6087,,Chartered State College/University (Satellite Campus),,Negros Island Region (NIR),,,,"City of Talisay, Negros Occidental",CHED,true
"University of Negros Occidental-Recoletos, Inc.",6089,,Private Sectarian Non-Stock,Private,Negros Island Region (NIR),,,,"#51 Lizares Avenue, City of Bacolod, Negros Occidental",CHED,true
University of Saint La Salle,6090,,Private Sectarian Non-Stock,Private,Negros Island Region (NIR),,,,"La Salle Avenue, City of Bacolod, Negros Occidental",CHED,true
USAT College Sagay City Inc.,6189,,Private Non-Sectarian Non-Stock,Private,Negros Island Region (NIR),,,,"National Highway, Poblacion 1, City of Sagay, Negros Occidental",CHED,true
Villaflores College,7085,,Private Non-Sectarian Stock,Private,Negros Island Region (NIR),,,,"Legaspi Street, Tanjay City, Negros Oriental",CHED,true
"VMA Global College & Training Centers, Inc.",6095,,Private Non-Sectarian Non-Stock,Private,Negros Island Region (NIR),,,,"Earl Carol Street,, City of Bacolod, Negros Occidental",CHED,true
West Visayas State University-Himamaylan Campus Extension,6169,,Chartered State College/University (Satellite Campus),,Negros Island Region (NIR),,,,"Brgy. Caradio-An, City of Himamaylan, Negros Occidental",CHED,true
ABE International College of Business and Accountancy (Dagupan),NEW,,Private Sectarian Non-Stock,Private,Region I (Ilocos Region),,,,"Dagupan City, Pangasinan",CHED,true
"ABE International College of Business and Accountancy-Urdaneta City, Inc.",1122,,Private Non-Sectarian Stock,Private,Region I (Ilocos Region),,,,"Mc Arthur Highway, Urdaneta City, Pangasinan",CHED,true
ABE International College of Business and Economics-Dagupan,01112,,Private Sectarian Stock,Private,Region I (Ilocos Region),,,,"Dagupan City, Pangasinan",CHED,true
Access Villasis Pangasinan Computer and Technical Colleges,1152,,Private Non-Sectarian Non-Stock,Private,Region I (Ilocos Region),,,,"San Patricio Street, cor San Lorenzo Poblacion Zone 1, Villasis, Pangasinan",CHED,true
Agoo Computer College Philippines,NEW,,Private Sectarian Non-Stock,Private,Region I (Ilocos Region),,,,"Agoo, La Union",CHED,true
"AIE College, Inc.",1130,,Private Non-Sectarian Non-Stock,Private,Region I (Ilocos Region),,,,"Calasiao, Pangasinan",CHED,true
"AMA Computer College - Laoag City, Inc.",1102,,Private Non-Sectarian Non-Stock,Private,Region I (Ilocos Region),,,,"Pacific Building, Don E. Ruiz Street, Laoag City, Ilocos Norte",CHED,true
AMA Computer College - Pangasinan Inc.,1101,,Private Non-Sectarian Stock,Private,Region I (Ilocos Region),,,,"Barangay San Miguel, McArthur Highway, Calasiao, Pangasinan",CHED,true
"AMA Computer College-La Union, Inc.",1108,,Private Non-Sectarian Non-Stock,Private,Region I (Ilocos Region),,,,"Gen Luna St., Brgy 4, San Fernando City, La Union",CHED,true
"Asbury College, Inc.",1005,,Private Non-Sectarian Non-Stock,Private,Region I (Ilocos Region),,,,"Luna Street, Anda, Pangasinan",CHED,true
Asia College of Theology and Seminary,NEW,,Private Sectarian Non-Stock,Private,Region I (Ilocos Region),,,,"San Fernando City, La Union",CHED,true
"Asiacareer College Foundation, Inc.",1006,,Private Non-Sectarian Non-Stock,Private,Region I (Ilocos Region),,,,"Perez Blvd., Dagupan City, Pangasinan",CHED,true
Bacarra Medical Center School of Midwifery,NEW,,Private Non-Sectarian Stock,Private,Region I (Ilocos Region),,,,"Bacarra, Ilocos Norte",CHED,true
Balaoan Institute,1053,,Private Sectarian Non-Stock,Private,Region I (Ilocos Region),,,,"Balaoan, La Union",CHED,true
Bayambang Polytechnic College,1156,,Local Government College/University,,Region I (Ilocos Region),,,,"Rizal Avenue, Bayambang, Pangasinan",CHED,true
Binalatongan Community College,1145,,Local Government College/University,,Region I (Ilocos Region),,,,"Brgy. Ilang, San Carlos City, Pangasinan",CHED,true
"Carthel Sciencce Educational Foundation Dagupan, Inc.",NEW,,Private Sectarian Non-Stock,Private,Region I (Ilocos Region),,,,"Dagupan City, Pangasinan",CHED,true
Central College of Pangasinan,NO UII,,Private Sectarian Stock,Private,Region I (Ilocos Region),,,,"San Carlos City, Pangasinan",CHED,true
Central Colleges of Pangasinan,NEW,,Private Sectarian Non-Stock,Private,Region I (Ilocos Region),,,,"Malasiqui, Pangasinan",CHED,true
"CICOSAT Colleges, Inc.",1012,,Private Non-Sectarian Stock,Private,Region I (Ilocos Region),,,,"Lingsat, San Fernando City, La Union",CHED,true
Colegio De San Juan De Letran-Manaoag,1114,,Private Non-Sectarian Stock,Private,Region I (Ilocos Region),,,,"Castro St., Poblacion, Manaoag, Pangasinan",CHED,true
"Colegio San Jose De Alaminos, Inc.",1113,,Private Sectarian Non-Stock,Private,Region I (Ilocos Region),,,,"Quezon Avenue, Alaminos City, Pangasinan",CHED,true
Congress College,NEW,,Private Sectarian Non-Stock,Private,Region I (Ilocos Region),,,,"Agoo, La Union",CHED,true
"Dagupan Colleges Foundation, Inc.",1016,,Private Non-Sectarian Non-Stock,Private,Region I (Ilocos Region),,,,"A.B Fernandez East, Dagupan City, Pangasinan",CHED,true
"Data Center College of the Philippines of Laoag City, Inc.",1017,,Private Non-Sectarian Stock,Private,Region I (Ilocos Region),,,,"A.G. Tupaz Cor. M.V. Farinas Sts. Brgy. 8 San Vicente, Laoag City, Ilocos Norte",CHED,true
"Data Center College of the Philippines-Vigan City, Inc.",1111,,Private Non-Sectarian Non-Stock,Private,Region I (Ilocos Region),,,,"Tamag, Vigan City, Ilocos Sur",CHED,true
"Divine Word College of Laoag, INC.",1018,,Private Non-Sectarian Non-Stock,Private,Region I (Ilocos Region),,,,"General Segundo Avenue, Brgy. 13, Laoag City, Ilocos Norte",CHED,true
"Divine Word College of Urdaneta, INC.",1019,,Private Sectarian Non-Stock,Private,Region I (Ilocos Region),,,,"J.P Rizal St., Bayaoas, Urdaneta City, Pangasinan",CHED,true
"Divine Word College of Vigan, INC.",1020,,Private Non-Sectarian Stock,Private,Region I (Ilocos Region),,,,"Vigan City, Ilocos Sur",CHED,true
Don Mariano Marcos Memorial State University - Mid La Union Campus,1023,,Chartered State College/University (Satellite Campus),,Region I (Ilocos Region),,,,"National Highway, Barangay Catbangen, San Fernando City, La Union",CHED,true
Don Mariano Marcos Memorial State University - South La Union Campus,1021,,Chartered State College/University (Satellite Campus),,Region I (Ilocos Region),,,,"Consolacion, Agoo, La Union",CHED,true
Don Mariano Marcos Memorial State University-North La Union-Main Campus,1026,,Chartered State College/University (Main),,Region I (Ilocos Region),,,,"Sapilang, Bacnotan, La Union",CHED,true
Don Mariano Marcos Memorial State University-Open University System,01023a,,Chartered State College/University (Satellite Campus),,Region I (Ilocos Region),,,,"San Fernando City, La Union",CHED,true
Escuela Nuestra De La Salette,NEW,,Private Sectarian Non-Stock,Private,Region I (Ilocos Region),,,,"Dagupan City, Pangasinan",CHED,true
"Golden West Colleges, Inc.",1109,,Private Non-Sectarian Non-Stock,Private,Region I (Ilocos Region),,,,"San Jose Drive, Alaminos City, Pangasinan",CHED,true
Holy Infant College,NEW,,Private Sectarian Non-Stock,Private,Region I (Ilocos Region),,,,"Aguilar, Pangasinan",CHED,true
Ilocos Sur Community College,1032,,Local Government College/University,,Region I (Ilocos Region),,,,"Bantay, Ilocos Sur",CHED,true
Ilocos Sur Polytechnic State College Main Campus,1082,,Chartered State College/University (Main),,Region I (Ilocos Region),,,,"Darapidap Road, Candon City, Ilocos Sur",CHED,true
Ilocos Sur Polytechnic State College-Candon,1094,,Chartered State College/University (Satellite Campus),,Region I (Ilocos Region),,,,"Brgy. Darapidap, Candon City, Ilocos Sur",CHED,true
Ilocos Sur Polytechnic State College-Cervantes,1091,,Chartered State College/University (Satellite Campus),,Region I (Ilocos Region),,,,"Poblacion Norte, Cervantes, Ilocos Sur",CHED,true
Ilocos Sur Polytechnic State College-College of Arts and Sciences-Tagudin,1089,,Chartered State College/University (Satellite Campus),,Region I (Ilocos Region),,,,"Tagudin, Tagudin, Ilocos Sur",CHED,true
Ilocos Sur Polytechnic State College-College of Engineering and Technology-Santiago,1088,,Chartered State College/University (Satellite Campus),,Region I (Ilocos Region),,,,"Poblacion Norte, Santiago, Ilocos Sur",CHED,true
Ilocos Sur Polytechnic State College-College of Fisheries and Marine Sciences-Narvacan,1090,,Chartered State College/University (Satellite Campus),,Region I (Ilocos Region),,,,"Sulvec, Narvacan, Ilocos Sur",CHED,true
Ilocos Sur Polytechnic State College-Sta. Maria,1031,,Chartered State College/University (Main),,Region I (Ilocos Region),,,,"National Highway, Santa Maria, Ilocos Sur",CHED,true
Immaculate Conception School of Theology,1141,,Private Non-Sectarian Non-Stock,Private,Region I (Ilocos Region),,,,"Pantay Daya, Vigan City, Ilocos Sur",CHED,true
"International College for Excellence, Inc.",1132,,Private Non-Sectarian Non-Stock,Private,Region I (Ilocos Region),,,,"#40 Garcia St. Poblacion, Urdaneta City, Pangasinan",CHED,true
International College of Asia,NEW,,Private Sectarian Non-Stock,Private,Region I (Ilocos Region),,,,"Dagupan City, Pangasinan",CHED,true
Kingfisher School of Business & Finance,1128,,Private Non-Sectarian Stock,Private,Region I (Ilocos Region),,,,"#1799 McArthur Highway, Lucao District, Dagupan City, Pangasinan",CHED,true
"Kingsville Advanced School, Inc.",1155,,Private Non-Sectarian Non-Stock,Private,Region I (Ilocos Region),,,,"7 Quezon Boulevard, Tayug, Pangasinan",CHED,true
"La Finns Scholastica Colleges, Inc.",1124,,Private Sectarian Non-Stock,Private,Region I (Ilocos Region),,,,"San Fernando City, La Union",CHED,true
La Union Christian Comprehensive College,1140,,Private Non-Sectarian Non-Stock,Private,Region I (Ilocos Region),,,,"Monte Del Rosario Compound, Benteng, Rosario, La Union",CHED,true
"La Union Colleges of Science and Technology, Inc.",1116,,Private Non-Sectarian Stock,Private,Region I (Ilocos Region),,,,"Pescadores St. Central West, Bauang, La Union",CHED,true
Leading Edge International Aviation Academy Inc.,1154,,Private Sectarian Non-Stock,Private,Region I (Ilocos Region),,,,"San Fernando Airport, Poro Point Freeport Zone, San Fernando City, La Union",CHED,true
"Lorma Colleges, Inc.",1034,,Private Non-Sectarian Non-Stock,Private,Region I (Ilocos Region),,,,"Carlatan, San Fernando City, La Union",CHED,true
"Luna Colleges, Inc.",1035,,Private Non-Sectarian Stock,Private,Region I (Ilocos Region),,,,"Lopez Jaena Street, Tayug, Pangasinan",CHED,true
Luzon College of Science and Technology,1117,,Private Sectarian Non-Stock,Private,Region I (Ilocos Region),,,,"Urdaneta City, Pangasinan",CHED,true
"Lyceum Northern Luzon, Inc.",1037,,Private Non-Sectarian Stock,Private,Region I (Ilocos Region),,,,"McArthur Highway, San Vicente, Urdaneta City, Pangasinan",CHED,true
Lyceum Northwestern University-Urdaneta Campus,1110,,Private Non-Sectarian Non-Stock,Private,Region I (Ilocos Region),,,,"Nancayasan, Urdaneta City, Pangasinan",CHED,true
Lyceum-Northwestern University,1103,,Private Non-Sectarian Non-Stock,Private,Region I (Ilocos Region),,,,"Tapuac District, Dagupan City, Pangasinan",CHED,true
Macro Colleges,1104,,Private Non-Sectarian Stock,Private,Region I (Ilocos Region),,,,"QUEZON AVENUE, Vigan City, Ilocos Sur",CHED,true
"Macro Colleges, Inc.",1104,,Private Sectarian Non-Stock,Private,Region I (Ilocos Region),,,,"Vigan City, Ilocos Sur",CHED,true
Malasiqui Agno Valley College Inc.,1003,,Private Non-Sectarian Stock,Private,Region I (Ilocos Region),,,,"Bonifacio St., Malasiqui, Pangasinan",CHED,true
Marian College of Science and Technology,NEW,,Private Sectarian Non-Stock,Private,Region I (Ilocos Region),,,,"Bayambang, Pangasinan",CHED,true
Mariano Marcos State University- Main Campus,1040,,Chartered State College/University (Main),,Region I (Ilocos Region),,,,"Brgy. 16 Quiling Sur, Batac City, Ilocos Norte",CHED,true
"Mariano Marcos State University-College of Agriculture, Food and Sustainable Development-Dingras",1044,,Chartered State College/University (Satellite Campus),,Region I (Ilocos Region),,,,"Barangay Madamba, Dingras, Ilocos Norte",CHED,true
Mariano Marcos State University-College of Aquatic Sciences & Applied Technology-Currimao,1043,,Chartered State College/University (Satellite Campus),,Region I (Ilocos Region),,,,"Pias Sur, Currimao, Ilocos Norte",CHED,true
Mariano Marcos State University-College of Industrial Technology-Laoag City,1046,,Chartered State College/University (Satellite Campus),,Region I (Ilocos Region),,,,"P. Gomez, St., Laoag City, Ilocos Norte",CHED,true
Mariano Marcos State University-College of Teacher Education-Laoag City,1045,,Chartered State College/University (Satellite Campus),,Region I (Ilocos Region),,,,"Castro Avenue, Laoag City, Ilocos Norte",CHED,true
"Mary Cause of Our Joy College Seminary, Inc.",1151,,Private Non-Sectarian Stock,Private,Region I (Ilocos Region),,,,"Bacarra, Ilocos Norte",CHED,true
Mary Help of Christians College Seminary,1041,,Private Sectarian Non-Stock,Private,Region I (Ilocos Region),,,,"Bonuan Gueset, Dagupan City, Pangasinan",CHED,true
Mary Help of Christians Theology Seminary,1146,,Private Non-Sectarian Non-Stock,Private,Region I (Ilocos Region),,,,"Palapad, San Fabian, Pangasinan",CHED,true
Metro-Dagupan Colleges,1098,,Private Non-Sectarian Foundation,Private,Region I (Ilocos Region),,,,"Serafica Street, Mangaldan, Pangasinan",CHED,true
Metropolitan Institute Of Arts And Science-Magsingal Inc.,1062,,Private Sectarian Non-Stock,Private,Region I (Ilocos Region),,,,"Magsingal, Ilocos Sur",CHED,true
"Mystical Rose College of Science and Technology, Inc.",1119,,Private Non-Sectarian Non-Stock,Private,Region I (Ilocos Region),,,,"Pogonlomboy, Mangatarem, Pangasinan",CHED,true
National College of Science and Technology- La Union,NO UII,,Private Non-Sectarian Stock,Private,Region I (Ilocos Region),,,,"San Fernando City, La Union",CHED,true
"NICOSAT Colleges, Inc.",1129,,Private Non-Sectarian Stock,Private,Region I (Ilocos Region),,,,"Oaig Daya, Candon City, Ilocos Sur",CHED,true
NJ Valdez Colleges Foundation,1083,,Private Non-Sectarian Non-Stock,Private,Region I (Ilocos Region),,,,"Bacag, Villasis, Pangasinan",CHED,true
"Northern Christian College, Inc.",1048,,Private Non-Sectarian Non-Stock,Private,Region I (Ilocos Region),,,,"Ablan ave. cor Mabini, Laoag City, Ilocos Norte",CHED,true
Northern Colleges Foundation,NEW,,Private Non-Sectarian Stock,Private,Region I (Ilocos Region),,,,"Perez Blvd, Dagupan City, Pangasinan",CHED,true
"Northern Luzon Adventist College, Inc.",1050,,Private Sectarian Non-Stock,Private,Region I (Ilocos Region),,,,"Artacho, Sison, Pangasinan",CHED,true
"Northern Philippines College for Maritime, Science and Technology, Inc.",1051,,Private Non-Sectarian Non-Stock,Private,Region I (Ilocos Region),,,,"National Hi-way, Lingsat, San Fernando City, La Union",CHED,true
Northwestern University,1052,,Private Non-Sectarian Stock,Private,Region I (Ilocos Region),,,,"Don Mariano Marcos Avenue, Laoag City, Ilocos Norte",CHED,true
Osias Educational Foundation,1053,,Private Non-Sectarian Foundation,Private,Region I (Ilocos Region),,,,"Barangay Dr. Camilo, Balaoan, La Union",CHED,true
"Palaris Colleges, Inc.",1054,,Private Non-Sectarian Stock,Private,Region I (Ilocos Region),,,,"#1 Perez Boulevard, San Carlos City, Pangasinan",CHED,true
Pangasinan Memorial College,NEW,,Private Sectarian Non-Stock,Private,Region I (Ilocos Region),,,,"Lingayen , Pangasinan",CHED,true
Pangasinan Memorial College,NO UII,,Private Non-Sectarian Non-Stock,Private,Region I (Ilocos Region),,,,"Poblacion, Lingayen , Pangasinan",CHED,true
"Pangasinan Merchant Marine Academy, Inc.",1057,,Private Non-Sectarian Non-Stock,Private,Region I (Ilocos Region),,,,"Perez Boulevard, Dagupan City, Pangasinan",CHED,true
Pangasinan Polytechnic College,1159,,Local Government College/University,,Region I (Ilocos Region),,,,"Lingayen , Pangasinan",CHED,true
Pangasinan State University - Lingayen,1058,,Chartered State College/University (Main),,Region I (Ilocos Region),,,,"Alvear Street, Lingayen , Pangasinan",CHED,true
Pangasinan State University - School Of Advanced Studies,1060,,"Others, please specify",,Region I (Ilocos Region),,,,"Urdaneta City, Pangasinan",CHED,true
Pangasinan State University-Alaminos City,01058b,,Chartered State College/University (Satellite Campus),,Region I (Ilocos Region),,,,Pangasinan,CHED,true
Pangasinan State University-Asingan Campus,1064,,Chartered State College/University (Satellite Campus),,Region I (Ilocos Region),,,,"Asingan, Pangasinan",CHED,true
Pangasinan State University-Bayambang Campus,1065,,Chartered State College/University (Satellite Campus),,Region I (Ilocos Region),,,,"Bayambang, Pangasinan",CHED,true
Pangasinan State University-Binmaley Campus,1066,,Chartered State College/University (Satellite Campus),,Region I (Ilocos Region),,,,"Binmaley, Pangasinan",CHED,true
Pangasinan State University-Infanta Campus,1067,,Chartered State College/University (Satellite Campus),,Region I (Ilocos Region),,,,"Infanta, Pangasinan",CHED,true
Pangasinan State University-Open University Systems,01058a,,Chartered State College/University (Satellite Campus),,Region I (Ilocos Region),,,,"Lingayen , Pangasinan",CHED,true
Pangasinan State University-San Carlos City Campus,1068,,Chartered State College/University (Satellite Campus),,Region I (Ilocos Region),,,,"San Carlos City, Pangasinan",CHED,true
Pangasinan State University-Sta. Maria Campus,1069,,Chartered State College/University (Satellite Campus),,Region I (Ilocos Region),,,,"Santa Maria, Pangasinan",CHED,true
Pangasinan State University-Urdaneta City Campus,1070,,Chartered State College/University (Satellite Campus),,Region I (Ilocos Region),,,,"Urdaneta City, Pangasinan",CHED,true
Panpacific University North Philippines - Tayug Campus Inc.,1127,,Private Non-Sectarian Stock,Private,Region I (Ilocos Region),,,,"Lopez Jaena Street, Tayug, Pangasinan",CHED,true
"Panpacific University, Inc.",1055,,Private Non-Sectarian Non-Stock,Private,Region I (Ilocos Region),,,,"McArthur Highway, San Vicente, Urdaneta City, Pangasinan",CHED,true
"Pass College, Inc.",1100,,Private Non-Sectarian Non-Stock,Private,Region I (Ilocos Region),,,,"Quezon Avenue, Alaminos City, Pangasinan",CHED,true
Pentecostal School of Theology,NEW,,Private Sectarian Non-Stock,Private,Region I (Ilocos Region),,,,"San Fernando City, La Union",CHED,true
"Perpetual Help College of Pangasinan, Inc.",1059,,Private Non-Sectarian Non-Stock,Private,Region I (Ilocos Region),,,,"Montemayor Street, Malasiqui, Pangasinan",CHED,true
"Philippine Central College of Arts, Science and Technology",NEW,,Private Sectarian Non-Stock,Private,Region I (Ilocos Region),,,,"Naguilian, La Union",CHED,true
Philippine College of Northwestern Luzon,1133,,Private Non-Sectarian Stock,Private,Region I (Ilocos Region),,,,"Dona Toribia Aspiras St., San Antonio,, Agoo, La Union",CHED,true
"Philippine College of Science and Technology (Calasiao, Pangasinan), Inc.",1061,,Private Non-Sectarian Non-Stock,Private,Region I (Ilocos Region),,,,"Nalsian, Calasiao, Pangasinan",CHED,true
Philippine Darakbang Theological College,1134,,Private Non-Sectarian Non-Stock,Private,Region I (Ilocos Region),,,,"Tavera, Binalonan, Pangasinan",CHED,true
"Philippine Remnant College, Inc.",1157,,Private Non-Sectarian Non-Stock,Private,Region I (Ilocos Region),,,,"Caba, La Union",CHED,true
Philippine Western Union College,NEW,,Private Sectarian Non-Stock,Private,Region I (Ilocos Region),,,,"Alaminos City, Pangasinan",CHED,true
"PHINMA-Upang College Urdaneta, Inc.",1150,,Private Non-Sectarian Stock,Private,Region I (Ilocos Region),,,,"#0587 McArthur Highway, Brgy. Nancayasan, Urdaneta City, Pangasinan",CHED,true
PIMSAT Colleges Incorporated - San Carlos City,1144,,Private Non-Sectarian Non-Stock,Private,Region I (Ilocos Region),,,,"Rizal, San Carlos City, Pangasinan",CHED,true
"PIMSAT Colleges, Inc.",1062,,Private Non-Sectarian Non-Stock,Private,Region I (Ilocos Region),,,,"MC Arthur Hi-way, Bolosan District, Dagupan City, Pangasinan",CHED,true
"Polytechnic College of La Union (PCLU), Inc.",1060,,Private Sectarian Non-Stock,Private,Region I (Ilocos Region),,,,"San Joaquin Sur, Agoo, La Union",CHED,true
"Polytechnic Colleges of Region 1, Inc.",NEW,,Private Non-Sectarian Non-Stock,Private,Region I (Ilocos Region),,,,"Narvacan, Ilocos Sur",CHED,true
Pyramid Computer School,01071,,Private Sectarian Non-Stock,Private,Region I (Ilocos Region),,,,"Urdaneta City, Pangasinan",CHED,true
Rosales Wesleyan Bible College Incorporated,1137,,Private Non-Sectarian Non-Stock,Private,Region I (Ilocos Region),,,,"San Pedro West, Rosales, Pangasinan",CHED,true
Sacred Heart Colleges Foundation,NEW,,Private Sectarian Non-Stock,Private,Region I (Ilocos Region),,,,"Candon City, Ilocos Sur",CHED,true
"Saint Columban's College, Inc.",1073,,Private Sectarian Non-Stock,Private,Region I (Ilocos Region),,,,"Poblacion, Lingayen , Pangasinan",CHED,true
Saint John Bosco College of Northern Luzon,1135,,Private Non-Sectarian Non-Stock,Private,Region I (Ilocos Region),,,,"National Highway, Lingsat, San Fernando City, La Union",CHED,true
Saint Louis College-City of San Fernando,1074,,Private Sectarian Non-Stock,Private,Region I (Ilocos Region),,,,"National Highway, Lingsat, San Fernando City, La Union",CHED,true
"San Carlos College, Inc.",1077,,Private Non-Sectarian Stock,Private,Region I (Ilocos Region),,,,"Mabini Street, San Carlos City, Pangasinan",CHED,true
"Sea and Sky College, Inc.",1078,,Private Non-Sectarian Non-Stock,Private,Region I (Ilocos Region),,,,"Greenhills Subdivision, San Fernando City, La Union",CHED,true
"Señor Tesoro College, Inc.",1149,,Private Sectarian Non-Stock,Private,Region I (Ilocos Region),,,,"Diversion Road, San Miguel, Calasiao, Pangasinan",CHED,true
"South Ilocandia College of Arts and Technology, Inc.",1115,,Private Non-Sectarian Stock,Private,Region I (Ilocos Region),,,,"San Eugenio, Aringay, La Union",CHED,true
St. Benedict College of Northern Luzon Inc.,1153,,Private Sectarian Non-Stock,Private,Region I (Ilocos Region),,,,"Vigan City, Ilocos Sur",CHED,true
"St. Camillus College of Manaoag Foundation, Inc.",1131,,Private Non-Sectarian Foundation,Private,Region I (Ilocos Region),,,,"Licsi, Manaoag, Pangasinan",CHED,true
"St. Mary's College Sta. Maria, Ilocos Sur, Inc.",1075,,Private Non-Sectarian Stock,Private,Region I (Ilocos Region),,,,"Poblacion Sur, Santa Maria, Ilocos Sur",CHED,true
"St. Paul College of Ilocos Sur, Inc.",1076,,Private Sectarian Non-Stock,Private,Region I (Ilocos Region),,,,"St. Paul Avenue, Bantay, Ilocos Sur",CHED,true
"St. Therese College Foundation, Inc",1121,,Private Non-Sectarian Foundation,Private,Region I (Ilocos Region),,,,"M. Soriano St., San Carlos City, Pangasinan",CHED,true
"Sta. Catalina's College of Science and Technology, Inc.",1158,,Private Non-Sectarian Non-Stock,Private,Region I (Ilocos Region),,,,"Umingan, Pangasinan",CHED,true
"Sta. Veronica College, Inc.",1105,,Private Non-Sectarian Non-Stock,Private,Region I (Ilocos Region),,,,"Bacnotan, La Union",CHED,true
STI College Dagupan,1107,,Private Non-Sectarian Stock,Private,Region I (Ilocos Region),,,,"Arellano Street, Dagupan City, Pangasinan",CHED,true
STI College Laoag,1148,,Private Non-Sectarian Stock,Private,Region I (Ilocos Region),,,,"J.P. Rizal St., Cor Don E. Ruiz St., Laoag City, Ilocos Norte",CHED,true
STI College Vigan,1147,,Private Non-Sectarian Stock,Private,Region I (Ilocos Region),,,,"Burgos St., Pantay Daya, Vigan City, Ilocos Sur",CHED,true
STI College-San Fernando City,1106,,Private Non-Sectarian Stock,Private,Region I (Ilocos Region),,,,"San Fernando City, La Union",CHED,true
The Adelphi College Inc.,1002,,Private Non-Sectarian Stock,Private,Region I (Ilocos Region),,,,"New Street East, Maniboc, Lingayen , Pangasinan",CHED,true
The Great Plebeian College,1029,,Private Non-Sectarian Stock,Private,Region I (Ilocos Region),,,,"Don Pedro Reinoso St., Alaminos City, Pangasinan",CHED,true
"Union Christian College, Inc.",1079,,Private Sectarian Non-Stock,Private,Region I (Ilocos Region),,,,"Widdoes St., San Fernando City, La Union",CHED,true
"Universidad De Dagupan, Inc.",1014,,Private Non-Sectarian Stock,Private,Region I (Ilocos Region),,,,"Arellano, Dagupan City, Pangasinan",CHED,true
University of Eastern Pangasinan,1136,,Local Government College/University,,Region I (Ilocos Region),,,,"Poblacion, Binalonan, Pangasinan",CHED,true
"University of Luzon, Inc.",1036,,Private Non-Sectarian Stock,Private,Region I (Ilocos Region),,,,"Perez Boulevard, Dagupan City, Pangasinan",CHED,true
University of Northern Philippines,1080,,Chartered State College/University (Main),,Region I (Ilocos Region),,,,"Quirino Boulevard, Vigan City, Ilocos Sur",CHED,true
"University of Pangasinan, Inc.",1081,,Private Non-Sectarian Stock,Private,Region I (Ilocos Region),,,,"Arellano Street, Dagupan City, Pangasinan",CHED,true
Urdaneta City University,1084,,Local Government College/University,,Region I (Ilocos Region),,,,"San Vicente West, Urdaneta City, Pangasinan",CHED,true
Virgen Milagrosa University Foundation,1086,,Private Sectarian Foundation,Private,Region I (Ilocos Region),,,,"Martin Posadas Avenue, San Carlos City, Pangasinan",CHED,true
"WCC Aeronautical & Technological College, Incorporated",1143,,Private Non-Sectarian Stock,Private,Region I (Ilocos Region),,,,"Binalonan Airfield, Binalonan, Pangasinan",CHED,true
World Citi Colleges Binalonan,1061,,Private Sectarian Non-Stock,Private,Region I (Ilocos Region),,,,"Binalonan, Pangasinan",CHED,true
Zaragosa College,NEW,,Private Sectarian Non-Stock,Private,Region I (Ilocos Region),,,,"Tayug, Pangasinan",CHED,true
Zaragoza College,NO UII,,Private Non-Sectarian Stock,Private,Region I (Ilocos Region),,,,"Zamora, Tayug, Pangasinan",CHED,true
Aldersgate College,2001,,Private Non-Sectarian Non-Stock,Private,Region II (Cagayan Valley),,,,"Burgos Street, Solano, Nueva Vizcaya",CHED,true
AMA Computer College-Santiago City,2064,,Private Non-Sectarian Stock,Private,Region II (Cagayan Valley),,,,"Santiago City, Isabela",CHED,true
AMA Computer College-Tuguegarao City,2068,,Private Non-Sectarian Non-Stock,Private,Region II (Cagayan Valley),,,,"Tuguegarao City , Cagayan",CHED,true
Batanes State College,2003,,Chartered State College/University (Main),,Region II (Cagayan Valley),,,,"Basco , Batanes",CHED,true
Cagayan State University-Andrews,2090,,Chartered State College/University (Main),,Region II (Cagayan Valley),,,,"Tuguegarao City , Cagayan",CHED,true
Cagayan State University-Aparri,2007,,Chartered State College/University (Satellite Campus),,Region II (Cagayan Valley),,,,"Aparri, Cagayan",CHED,true
Cagayan State University-Gonzaga,2009,,Chartered State College/University (Satellite Campus),,Region II (Cagayan Valley),,,,"Gonzaga, Cagayan",CHED,true
Cagayan State University-Lallo,2010,,Chartered State College/University (Satellite Campus),,Region II (Cagayan Valley),,,,"Lal-Lo, Cagayan",CHED,true
Cagayan State University-Lasam,2011,,Chartered State College/University (Satellite Campus),,Region II (Cagayan Valley),,,,"Lasam, Cagayan",CHED,true
Cagayan State University-Piat,2012,,Chartered State College/University (Satellite Campus),,Region II (Cagayan Valley),,,,"Piat, Cagayan",CHED,true
Cagayan State University-Sanchez Mira,2013,,Chartered State College/University (Satellite Campus),,Region II (Cagayan Valley),,,,"Sanchez-Mira, Cagayan",CHED,true
Cagayan State University-Tuguegarao (Carig),2005,,Chartered State College/University (Satellite Campus),,Region II (Cagayan Valley),,,,"Tuguegarao City , Cagayan",CHED,true
Cagayan Valley Computer and Information Technology College,2065,,Private Non-Sectarian Non-Stock,Private,Region II (Cagayan Valley),,,,"Santiago City, Isabela",CHED,true
Eveland Christian College,2016,,Private Non-Sectarian Non-Stock,Private,Region II (Cagayan Valley),,,,"San Mateo, Isabela",CHED,true
F.L. Vargas College-Abulug Campus,2074,,Private Non-Sectarian Stock,Private,Region II (Cagayan Valley),,,,"Abulug, Cagayan",CHED,true
"FL Vargas College, Inc.",2055,,Private Non-Sectarian Non-Stock,Private,Region II (Cagayan Valley),,,,"Tuguegarao City , Cagayan",CHED,true
Global Academy of Technology and Entrepreneurship (formerly STI College Santiago),2084,,Private Non-Sectarian Stock,Private,Region II (Cagayan Valley),,,,"Santiago City, Isabela",CHED,true
HGBaquiran College,2085,,Private Non-Sectarian Stock,Private,Region II (Cagayan Valley),,,,"Tumauini, Isabela",CHED,true
Infant Jesus Montessori School (College Department),2086,,Private Non-Sectarian Non-Stock,Private,Region II (Cagayan Valley),,,,"Santiago City, Isabela",CHED,true
International School of Asia and the Pacific,2061,,Private Non-Sectarian Non-Stock,Private,Region II (Cagayan Valley),,,,"Peñablanca, Cagayan",CHED,true
"Isabela College of Arts and Technology, Inc.",2062,,Private Non-Sectarian Non-Stock,Private,Region II (Cagayan Valley),,,,"Cauayan City, Isabela",CHED,true
"Isabela Colleges, Inc.",2018,,Private Non-Sectarian Non-Stock,Private,Region II (Cagayan Valley),,,,"Cauayan City, Isabela",CHED,true
Isabela State University-Angadanan Campus,2002,,Chartered State College/University (Satellite Campus),,Region II (Cagayan Valley),,,,"Angadanan, Isabela",CHED,true
Isabela State University-Cabagan,2021,,Chartered State College/University (Satellite Campus),,Region II (Cagayan Valley),,,,"Cabagan, Isabela",CHED,true
Isabela State University-Cauayan Campus,2006,,Chartered State College/University (Satellite Campus),,Region II (Cagayan Valley),,,,"Cauayan City, Isabela",CHED,true
Isabela State University-Ilagan Campus,2022,,Chartered State College/University (Satellite Campus),,Region II (Cagayan Valley),,,,"Ilagan City, Isabela",CHED,true
Isabela State University-Jones Campus,2023,,Chartered State College/University (Satellite Campus),,Region II (Cagayan Valley),,,,"Jones, Isabela",CHED,true
Isabela State University-Main (Echague),2020,,Chartered State College/University (Main),,Region II (Cagayan Valley),,,,"Echague, Isabela",CHED,true
Isabela State University-Palanan Campus,2091,,Chartered State College/University (Satellite Campus),,Region II (Cagayan Valley),,,,"Palanan, Isabela",CHED,true
Isabela State University-Roxas Campus,2024,,Chartered State College/University (Satellite Campus),,Region II (Cagayan Valley),,,,"Roxas, Isabela",CHED,true
Isabela State University-San Mariano Campus,2015,,Chartered State College/University (Satellite Campus),,Region II (Cagayan Valley),,,,"San Mariano, Isabela",CHED,true
Isabela State University-San Mateo Campus,2025,,Chartered State College/University (Satellite Campus),,Region II (Cagayan Valley),,,,"San Mateo, Isabela",CHED,true
John Wesley College,2066,,Private Non-Sectarian Non-Stock,Private,Region II (Cagayan Valley),,,,"Tuguegarao City , Cagayan",CHED,true
King's College of the Philippines-Bambang,2083,,Private Non-Sectarian Stock,Private,Region II (Cagayan Valley),,,,"Bambang, Nueva Vizcaya",CHED,true
"La Patria College, Inc. (formerly Patria Sable Corpus College)",2037,,Private Non-Sectarian Stock,Private,Region II (Cagayan Valley),,,,"Santiago City, Isabela",CHED,true
La Salette of Roxas College,2092,,Private Sectarian Non-Stock,Private,Region II (Cagayan Valley),,,,"Roxas, Isabela",CHED,true
Lyceum of Aparri,2027,,Private Sectarian Non-Stock,Private,Region II (Cagayan Valley),,,,"Aparri, Cagayan",CHED,true
Lyceum of Tuao,2028,,Private Sectarian Stock,Private,Region II (Cagayan Valley),,,,"Tuao, Cagayan",CHED,true
Maila Rosario College,2087,,Private Non-Sectarian Stock,Private,Region II (Cagayan Valley),,,,"Tuguegarao City , Cagayan",CHED,true
Mallig Plains Colleges,2053,,Private Non-Sectarian Stock,Private,Region II (Cagayan Valley),,,,"Mallig, Isabela",CHED,true
MCN College,NEW,,Private Sectarian Stock,Private,Region II (Cagayan Valley),,,,"Tuguegarao City , Cagayan",CHED,true
MCN College,NEW2026-2,,Private Non-Sectarian Non-Stock,Private,Region II (Cagayan Valley),,,,"Tuguegarao City , Cagayan",CHED,true
Medical Colleges of Northern Philippines,2030,,Private Non-Sectarian Non-Stock,Private,Region II (Cagayan Valley),,,,"Peñablanca, Cagayan",CHED,true
Metropolitan College of Science and Technology,2076,,Private Non-Sectarian Non-Stock,Private,Region II (Cagayan Valley),,,,"Santiago City, Isabela",CHED,true
"Northeast Luzon Adventist College, Inc.",2089,,Private Non-Sectarian Stock,Private,Region II (Cagayan Valley),,,,"Alicia, Isabela",CHED,true
Northeastern College,2032,,Private Non-Sectarian Stock,Private,Region II (Cagayan Valley),,,,"Santiago City, Isabela",CHED,true
Northern Cagayan Colleges Foundation,2033,,Private Non-Sectarian Non-Stock,Private,Region II (Cagayan Valley),,,,"Ballesteros, Cagayan",CHED,true
"Nueva Vizcaya State University - Main, Bayombong",2034,,Chartered State College/University (Main),,Region II (Cagayan Valley),,,,"Bayombong , Nueva Vizcaya",CHED,true
Nueva Vizcaya State University-Bambang,2035,,Chartered State College/University (Satellite Campus),,Region II (Cagayan Valley),,,,"Bambang, Nueva Vizcaya",CHED,true
Our Lady of the Pillar College-Cauayan,2036,,Private Sectarian Non-Stock,Private,Region II (Cagayan Valley),,,,"Cauayan City, Isabela",CHED,true
Our Lady of the Pillar College-San Manuel,2088,,Private Sectarian Non-Stock,Private,Region II (Cagayan Valley),,,,"San Manuel, Isabela",CHED,true
Philippine Law Enforcement College,2057,,Private Non-Sectarian Stock,Private,Region II (Cagayan Valley),,,,"Tuguegarao City , Cagayan",CHED,true
Philippine Normal University-North Luzon Campus,2040,,Chartered State College/University (Satellite Campus),,Region II (Cagayan Valley),,,,"Alicia, Isabela",CHED,true
"PLT College, Inc.",2039,,Private Non-Sectarian Non-Stock,Private,Region II (Cagayan Valley),,,,"Bayombong , Nueva Vizcaya",CHED,true
Quezon Colleges of the North,2041,,Private Non-Sectarian Stock,Private,Region II (Cagayan Valley),,,,"Ballesteros, Cagayan",CHED,true
Quirino State University,2043,,Chartered State College/University (Main),,Region II (Cagayan Valley),,,,"Diffun, Quirino",CHED,true
Quirino State University - Cabarroguis,2042,,Chartered State College/University (Satellite Campus),,Region II (Cagayan Valley),,,,"Cabarroguis , Quirino",CHED,true
Quirino State University - Maddela,02043a,,Chartered State College/University (Satellite Campus),,Region II (Cagayan Valley),,,,"Maddela, Quirino",CHED,true
Saint Anthony's College,2045,,Private Sectarian Non-Stock,Private,Region II (Cagayan Valley),,,,"Santa Ana, Cagayan",CHED,true
Saint Dominic College of Batanes,2046,,Private Non-Sectarian Non-Stock,Private,Region II (Cagayan Valley),,,,"Basco , Batanes",CHED,true
Saint Ferdinand College-Cabagan Campus,2071,,Private Non-Sectarian Stock,Private,Region II (Cagayan Valley),,,,"Cabagan, Isabela",CHED,true
"Saint Joseph's College of Baggao, Inc.",2048,,Private Sectarian Non-Stock,Private,Region II (Cagayan Valley),,,,"Baggao, Cagayan",CHED,true
Saint Mary's University,2050,,Private Sectarian Non-Stock,Private,Region II (Cagayan Valley),,,,"Bayombong , Nueva Vizcaya",CHED,true
Saint Paul University Philippines,2051,,Private Sectarian Non-Stock,Private,Region II (Cagayan Valley),,,,"Tuguegarao City , Cagayan",CHED,true
Santiago City Colleges,2070,,Private Non-Sectarian Stock,Private,Region II (Cagayan Valley),,,,"Santiago City, Isabela",CHED,true
Sierra College,NEW,,Private Non-Sectarian Non-Stock,Private,Region II (Cagayan Valley),,,,"Bayombong , Nueva Vizcaya",CHED,true
SISTECH College of Santiago City,2069,,Private Non-Sectarian Stock,Private,Region II (Cagayan Valley),,,,"Santiago City, Isabela",CHED,true
St. Ferdinand College-Ilagan,2047,,Private Non-Sectarian Stock,Private,Region II (Cagayan Valley),,,,"Ilagan City, Isabela",CHED,true
"STI College, Tuguegarao",2099,,Private Sectarian Stock,Private,Region II (Cagayan Valley),,,,"Ugac Norte, Tuguegarao City , Cagayan",CHED,true
STI College-Cauayan,2093,,Private Non-Sectarian Stock,Private,Region II (Cagayan Valley),,,,"Cauayan City, Isabela",CHED,true
University of Cagayan Valley,2004,,Private Non-Sectarian Stock,Private,Region II (Cagayan Valley),,,,"Tuguegarao City , Cagayan",CHED,true
University of La Salette,2026,,Private Sectarian Non-Stock,Private,Region II (Cagayan Valley),,,,"Santiago City, Isabela",CHED,true
"University of Perpetual Help System Laguna, Isabela Campus",2082,,Private Non-Sectarian Stock,Private,Region II (Cagayan Valley),,,,"Cauayan City, Isabela",CHED,true
University of Saint Louis-Tuguegarao,2049,,Private Sectarian Non-Stock,Private,Region II (Cagayan Valley),,,,"Tuguegarao City , Cagayan",CHED,true
ABE International College of Business and Accountancy,3177,,Private Non-Sectarian Non-Stock,Private,Region III (Central Luzon),,,,"Malolos City, Bulacan",CHED,true
ABE International College of Business and Economics-Cabanatuan,3166,,Private Non-Sectarian Stock,Private,Region III (Central Luzon),,,,"Cabanatuan City, Nueva Ecija",CHED,true
Academia de San Lorenzo Dema Ala,3196,,Private Non-Sectarian Non-Stock,Private,Region III (Central Luzon),,,,"San Jose Del Monte City, Bulacan",CHED,true
ACLC College Baliuag,3242,,Private Non-Sectarian Non-Stock,Private,Region III (Central Luzon),,,,"Baliwag City, Bulacan",CHED,true
ACLC College of Apalit,3248,,Private Non-Sectarian Non-Stock,Private,Region III (Central Luzon),,,,"Apalit, Pampanga",CHED,true
ACLC College of Balanga,3241,,Private Non-Sectarian Non-Stock,Private,Region III (Central Luzon),,,,"Balanga City, Bataan",CHED,true
"ACLC College of Gapan, Inc.",3246,,Private Non-Sectarian Non-Stock,Private,Region III (Central Luzon),,,,"Santo Niño, Gapan City, Nueva Ecija",CHED,true
"ACLC College of Mabalacat, Inc.",3266,,Private Non-Sectarian Stock,Private,Region III (Central Luzon),,,,"Mabalacat City, Pampanga",CHED,true
ACLC College of Malolos,3295,,Private Non-Sectarian Non-Stock,Private,Region III (Central Luzon),,,,Bulacan,CHED,true
ACLC College of Meycauayan,3211,,Private Non-Sectarian Non-Stock,Private,Region III (Central Luzon),,,,"Meycauayan City, Bulacan",CHED,true
ACLC College of Sta. Maria,3275,,Private Non-Sectarian Stock,Private,Region III (Central Luzon),,,,"Santa Maria, Bulacan",CHED,true
AMA Computer College Cabanatuan,3142,,Private Non-Sectarian Stock,Private,Region III (Central Luzon),,,,"Cabanatuan City, Nueva Ecija",CHED,true
AMA Computer College Olongapo,3178,,Private Non-Sectarian Stock,Private,Region III (Central Luzon),,,,"Olongapo City, Zambales",CHED,true
AMA Computer College-Angeles City,3167,,Private Non-Sectarian Stock,Private,Region III (Central Luzon),,,,"Angeles City, Pampanga",CHED,true
AMA Computer College-Malolos,3152,,Private Non-Sectarian Stock,Private,Region III (Central Luzon),,,,"Malolos City, Bulacan",CHED,true
"AMA Computer College-San Fernando, Pampanga",3153,,Private Non-Sectarian Stock,Private,Region III (Central Luzon),,,,"City of San Fernando, Pampanga",CHED,true
AMA Computer College-Tarlac City,3162,,Private Non-Sectarian Stock,Private,Region III (Central Luzon),,,,"Tarlac City, Tarlac",CHED,true
Angeles University Foundation,3001,,Private Non-Sectarian Foundation,Private,Region III (Central Luzon),,,,"Salapungan, Angeles City, Pampanga",CHED,true
Araullo University-San Jose Campus,3307,,Private Non-Sectarian Stock,Private,Region III (Central Luzon),,,,Nueva Ecija,CHED,true
Asia Pacific College of Advanced Studies Inc.,3168,,Private Non-Sectarian Stock,Private,Region III (Central Luzon),,,,"Balanga City, Bataan",CHED,true
"Asia Pacific College of Business and Arts, Inc.",3323,,Private Non-Sectarian Non-Stock,Private,Region III (Central Luzon),,,,"Rizal, Nueva Ecija",CHED,true
Asian College of Science and Technology,NEW,,Private Non-Stock Non-Profit Corporation,Private,Region III (Central Luzon),,,,"Baliwag City, Bulacan",CHED,true
Asian Institute of Science and Technology-Central,3301,,Private Non-Sectarian Stock,Private,Region III (Central Luzon),,,,"AISAT Bldg. MacArthur Highway, Dau, Mabalacat City, Pampanga",CHED,true
"Asian Institute of Science and Technology-Central, Inc. (Baliuag)",3324,,Private Non-Sectarian Non-Stock,Private,Region III (Central Luzon),,,,"Second Floor Victoria Bldg., Poblacion, Baliwag City, Bulacan",CHED,true
"Asiatech Educational Foundation, Inc.",NEW,,Private Non-Stock Non-Profit Corporation,Private,Region III (Central Luzon),,,,"Santa Maria, Bulacan",CHED,true
Aurora Polytechnic College,3260,,Private Non-Sectarian Non-Stock,Private,Region III (Central Luzon),,,,"Baler , Aurora",CHED,true
Aurora State College of Technology,4006,,Chartered State College/University (Main),,Region III (Central Luzon),,,,"Zabali, Baler , Aurora",CHED,true
Aurora State College of Technology-Bazal,04006a,,Chartered State College/University (Satellite Campus),,Region III (Central Luzon),,,,Aurora,CHED,true
Aurora State College of Techonolgy-Casiguran,04006b,,Chartered State College/University (Satellite Campus),,Region III (Central Luzon),,,,"Casiguran, Aurora",CHED,true
Baliuag University,3004,,Private Non-Sectarian Non-Stock,Private,Region III (Central Luzon),,,,"Baliwag City, Bulacan",CHED,true
Baliwag Maritime Academy,3005,,Private Non-Sectarian Stock,Private,Region III (Central Luzon),,,,"San Rafael, Bulacan",CHED,true
Bataan Educational Institution,NEW,,Private Non-Stock Non-Profit Corporation,Private,Region III (Central Luzon),,,,"Orani, Bataan",CHED,true
Bataan Heroes College,3009,,Private Non-Sectarian Stock,Private,Region III (Central Luzon),,,,"Balanga City, Bataan",CHED,true
Bataan Peninsula State University,3141,,Chartered State College/University (Main),,Region III (Central Luzon),,,,"Balanga City, Bataan",CHED,true
Bataan Peninsula State University-Abucay,03006a,,Chartered State College/University (Satellite Campus),,Region III (Central Luzon),,,,"Abucay, Bataan",CHED,true
Bataan Peninsula State University-Bagac,03006b,,Chartered State College/University (Satellite Campus),,Region III (Central Luzon),,,,Bataan,CHED,true
Bataan Peninsula State University-Balanga,3228,,Chartered State College/University (Satellite Campus),,Region III (Central Luzon),,,,"Balanga City, Bataan",CHED,true
Bataan Peninsula State University-Dinalupihan,3006,,Chartered State College/University (Satellite Campus),,Region III (Central Luzon),,,,"Dinalupihan, Bataan",CHED,true
Bataan Peninsula State University-Orani,3108,,Chartered State College/University (Satellite Campus),,Region III (Central Luzon),,,,"Orani, Bataan",CHED,true
"Bestcap Career College, Inc.",3309,,Private Non-Sectarian Stock,Private,Region III (Central Luzon),,,,"Malacampa, Camiling, Tarlac",CHED,true
"Bestlink College of the Philippines-Bulacan, Inc.",3279,,Private Non-Sectarian Stock,Private,Region III (Central Luzon),,,,"San Jose Del Monte City, Bulacan",CHED,true
Bulacan Agricultural State College,3010,,Chartered State College/University (Main),,Region III (Central Luzon),,,,"San Ildefonso, Bulacan",CHED,true
Bulacan Agricultural State College-Doña Remedios Trinidad,3229,,Chartered State College/University (Satellite Campus),,Region III (Central Luzon),,,,"Doña Remedios Trinidad, Bulacan",CHED,true
Bulacan Polytechnic College,3280,,Local Government College/University,,Region III (Central Luzon),,,,"Malolos City, Bulacan",CHED,true
Bulacan State University-Bustos,03012a,,Chartered State College/University (Satellite Campus),,Region III (Central Luzon),,,,"Bustos, Bulacan",CHED,true
Bulacan State University-Hagonoy,03012d,,Chartered State College/University (Satellite Campus),,Region III (Central Luzon),,,,"Hagonoy, Bulacan",CHED,true
Bulacan State University-Main,3012,,Chartered State College/University (Main),,Region III (Central Luzon),,,,"Malolos City, Bulacan",CHED,true
Bulacan State University-Meneses,03012c,,Chartered State College/University (Satellite Campus),,Region III (Central Luzon),,,,"Bulacan, Bulacan",CHED,true
Bulacan State University-San Rafael,3326,,Chartered State College/University (Satellite Campus),,Region III (Central Luzon),,,,"San Rafael, Bulacan",CHED,true
Bulacan State University-Sarmiento,03012b,,Chartered State College/University (Satellite Campus),,Region III (Central Luzon),,,,"San Jose Del Monte City, Bulacan",CHED,true
Camiling Colleges,3013,,Private Non-Sectarian Stock,Private,Region III (Central Luzon),,,,"Camiling, Tarlac",CHED,true
Carthel Science Educational Foundation,3070,,Private Non-Sectarian Non-Stock,Private,Region III (Central Luzon),,,,"San Manuel, Tarlac",CHED,true
"Central Luzon College of Science and Technology, Inc.",3206,,Private Non-Sectarian Non-Stock,Private,Region III (Central Luzon),,,,"City of San Fernando, Pampanga",CHED,true
Central Luzon College of Science and Technology-Olongapo City,3016,,Private Non-Sectarian Stock,Private,Region III (Central Luzon),,,,"Olongapo City, Zambales",CHED,true
"Central Luzon Doctors' Hospital Educational Institution, Inc.",3015,,Private Non-Sectarian Stock,Private,Region III (Central Luzon),,,,"Tarlac City, Tarlac",CHED,true
Central Luzon State University,3018,,Chartered State College/University (Main),,Region III (Central Luzon),,,,"Science City of Muñoz, Nueva Ecija",CHED,true
Centro Colegio De Tarlac,3231,,Private Non-Sectarian Non-Stock,Private,Region III (Central Luzon),,,,"Bamban, Tarlac",CHED,true
Centro Escolar University-Malolos City,3019,,Private Non-Sectarian Non-Stock,Private,Region III (Central Luzon),,,,"Malolos City, Bulacan",CHED,true
CIT Colleges of Paniqui Foundation,3014,,Private Non-Sectarian Non-Stock,Private,Region III (Central Luzon),,,,"Paniqui, Tarlac",CHED,true
City College of Angeles,3271,,Local Government College/University,,Region III (Central Luzon),,,,"Angeles City, Pampanga",CHED,true
"City College of San Fernando, Pampanga",3249,,Local Government College/University,,Region III (Central Luzon),,,,"City of San Fernando, Pampanga",CHED,true
City College of San Jose del Monte,3310,,Local Government College/University,,Region III (Central Luzon),,,,"San Jose Del Monte City, Bulacan",CHED,true
Clark College of Science and Technology,3265,,Private Non-Sectarian Non-Stock,Private,Region III (Central Luzon),,,,Pampanga,CHED,true
Colegio De Calumpit,3212,,Private Non-Sectarian Non-Stock,Private,Region III (Central Luzon),,,,"Calumpit, Bulacan",CHED,true
Colegio de Masinloc,Requested,,Local Government College/University,,Region III (Central Luzon),,,,"South Poblacion, Masinloc, Zambales",CHED,true
"Colegio De San Gabriel Arcangel, Inc.",3180,,Private Non-Sectarian Non-Stock,Private,Region III (Central Luzon),,,,"San Jose Del Monte City, Bulacan",CHED,true
Colegio De San Isidro,CLOSED,,Private Non-Sectarian Stock,Private,Region III (Central Luzon),,,,"Tarlac City, Tarlac",CHED,true
Colegio de San Juan de Letran-Abucay,3207,,Private Non-Sectarian Non-Stock,Private,Region III (Central Luzon),,,,"Abucay, Bataan",CHED,true
Colegio De San Leonardo,Requested,,Local Government College/University,,Region III (Central Luzon),,,,"San Leonardo, Nueva Ecija",CHED,true
Colegio De San Pascual Baylon,3020,,Private Sectarian Stock,Private,Region III (Central Luzon),,,,"Obando, Bulacan",CHED,true
"Colegio de Sebastian-Pampanga, Inc.",3264,,Private Non-Sectarian Non-Stock,Private,Region III (Central Luzon),,,,"City of San Fernando, Pampanga",CHED,true
College for Research and Technology of Cabanatuan,3025,,Private Non-Sectarian Non-Stock,Private,Region III (Central Luzon),,,,"Cabanatuan City, Nueva Ecija",CHED,true
"College of Mary Immaculate of Pandi, Bulacan, Inc.",3169,,Private Non-Sectarian Non-Stock,Private,Region III (Central Luzon),,,,"Pandi, Bulacan",CHED,true
"College of Our Lady of Mercy of Pulilan Foundation, Inc.",3267,,Private Non-Sectarian Non-Stock,Private,Region III (Central Luzon),,,,"Longos, Pulilan, Bulacan",CHED,true
"College of Our Lady of Mt. Carmel (Pampanga), Inc",3205,,Private Non-Sectarian Non-Stock,Private,Region III (Central Luzon),,,,"Saguin, City of San Fernando, Pampanga",CHED,true
"College of Saint Anthony SJDM Bulacan, Inc.",3303,,Private Non-Sectarian Stock,Private,Region III (Central Luzon),,,,"San Jose Del Monte City, Bulacan",CHED,true
"College of Saint Lawrence, Inc.",3131,,Private Non-Sectarian Stock,Private,Region III (Central Luzon),,,,"Balagtas, Bulacan",CHED,true
"College of Subic Montessori Subic Bay, Inc.",3208,,Private Non-Sectarian Non-Stock,Private,Region III (Central Luzon),,,,"Olongapo City, Zambales",CHED,true
"College of Subic Montessori, Inc.",3294,,Private Non-Sectarian Non-Stock,Private,Region III (Central Luzon),,,,"Dinalupihan, Bataan",CHED,true
College of the Holy Spirit of Tarlac,3021,,Private Sectarian Non-Stock,Private,Region III (Central Luzon),,,,"Tarlac City, Tarlac",CHED,true
College of the Immaculate Conception,3022,,Private Sectarian Non-Stock,Private,Region III (Central Luzon),,,,"Cabanatuan City, Nueva Ecija",CHED,true
"College of the Most Holy Trinity Catholic Foundation, Inc.",3195,,Private Non-Sectarian Non-Stock,Private,Region III (Central Luzon),,,,"Hermosa, Bataan",CHED,true
"Colleges of Advance Technology and Management of the Philippines, Inc.",3287,,Private Non-Sectarian Non-Stock,Private,Region III (Central Luzon),,,,"Guimba, Nueva Ecija",CHED,true
"Columban College, Inc.",3024,,Private Non-Sectarian Non-Stock,Private,Region III (Central Luzon),,,,"Olongapo City, Zambales",CHED,true
"Columban College-Sta. Cruz, Zambales",3129,,Private Sectarian Non-Stock,Private,Region III (Central Luzon),,,,"Santa Cruz, Zambales",CHED,true
"Community College of the Philippines, Inc.",Requested,,Private Non-Sectarian Non-Stock,Private,Region III (Central Luzon),,,,"Cabanatuan City, Nueva Ecija",CHED,true
Comteq Computer and Business College,3144,,Private Non-Sectarian Non-Stock,Private,Region III (Central Luzon),,,,"Olongapo City, Zambales",CHED,true
Concepcion Holy Cross College,3127,,Private Non-Sectarian Non-Stock,Private,Region III (Central Luzon),,,,"Concepcion, Tarlac",CHED,true
"CORE Gateway College, Inc.",3023,,Private Non-Sectarian Non-Stock,Private,Region III (Central Luzon),,,,"San Jose City, Nueva Ecija",CHED,true
Dalubhasaang Politekniko ng Lungsod ng Baliwag,3250,,Local Government College/University,,Region III (Central Luzon),,,,"Baliwag City, Bulacan",CHED,true
Data College,3084,,Private Non-Sectarian Stock,Private,Region III (Central Luzon),,,,"City of San Fernando, Pampanga",CHED,true
Dee Hwa Liong College Foundation,3155,,"Others, please specify",,Region III (Central Luzon),,,,"Mabalacat City, Pampanga",CHED,true
Dingalan Community College,Requested,,Local Government College/University,,Region III (Central Luzon),,,,"Dingalan, Aurora",CHED,true
Divina Pastora College,3028,,Private Non-Sectarian Non-Stock,Private,Region III (Central Luzon),,,,"Gapan City, Nueva Ecija",CHED,true
"Divine Grace Colleges of Pampanga, Inc.",Requested,,Private Non-Sectarian Foundation,Private,Region III (Central Luzon),,,,"Mawaque Highway, Mabalacat City, Pampanga",CHED,true
Dominican College of Tarlac,3029,,Private Sectarian Non-Stock,Private,Region III (Central Luzon),,,,"Capas, Tarlac",CHED,true
DPR Aviation College,Requested,,Private Non-Sectarian Non-Stock,Private,Region III (Central Luzon),,,,"Plaridel, Bulacan",CHED,true
"Dr. Gloria D. Lacson Foundation Colleges of Cabanatuan City, Inc.",3203,,Private Non-Sectarian Non-Stock,Private,Region III (Central Luzon),,,,"Cabanatuan City, Nueva Ecija",CHED,true
"Dr. Gloria D. Lacson Foundation Colleges, Inc.",3031,,Private Non-Sectarian Stock,Private,Region III (Central Luzon),,,,"San Leonardo, Nueva Ecija",CHED,true
Dr. Nicanor Reyes Memorial Colleges,CLOSED,,Private Non-Sectarian Stock,Private,Region III (Central Luzon),,,,"Paniqui, Tarlac",CHED,true
"Dr. Yanga's Colleges, Inc.",3033,,Private Non-Sectarian Stock,Private,Region III (Central Luzon),,,,"Bocaue, Bulacan",CHED,true
East Central Colleges,CLOSED,,Private Non-Sectarian Stock,Private,Region III (Central Luzon),,,,"City of San Fernando, Pampanga",CHED,true
Eastwoods Professional College of Science and Technology,3151,,Private Non-Sectarian Non-Stock,Private,Region III (Central Luzon),,,,"Balanga City, Bataan",CHED,true
Ecumenical Christian College,NEW,,Private Non-Stock Non-Profit Corporation,Private,Region III (Central Luzon),,,,"Tarlac City, Tarlac",CHED,true
Ednor College Incorporated,NEW,,Private Non-Stock Non-Profit Corporation,Private,Region III (Central Luzon),,,,"Tarlac City, Tarlac",CHED,true
Eduardo L. Joson Memorial College,3197,,Local Government College/University,,Region III (Central Luzon),,,,"Palayan City, Nueva Ecija",CHED,true
Emmanuel System College of Bulacan,3291,,Private Non-Sectarian Non-Stock,Private,Region III (Central Luzon),,,,"Pulilan, Bulacan",CHED,true
"Erhard Science College-Bulacan, Inc.",3281,,Private Non-Sectarian Non-Stock,Private,Region III (Central Luzon),,,,"San Rafael, Bulacan",CHED,true
Exact Colleges of Asia,3288,,Private Non-Sectarian Non-Stock,Private,Region III (Central Luzon),,,,"Suclayin, Arayat, Pampanga",CHED,true
"FDSA Aviation College of Science and Technology, Inc.",3304,,Private Non-Sectarian Stock,Private,Region III (Central Luzon),,,,"Mabalacat City, Pampanga",CHED,true
Fernandez College of Arts and Technology,3133,,Private Non-Sectarian Non-Stock,Private,Region III (Central Luzon),,,,"Baliwag City, Bulacan",CHED,true
First City Providential College,3194,,Private Non-Sectarian Stock,Private,Region III (Central Luzon),,,,"San Jose Del Monte City, Bulacan",CHED,true
Fundamental Baptist College For Asians,3163,,Private Non-Sectarian Stock,Private,Region III (Central Luzon),,,,"Tarlac City, Tarlac",CHED,true
Gapan City College,3319,,Local Government College/University,,Region III (Central Luzon),,,,"Gapan City, Nueva Ecija",CHED,true
General De Jesus College,3037,,Private Non-Sectarian Stock,Private,Region III (Central Luzon),,,,"Vallarta St. Poblacion, San Isidro, Nueva Ecija",CHED,true
"Georgia College, Inc.",NEW,,Private Non-Stock Non-Profit Corporation,Private,Region III (Central Luzon),,,,"San Jose Del Monte City, Bulacan",CHED,true
Gerona Junior College,3214,,Private Non-Sectarian Non-Stock,Private,Region III (Central Luzon),,,,"Gerona, Tarlac",CHED,true
Golden Olympus College,3297,,Private Non-Sectarian Stock,Private,Region III (Central Luzon),,,,"Tarlac City, Tarlac",CHED,true
Golden Valley Colleges,3282,,Private Non-Sectarian Non-Stock,Private,Region III (Central Luzon),,,,Bulacan,CHED,true
Gordon College,3149,,Local Government College/University,,Region III (Central Luzon),,,,"Olongapo City, Zambales",CHED,true
Guagua Community College,3268,,Local Government College/University,,Region III (Central Luzon),,,,"Guagua, Pampanga",CHED,true
"Guagua National Colleges, Inc.",3040,,Private Non-Sectarian Stock,Private,Region III (Central Luzon),,,,"Guagua, Pampanga",CHED,true
Harvardian Colleges,CLOSED,,Private Non-Sectarian Stock,Private,Region III (Central Luzon),,,,"City of San Fernando, Pampanga",CHED,true
Holy Angel University,3042,,Private Non-Sectarian Stock,Private,Region III (Central Luzon),,,,"Angeles City, Pampanga",CHED,true
"Holy Cross College Sta. Rosa, N.E. Inc.",3043,,Private Non-Sectarian Stock,Private,Region III (Central Luzon),,,,"Santa Rosa, Nueva Ecija",CHED,true
"Holy Cross Colleges, Inc.",3044,,Private Non-Sectarian Stock,Private,Region III (Central Luzon),,,,"Santa Ana, Pampanga",CHED,true
Holy Infant Jesus College,CLOSED,,Private Non-Sectarian Stock,Private,Region III (Central Luzon),,,,"Olongapo City, Zambales",CHED,true
Holy Rosary Colleges Foundation,3216,,Private Sectarian Non-Stock,Private,Region III (Central Luzon),,,,"San Isidro, Nueva Ecija",CHED,true
"Holy Trinity College of Technology, Inc.",Requested,,Private Sectarian Stock,Private,Region III (Central Luzon),,,,"Paniqui, Tarlac",CHED,true
"Immaculate Conception I-College of Arts and Technology, Inc.",3269,,Private Non-Sectarian Stock,Private,Region III (Central Luzon),,,,"Santa Maria, Bulacan",CHED,true
Immaculate Conception Major Seminary,3045,,Private Sectarian Non-Stock,Private,Region III (Central Luzon),,,,"Guiguinto, Bulacan",CHED,true
Interworld College of Science and Technology Foundation,3046,,Private Non-Sectarian Stock,Private,Region III (Central Luzon),,,,"Tarlac City, Tarlac",CHED,true
"Interworld Colleges Foundation, Inc.",3111,,Private Non-Sectarian Non-Stock,Private,Region III (Central Luzon),,,,"Paniqui, Tarlac",CHED,true
Javier E. Garde Essential Colleges,3302,,Private Non-Sectarian Stock,Private,Region III (Central Luzon),,,,Nueva Ecija,CHED,true
"Jesus Is Lord Colleges Foundation, Inc.",3047,,Private Non-Sectarian Stock,Private,Region III (Central Luzon),,,,"Bocaue, Bulacan",CHED,true
"Jocson College, Inc.",3272,,Private Non-Sectarian Non-Stock,Private,Region III (Central Luzon),,,,"Angeles City, Pampanga",CHED,true
"Jose C. Feliciano College Foundation, Inc.",3048,,Private Non-Sectarian Non-Stock,Private,Region III (Central Luzon),,,,"Mabalacat City, Pampanga",CHED,true
Kalayaan College,CLOSED,,"Others, please specify",,Region III (Central Luzon),,,,"Abucay, Bataan",CHED,true
Kinect Academy,3314,,Private Non-Sectarian Non-Stock,Private,Region III (Central Luzon),,,,"Gapan City, Nueva Ecija",CHED,true
KOLEHIYO NG GUIGUINTO,NEW,,Local Government College/University,,Region III (Central Luzon),,,,"Guiguinto, Bulacan",CHED,true
Kolehiyo ng Subic,3192,,Local Government College/University,,Region III (Central Luzon),,,,"Subic, Zambales",CHED,true
L.F Gonzales College of Science and Technology Inc.,CLOSED,,Private Non-Sectarian Stock,Private,Region III (Central Luzon),,,,"San Leonardo, Nueva Ecija",CHED,true
"La Concepcion College, Inc.",3179,,Private Non-Sectarian Non-Stock,Private,Region III (Central Luzon),,,,"San Jose Del Monte City, Bulacan",CHED,true
La Consolacion University Philippines,3082,,Private Sectarian Non-Stock,Private,Region III (Central Luzon),,,,"Malolos City, Bulacan",CHED,true
La Fortuna College,3113,,Private Non-Sectarian Stock,Private,Region III (Central Luzon),,,,"Cabanatuan City, Nueva Ecija",CHED,true
La Verdad Christian College,3233,,Private Non-Sectarian Non-Stock,Private,Region III (Central Luzon),,,,"Apalit, Pampanga",CHED,true
Liceo de Pulilan Colleges,3245,,Private Non-Sectarian Stock,Private,Region III (Central Luzon),,,,Bulacan,CHED,true
Limay Polytechnic College,3157,,Local Government College/University,,Region III (Central Luzon),,,,"Limay, Bataan",CHED,true
"Living Water Essential College, Inc.",3302,,Private Non-Sectarian Stock,Private,Region III (Central Luzon),,,,"Bongabon, Nueva Ecija",CHED,true
Lourdes College of Bulacan,3049,,Private Non-Sectarian Non-Stock,Private,Region III (Central Luzon),,,,"Angat, Bulacan",CHED,true
Lyceum of Subic Bay,3190,,Private Non-Sectarian Stock,Private,Region III (Central Luzon),,,,"Olongapo City, Zambales",CHED,true
"Lyceum of the East-Aurora, Inc.",3277,,Private Non-Sectarian Non-Stock,Private,Region III (Central Luzon),,,,"Maria Aurora, Aurora",CHED,true
"Lyceum of Western Luzon - Zambales, Inc.",3258,,Private Non-Sectarian Non-Stock,Private,Region III (Central Luzon),,,,"Botolan, Zambales",CHED,true
Mabalacat City College,3236,,Local Government College/University,,Region III (Central Luzon),,,,"Mabalacat City, Pampanga",CHED,true
"Magsaysay Memorial College of Zambales, Inc.",3051,,Private Sectarian Stock,Private,Region III (Central Luzon),,,,"San Narciso, Zambales",CHED,true
"Manuel V. Gallego Foundation Colleges, Inc.",3052,,Private Non-Sectarian Non-Stock,Private,Region III (Central Luzon),,,,"Cabanatuan City, Nueva Ecija",CHED,true
Maria Assumpta Seminary,3053,,Private Sectarian Non-Stock,Private,Region III (Central Luzon),,,,Nueva Ecija,CHED,true
"Marian College of Baliuag, Inc.",3235,,Private Non-Sectarian Non-Stock,Private,Region III (Central Luzon),,,,"Baliwag City, Bulacan",CHED,true
Maritime Academy of Asia and the Pacific,3159,,Private Non-Sectarian Non-Stock,Private,Region III (Central Luzon),,,,"Mariveles, Bataan",CHED,true
Martinet School of Business Education and Technology Inc.,Requested,,Private Sectarian Non-Stock,Private,Region III (Central Luzon),,,,"Tarlac City, Tarlac",CHED,true
"Mary the Queen College (Pampanga), Inc.",3182,,Private Non-Sectarian Stock,Private,Region III (Central Luzon),,,,"Guagua, Pampanga",CHED,true
Marymount Professional Colleges,3318,,Private Non-Sectarian Stock,Private,Region III (Central Luzon),,,,Bulacan,CHED,true
Mater Dei Academy - Sta. Maria,3305,,Private Non-Sectarian Non-Stock,Private,Region III (Central Luzon),,,,"Santa Maria, Bulacan",CHED,true
Mater Redemptoris College of San Jose City,3226,,Private Sectarian Non-Stock,Private,Region III (Central Luzon),,,,"San Jose City, Nueva Ecija",CHED,true
Megabyte College of Science and Technology-Florida,3227,,Private Non-Sectarian Non-Stock,Private,Region III (Central Luzon),,,,"Floridablanca, Pampanga",CHED,true
"Metro Subic Colleges, Inc.",3056,,Private Non-Sectarian Non-Stock,Private,Region III (Central Luzon),,,,"Olongapo City, Zambales",CHED,true
Meycauayan College,3057,,Private Non-Sectarian Stock,Private,Region III (Central Luzon),,,,"Meycauayan City, Bulacan",CHED,true
Micro Asia College of Science and Technology,3134,,Private Non-Sectarian Stock,Private,Region III (Central Luzon),,,,"Iba , Zambales",CHED,true
Microcity College of Business and Technology,3059,,Private Non-Sectarian Non-Stock,Private,Region III (Central Luzon),,,,"Balanga City, Bataan",CHED,true
Microlink Institute of Science and Technology San Rafael Campus,3299,,Private Non-Sectarian Stock,Private,Region III (Central Luzon),,,,Bulacan,CHED,true
"Midway Colleges, Inc.",3060,,Private Non-Sectarian Non-Stock,Private,Region III (Central Luzon),,,,"Cabanatuan City, Nueva Ecija",CHED,true
Mondriaan Aura College,3061,,Private Non-Sectarian Non-Stock,Private,Region III (Central Luzon),,,,"Olongapo City, Zambales",CHED,true
Mother of Good Counsel Seminary,3062,,Private Sectarian Non-Stock,Private,Region III (Central Luzon),,,,Pampanga,CHED,true
Mother of Perpetual Help Institute,NEW,,Private Non-Stock Non-Profit Corporation,Private,Region III (Central Luzon),,,,"Angeles City, Pampanga",CHED,true
Mount Carmel College of Casiguran,3187,,Private Sectarian Non-Stock,Private,Region III (Central Luzon),,,,"Casiguran, Aurora",CHED,true
Mount Carmel College-Baler,4062,,Private Sectarian Non-Stock,Private,Region III (Central Luzon),,,,"Baler , Aurora",CHED,true
"Mt. Carmel College of Bocaue, Bulacan",3064,,Private Non-Sectarian Non-Stock,Private,Region III (Central Luzon),,,,"Bocaue, Bulacan",CHED,true
National Aviation Academy of the Philippines,3079,,Chartered State College/University (Satellite Campus),,Region III (Central Luzon),,,,"Floridablanca, Pampanga",CHED,true
National University Clark,3325,,Private Non-Sectarian Stock,Private,Region III (Central Luzon),,,,"SM City Clark, Mabalacat City, Pampanga",CHED,true
"Nazarenus College and Hospital Foundation, Inc.",3065,,Private Non-Sectarian Non-Stock,Private,Region III (Central Luzon),,,,"Meycauayan City, Bulacan",CHED,true
Network Computer and Business Colleges,NEW,,Private Non-Stock Non-Profit Corporation,Private,Region III (Central Luzon),,,,"Olongapo City, Zambales",CHED,true
New Era University-Pampanga,3256,,Private Non-Sectarian Stock,Private,Region III (Central Luzon),,,,"City of San Fernando, Pampanga",CHED,true
Northern Bataan Institute,NEW,,Private Non-Stock Non-Profit Corporation,Private,Region III (Central Luzon),,,,"Dinalupihan, Bataan",CHED,true
"Northern Zambales College, Inc.",3128,,Private Non-Sectarian Non-Stock,Private,Region III (Central Luzon),,,,"Masinloc, Zambales",CHED,true
Norzagaray College,3237,,Local Government College/University,,Region III (Central Luzon),,,,"Poblacion, Norzagaray, Bulacan",CHED,true
"NU Bulacan, Inc.",3308,,Private Non-Sectarian Stock,Private,Region III (Central Luzon),,,,"Baliwag City, Bulacan",CHED,true
Nueva Ecija University of Science and Technology-Atate,03085b,,Chartered State College/University (Satellite Campus),,Region III (Central Luzon),,,,Nueva Ecija,CHED,true
Nueva Ecija University of Science and Technology-Carranglan,03085j,,Chartered State College/University (Satellite Campus),,Region III (Central Luzon),,,,"Carranglan, Nueva Ecija",CHED,true
Nueva Ecija University of Science and Technology-Fort Magsaysay,03085c,,Chartered State College/University (Satellite Campus),,Region III (Central Luzon),,,,Nueva Ecija,CHED,true
Nueva Ecija University of Science and Technology-Gabaldon Campus,NEW,,Private Non-Sectarian Stock,Private,Region III (Central Luzon),,,,"Gabaldon, Nueva Ecija",CHED,true
Nueva Ecija University of Science and Technology-Gapan City Campus,03085g,,Chartered State College/University (Satellite Campus),,Region III (Central Luzon),,,,Nueva Ecija,CHED,true
Nueva Ecija University of Science and Technology-General Tinio,3017,,Chartered State College/University (Satellite Campus),,Region III (Central Luzon),,,,"Cabanatuan City, Nueva Ecija",CHED,true
Nueva Ecija University of Science and Technology-Papaya,3312,,Chartered State College/University (Satellite Campus),,Region III (Central Luzon),,,,"Cabanatuan City, Nueva Ecija",CHED,true
Nueva Ecija University of Science and Technology-Peñaranda,03085f,,Chartered State College/University (Satellite Campus),,Region III (Central Luzon),,,,"Peñaranda, Nueva Ecija",CHED,true
Nueva Ecija University of Science and Technology-San Antonio Campus,03085k,,Chartered State College/University (Satellite Campus),,Region III (Central Luzon),,,,"San Antonio, Nueva Ecija",CHED,true
Nueva Ecija University of Science and Technology-San Isidro Campus,03085d,,Chartered State College/University (Satellite Campus),,Region III (Central Luzon),,,,"San Isidro, Nueva Ecija",CHED,true
Nueva Ecija University of Science and Technology-San Leonardo,03085i,,Chartered State College/University (Satellite Campus),,Region III (Central Luzon),,,,"San Leonardo, Nueva Ecija",CHED,true
Nueva Ecija University of Science and Technology-Sebani Estate Agricultural College,3085,,Chartered State College/University (Satellite Campus),,Region III (Central Luzon),,,,Nueva Ecija,CHED,true
Nueva Ecija University of Science and Technology-Sto. Domingo,3313,,Chartered State College/University (Satellite Campus),,Region III (Central Luzon),,,,Nueva Ecija,CHED,true
Nueva Ecija University of Science and Technology-Sumacab Campus (Main),03085e,,Chartered State College/University (Main),,Region III (Central Luzon),,,,"Cabanatuan City, Nueva Ecija",CHED,true
Nueva Ecija University of Science and Technology-Talavera,03085h,,Chartered State College/University (Satellite Campus),,Region III (Central Luzon),,,,"Talavera, Nueva Ecija",CHED,true
"OAA Computer College Foundation, Inc.",NEW,,Private Non-Stock Non-Profit Corporation,Private,Region III (Central Luzon),,,,"Malolos City, Bulacan",CHED,true
OLRA College Foundation,3300,,Private Non-Sectarian Non-Stock,Private,Region III (Central Luzon),,,,Tarlac,CHED,true
"Osias Colleges, Inc.",3072,,Private Non-Sectarian Stock,Private,Region III (Central Luzon),,,,"Tarlac City, Tarlac",CHED,true
Our Lady of Fatima University - Nueva Ecija,3068,,Private Non-Sectarian Stock,Private,Region III (Central Luzon),,,,"Cabanatuan City, Nueva Ecija",CHED,true
Our Lady of Fatima University-Pampanga,3283,,Private Non-Sectarian Non-Stock,Private,Region III (Central Luzon),,,,"City of San Fernando, Pampanga",CHED,true
Our Lady of Manaoag Montessori College,3218,,Private Non-Sectarian Non-Stock,Private,Region III (Central Luzon),,,,"Balagtas, Bulacan",CHED,true
Our Lady of Peace College Seminary,3073,,Private Sectarian Non-Stock,Private,Region III (Central Luzon),,,,"Tarlac City, Tarlac",CHED,true
"Our Lady of the Sacred Heart College of Guimba, Inc.",3247,,Private Sectarian Stock,Private,Region III (Central Luzon),,,,"Guimba, Nueva Ecija",CHED,true
Pamantasan ng Araullo (Araullo University),3074,,Private Non-Sectarian Stock,Private,Region III (Central Luzon),,,,"Cabanatuan City, Nueva Ecija",CHED,true
"Pamantasan ng Araullo (Araullo University), Inc. - San Jose",3307,,Private Non-Sectarian Stock,Private,Region III (Central Luzon),,,,"San Jose City, Nueva Ecija",CHED,true
Pambayang Dalubhasaan ng Marilao,3252,,Local Government College/University,,Region III (Central Luzon),,,,"Marilao, Bulacan",CHED,true
"Pampanga Colleges, Inc.",3076,,Private Non-Sectarian Non-Stock,Private,Region III (Central Luzon),,,,"Macabebe, Pampanga",CHED,true
Pampanga State Agricultural University,3075,,Chartered State College/University (Main),,Region III (Central Luzon),,,,"Magalang, Pampanga",CHED,true
Pampanga State University-Apalit,3316,,Chartered State College/University (Satellite Campus),,Region III (Central Luzon),,,,"Apalit, Pampanga",CHED,true
Pampanga State University-Candaba,3317,,Chartered State College/University (Satellite Campus),,Region III (Central Luzon),,,,"Candaba, Pampanga",CHED,true
Pampanga State University-Lubao,3311,,Chartered State College/University (Satellite Campus),,Region III (Central Luzon),,,,"Lubao, Pampanga",CHED,true
Pampanga State University-Main,3030,,Chartered State College/University (Main),,Region III (Central Luzon),,,,"Bacolor, Pampanga",CHED,true
Pampanga State University-Mexico,03030a,,Chartered State College/University (Satellite Campus),,Region III (Central Luzon),,,,"Mexico, Pampanga",CHED,true
Pampanga State University-Porac,03030b,,Chartered State College/University (Satellite Campus),,Region III (Central Luzon),,,,"Porac, Pampanga",CHED,true
Pampanga State University-Sto.Tomas,03030c,,Chartered State College/University (Satellite Campus),,Region III (Central Luzon),,,,"Sto. Tomas, Pampanga",CHED,true
Philippine Merchant Marine Academy,13143,,Chartered State College/University (Main),,Region III (Central Luzon),,,,"San Narciso, Zambales",CHED,true
Philippine Rehabilitation Institute Foundation-Guagua,3220,,Private Non-Sectarian Stock,Private,Region III (Central Luzon),,,,"Guagua, Pampanga",CHED,true
Philippine Statesman College,NEW,,Private Non-Stock Non-Profit Corporation,Private,Region III (Central Luzon),,,,"Cabanatuan City, Nueva Ecija",CHED,true
Philippine Women`s University Career Development and Continuing Education Center - Tarlac,3232,,Private Non-Sectarian Non-Stock,Private,Region III (Central Luzon),,,,"Tarlac City, Tarlac",CHED,true
Philippine Women`s University Career Development and Continuing Education Center-Bataan,3230,,Private Non-Sectarian Non-Stock,Private,Region III (Central Luzon),,,,"Balanga City, Bataan",CHED,true
Polytechnic College of Botolan,3251,,Local Government College/University,,Region III (Central Luzon),,,,"Botolan, Zambales",CHED,true
Polytechnic College of the City of Meycauayan,3238,,Local Government College/University,,Region III (Central Luzon),,,,"Meycauayan City, Bulacan",CHED,true
Polytechnic University of the Philippines-Cabiao,13155n,,Chartered State College/University (Satellite Campus),,Region III (Central Luzon),,,,"Cabiao, Nueva Ecija",CHED,true
Polytechnic University of the Philippines-Mariveles,3080,,Chartered State College/University (Satellite Campus),,Region III (Central Luzon),,,,"Mariveles, Bataan",CHED,true
Polytechnic University of The Philippines-Pulilan,13155g,,Chartered State College/University (Satellite Campus),,Region III (Central Luzon),,,,Bulacan,CHED,true
"Polytechnic University of the Philippines-Sta. Maria, Bulacan",13155h,,Chartered State College/University (Satellite Campus),,Region III (Central Luzon),,,,"Santa Maria, Bulacan",CHED,true
President Ramon Magsaysay State University,3081,,Chartered State College/University (Main),,Region III (Central Luzon),,,,"Iba , Zambales",CHED,true
President Ramon Magsaysay State University-Botolan,03081a,,Chartered State College/University (Satellite Campus),,Region III (Central Luzon),,,,"Botolan, Zambales",CHED,true
President Ramon Magsaysay State University-Candelaria,03081b,,Chartered State College/University (Satellite Campus),,Region III (Central Luzon),,,,"Candelaria, Zambales",CHED,true
President Ramon Magsaysay State University-Castillejos,03081c,,Chartered State College/University (Satellite Campus),,Region III (Central Luzon),,,,Zambales,CHED,true
President Ramon Magsaysay State University-Masinloc,03081d,,Chartered State College/University (Satellite Campus),,Region III (Central Luzon),,,,Zambales,CHED,true
President Ramon Magsaysay State University-San Marcelino,3105,,Chartered State College/University (Satellite Campus),,Region III (Central Luzon),,,,"San Marcelino, Zambales",CHED,true
President Ramon Magsaysay State University-Sta. Cruz,03081e,,Chartered State College/University (Satellite Campus),,Region III (Central Luzon),,,,Zambales,CHED,true
RCC Colegio de San Rafael,3263,,Private Non-Sectarian Non-Stock,Private,Region III (Central Luzon),,,,Pampanga,CHED,true
Republic Central Colleges,3083,,Private Non-Sectarian Non-Stock,Private,Region III (Central Luzon),,,,"Angeles City, Pampanga",CHED,true
"Richwell Colleges, Incorporated",3293,,Private Non-Sectarian Stock,Private,Region III (Central Luzon),,,,"Plaridel, Bulacan",CHED,true
"Rosebelle Colleges, Inc.",3329,,Private Sectarian Non-Stock,Private,Region III (Central Luzon),,,,"Victoria, Tarlac",CHED,true
Sacred Heart Academy of Sta. Maria Bulacan,3315,,Private Non-Sectarian Stock,Private,Region III (Central Luzon),,,,Bulacan,CHED,true
Sact Mutien College,3132,,Private Non-Sectarian Stock,Private,Region III (Central Luzon),,,,Pampanga,CHED,true
Saint Anthony College of Technology,3086,,Private Non-Sectarian Non-Stock,Private,Region III (Central Luzon),,,,"Mabalacat City, Pampanga",CHED,true
Saint Mary's Angels College of Pampanga,3201,,Private Non-Sectarian Non-Stock,Private,Region III (Central Luzon),,,,"Santa Ana, Pampanga",CHED,true
San Jose Christian College,3092,,Private Non-Sectarian Stock,Private,Region III (Central Luzon),,,,"San Jose City, Nueva Ecija",CHED,true
Santa Rita College of Pampanga,3257,,Private Non-Sectarian Stock,Private,Region III (Central Luzon),,,,"Santa Rita, Pampanga",CHED,true
"Santiago ""Santy"" R. Austria College",Requested,,Local Government College/University,,Region III (Central Luzon),,,,"SAPANG, Jaen, Nueva Ecija",CHED,true
Shepherds College,NEW,,Private Non-Stock Non-Profit Corporation,Private,Region III (Central Luzon),,,,"Meycauayan City, Bulacan",CHED,true
"Siena College of San Jose, Inc.",3135,,Private Non-Sectarian Stock,Private,Region III (Central Luzon),,,,"San Jose Del Monte City, Bulacan",CHED,true
SJDM Cornerstone College,3261,,Private Non-Sectarian Non-Stock,Private,Region III (Central Luzon),,,,Bulacan,CHED,true
Somascan Fathers Seminary,NEW,,Private Non-Sectarian Non-Stock,Private,Region III (Central Luzon),,,,"Lubao, Pampanga",CHED,true
St. Andrew's College,CLOSED,,Private Non-Sectarian Stock,Private,Region III (Central Luzon),,,,"Candaba, Pampanga",CHED,true
St. Augustine College,NEW,,Private Non-Stock Non-Profit Corporation,Private,Region III (Central Luzon),,,,"Baliwag City, Bulacan",CHED,true
"St. Augustine Colleges Foundation, Inc.",3172,,Private Non-Sectarian Stock,Private,Region III (Central Luzon),,,,"Paniqui, Tarlac",CHED,true
St. Benilde Center for Global Competence,3234,,Private Non-Sectarian Stock,Private,Region III (Central Luzon),,,,"Olongapo City, Zambales",CHED,true
St. Elizabeth Global Skills Institute,3289,,Private Non-Sectarian Stock,Private,Region III (Central Luzon),,,,"Talavera, Nueva Ecija",CHED,true
"St. Joseph College of Bulacan, Inc.",3160,,Private Non-Sectarian Stock,Private,Region III (Central Luzon),,,,"Santa Maria, Bulacan",CHED,true
"St. Joseph College-Olongapo, Inc.",3199,,Private Sectarian Non-Stock,Private,Region III (Central Luzon),,,,"Olongapo City, Zambales",CHED,true
St. Joseph's College of Balanga City Inc.,NEW,,Private Non-Sectarian Non-Stock,Private,Region III (Central Luzon),,,,"Balanga City, Bataan",CHED,true
St. Linus University,NEW,,Private Non-Sectarian Stock,Private,Region III (Central Luzon),,,,"Paniqui, Tarlac",CHED,true
"St. Mary's College of Baliuag, Inc.",3171,,Private Sectarian Non-Stock,Private,Region III (Central Luzon),,,,"Baliwag City, Bulacan",CHED,true
St. Mary's College of Meycauayan,3088,,Private Sectarian Non-Stock,Private,Region III (Central Luzon),,,,"Meycauayan City, Bulacan",CHED,true
St. Michael's College,CLOSED,,Private Non-Sectarian Stock,Private,Region III (Central Luzon),,,,"Guagua, Pampanga",CHED,true
St. Nicolas College of Business and Technology,3202,,Private Non-Sectarian Non-Stock,Private,Region III (Central Luzon),,,,"City of San Fernando, Pampanga",CHED,true
St. Patrick College,NEW,,Private Non-Sectarian Non-Stock,Private,Region III (Central Luzon),,,,"Orani, Bataan",CHED,true
"St. Paul Colleges Foundation-Paniqui, Tarlac,Inc.",3165,,Private Sectarian Non-Stock,Private,Region III (Central Luzon),,,,"Paniqui, Tarlac",CHED,true
St. Paul University at San Miguel,3091,,Private Sectarian Non-Stock,Private,Region III (Central Luzon),,,,"San Miguel, Bulacan",CHED,true
"St. Rose College Educational Foundation, Inc.",3175,,Private Non-Sectarian Non-Stock,Private,Region III (Central Luzon),,,,"Paniqui, Tarlac",CHED,true
St. Thomas More College-Clark,3290,,Private Non-Sectarian Stock,Private,Region III (Central Luzon),,,,"Angeles City, Pampanga",CHED,true
"Sta. Clara de Montefalco College, Inc.",NEW,,Private Non-Stock Non-Profit Corporation,Private,Region III (Central Luzon),,,,"Meycauayan City, Bulacan",CHED,true
STI College Balanga,CLOSED,,Private Non-Sectarian Stock,Private,Region III (Central Luzon),,,,"Balanga City, Bataan",CHED,true
"STI College Baliuag, Inc.",3209,,Private Non-Sectarian Stock,Private,Region III (Central Luzon),,,,"Baliwag City, Bulacan",CHED,true
STI College Cabanatuan,CLOSED,,Private Non-Stock Non-Profit Corporation,Private,Region III (Central Luzon),,,,"Cabanatuan City, Nueva Ecija",CHED,true
STI College San Jose,3262,,Private Non-Sectarian Stock,Private,Region III (Central Luzon),,,,"San Jose City, Nueva Ecija",CHED,true
STI College San Jose del Monte,13228,,Private Non-Sectarian Non-Stock,Private,Region III (Central Luzon),,,,"San Jose Del Monte City, Bulacan",CHED,true
STI College Tarlac,3095,,Private Non-Sectarian Stock,Private,Region III (Central Luzon),,,,"Tarlac City, Tarlac",CHED,true
STI College-Angeles City,3116,,Private Non-Sectarian Stock,Private,Region III (Central Luzon),,,,"Angeles City, Pampanga",CHED,true
STI College-Balagtas,3189,,Private Non-Sectarian Non-Stock,Private,Region III (Central Luzon),,,,"Balagtas, Bulacan",CHED,true
STI College-City of San Fernando,3115,,Private Non-Sectarian Stock,Private,Region III (Central Luzon),,,,"City of San Fernando, Pampanga",CHED,true
STI College-Malolos,3120,,Private Non-Sectarian Non-Stock,Private,Region III (Central Luzon),,,,"Malolos City, Bulacan",CHED,true
STI College-Meycauayan,3119,,Private Non-Sectarian Stock,Private,Region III (Central Luzon),,,,"Meycauayan City, Bulacan",CHED,true
STI College-Sta. Maria,3188,,Private Non-Sectarian Non-Stock,Private,Region III (Central Luzon),,,,"Santa Maria, Bulacan",CHED,true
"Sto. Rosario Sapang Palay College, Inc.",3003,,Private Sectarian Non-Stock,Private,Region III (Central Luzon),,,,"San Jose Del Monte City, Bulacan",CHED,true
"Subic Bay Colleges, Inc.",3223,,Private Non-Sectarian Non-Stock,Private,Region III (Central Luzon),,,,"Olongapo City, Zambales",CHED,true
Systems Plus College Foundation,3096,,Private Non-Sectarian Non-Stock,Private,Region III (Central Luzon),,,,"Angeles City, Pampanga",CHED,true
Tarlac Agricultural University,3097,,Chartered State College/University (Main),,Region III (Central Luzon),,,,"Camiling, Tarlac",CHED,true
"Tarlac Christian Colleges, Inc.",3254,,Private Non-Sectarian Non-Stock,Private,Region III (Central Luzon),,,,"Tarlac City, Tarlac",CHED,true
Tarlac State University,3098,,Chartered State College/University (Main),,Region III (Central Luzon),,,,"Tarlac City, Tarlac",CHED,true
The Good Samaritan Colleges,3039,,Private Non-Sectarian Stock,Private,Region III (Central Luzon),,,,"Cabanatuan City, Nueva Ecija",CHED,true
The Manila Times College of Subic,3198,,Private Non-Sectarian Stock,Private,Region III (Central Luzon),,,,"Olongapo City, Zambales",CHED,true
Tomas Del Rosario College,3099,,Private Non-Sectarian Stock,Private,Region III (Central Luzon),,,,"Balanga City, Bataan",CHED,true
"Trinitas College, Inc.",NEW,,Private Non-Sectarian Non-Stock,Private,Region III (Central Luzon),,,,"Meycauayan City, Bulacan",CHED,true
University of Nueva Caceres-Bataan,3296,,Private Non-Sectarian Stock,Private,Region III (Central Luzon),,,,"Dinalupihan, Bataan",CHED,true
University of the Assumption,3100,,Private Sectarian Non-Stock,Private,Region III (Central Luzon),,,,"City of San Fernando, Pampanga",CHED,true
University of the Philippines- Manila School of Health Sciences Extension Campus-Baler,3320,,Chartered State College/University (Satellite Campus),,Region III (Central Luzon),,,,Aurora,CHED,true
University of the Philippines- Manila School of Health Sciences Extension Campus-Tarlac,3321,,Chartered State College/University (Satellite Campus),,Region III (Central Luzon),,,,Tarlac,CHED,true
University of the Philippines-Diliman (Olongapo City),13206b,,Chartered State College/University (Satellite Campus),,Region III (Central Luzon),,,,Zambales,CHED,true
University of the Philippines-Diliman (Pampanga),13206a,,Chartered State College/University (Satellite Campus),,Region III (Central Luzon),,,,Pampanga,CHED,true
"USST Colleges, Inc.",3125,,Private Non-Sectarian Non-Stock,Private,Region III (Central Luzon),,,,"Tarlac City, Tarlac",CHED,true
Village Montessori School and Colleges,3306,,Private Non-Sectarian Non-Stock,Private,Region III (Central Luzon),,,,Bulacan,CHED,true
"Virgen De los Remedios College, Inc.",CLOSED,,"Others, please specify",,Region III (Central Luzon),,,,"Olongapo City, Zambales",CHED,true
Virgen Milagrosa Del Rosario College Seminary,3298,,Private Sectarian Non-Stock,Private,Region III (Central Luzon),,,,Bataan,CHED,true
Wesleyan University-Philippines (Cabanatuan),3104,,Private Non-Sectarian Non-Stock,Private,Region III (Central Luzon),,,,"Cabanatuan City, Nueva Ecija",CHED,true
Wesleyan University-Philippines-Aurora,4256,,Private Non-Sectarian Non-Stock,Private,Region III (Central Luzon),,,,"Maria Aurora, Aurora",CHED,true
West Central College of Arts and Sciences,3322,,Private Non-Sectarian Non-Stock,Private,Region III (Central Luzon),,,,Pampanga,CHED,true
"World Citi Colleges-Guimba, Inc.",3027,,Private Non-Sectarian Stock,Private,Region III (Central Luzon),,,,"Guimba, Nueva Ecija",CHED,true
ABE International Business College-Cainta,04245,,Private Non-Sectarian Stock,Private,Region IV-A (CALABARZON),,,,"Cainta, Rizal",CHED,true
ABE International Business College-Quezon,04410,,Private Non-Sectarian Stock,Private,Region IV-A (CALABARZON),,,,"Lucena City, Quezon",CHED,true
ACLC College of San Pablo,04450,,Private Non-Sectarian Stock,Private,Region IV-A (CALABARZON),,,,"San Pablo City, Laguna",CHED,true
ACLC College of Taytay,04431,,Private Non-Sectarian Non-Stock,Private,Region IV-A (CALABARZON),,,,"Taytay, Rizal",CHED,true
Acts Computer College-Infanta,04411,,Private Non-Sectarian Non-Stock,Private,Region IV-A (CALABARZON),,,,"Infanta, Quezon",CHED,true
ACTS Computer College-Sta. Cruz,04002,,Private Non-Sectarian Non-Stock,Private,Region IV-A (CALABARZON),,,,"Santa Cruz , Laguna",CHED,true
Adventist International Institute of Advanced Studies,04190,,Private Sectarian Non-Stock,Private,Region IV-A (CALABARZON),,,,"Silang, Cavite",CHED,true
Adventist University of the Philippines,04079,,Private Sectarian Non-Stock,Private,Region IV-A (CALABARZON),,,,"Silang, Cavite",CHED,true
Agoncillo College,04361,,Private Non-Sectarian Stock,Private,Region IV-A (CALABARZON),,,,"Agoncillo, Batangas",CHED,true
AISAT College-Dasmariñas,04483,,Private Non-Sectarian Stock,Private,Region IV-A (CALABARZON),,,,"Dasmariñas City, Cavite",CHED,true
Alitagtag College,04200,,Private Non-Sectarian Stock,Private,Region IV-A (CALABARZON),,,,"Alitagtag, Batangas",CHED,true
All Nations College,04340,,Private Non-Sectarian Non-Stock,Private,Region IV-A (CALABARZON),,,,"Antipolo City, Rizal",CHED,true
Alpha Centauri Educational System,04401,,Private Non-Sectarian Stock,Private,Region IV-A (CALABARZON),,,,"Lucena City, Quezon",CHED,true
AMA College-Cavite,04195,,Private Non-Sectarian Stock,Private,Region IV-A (CALABARZON),,,,"General Trias City, Cavite",CHED,true
AMA Computer College-Batangas City,04196,,Private Non-Sectarian Stock,Private,Region IV-A (CALABARZON),,,,"Batangas City , Batangas",CHED,true
AMA Computer College-Biñan,04154,,Private Non-Sectarian Stock,Private,Region IV-A (CALABARZON),,,,"Biñan City, Laguna",CHED,true
AMA Computer College-Calamba,04232,,Private Non-Sectarian Non-Stock,Private,Region IV-A (CALABARZON),,,,"Calamba City, Laguna",CHED,true
AMA Computer College-East Rizal,04177,,Private Non-Sectarian Stock,Private,Region IV-A (CALABARZON),,,,"Antipolo City, Rizal",CHED,true
AMA Computer College-Lipa City,04201,,Private Non-Sectarian Stock,Private,Region IV-A (CALABARZON),,,,"Lipa City, Batangas",CHED,true
AMA Computer College-Lucena,04233,,Private Sectarian Stock,Private,Region IV-A (CALABARZON),,,,"Lucena City, Quezon",CHED,true
AMA Computer College-Sta.Cruz,04172,,Private Non-Sectarian Non-Stock,Private,Region IV-A (CALABARZON),,,,"Santa Cruz , Laguna",CHED,true
Angono Catholic College,04523,,Private Non-Sectarian Non-Stock,Private,Region IV-A (CALABARZON),,,,"Angono, Rizal",CHED,true
Antipolo Institute of Technology (AITECH),04470,,Local Government College/University,,Region IV-A (CALABARZON),,,,"Antipolo City, Rizal",CHED,true
Asia Technological School of Science and Arts (ASIATECH),04413,,Private Non-Sectarian Stock,Private,Region IV-A (CALABARZON),,,,"Santa Rosa City, Laguna",CHED,true
Asia-Pacific Christian College and Seminary,04412,,Private Non-Sectarian Non-Stock,Private,Region IV-A (CALABARZON),,,,"Rodriguez, Rizal",CHED,true
Asia-Pacific Nazarene Theological Seminary,04005,,Private Sectarian Non-Stock,Private,Region IV-A (CALABARZON),,,,"Taytay, Rizal",CHED,true
Asian Institute of Computer Studies-Bacoor,NEW,,Private Non-Sectarian Stock,Private,Region IV-A (CALABARZON),,,,"Bacoor City, Cavite",CHED,true
Asian Institute of Computer Studies-Batangas City,NEW,,Private Non-Sectarian Stock,Private,Region IV-A (CALABARZON),,,,"Batangas City , Batangas",CHED,true
Asian Institute of Computer Studies-Montalban,NEW,,Private Non-Sectarian Stock,Private,Region IV-A (CALABARZON),,,,"Rodriguez, Rizal",CHED,true
Asian Institute of Technology and Education-Tiaong Campus,04383,,Private Non-Sectarian Non-Stock,Private,Region IV-A (CALABARZON),,,,"Tiaong, Quezon",CHED,true
"Asian Institute of Technology, Sciences and Arts (AITSA)",04524,,Private Non-Sectarian Stock,Private,Region IV-A (CALABARZON),,,,"Cabuyao City, Laguna",CHED,true
Asian School of Hospitality Arts,04402,,Private Non-Sectarian Non-Stock,Private,Region IV-A (CALABARZON),,,,"Antipolo City, Rizal",CHED,true
Asian Seminary of Christian Ministries,13019,,Private Non-Sectarian Non-Stock,Private,Region IV-A (CALABARZON),,,,"Silang, Cavite",CHED,true
Balian Community College,04007,,Local Government College/University,,Region IV-A (CALABARZON),,,,"Pangil, Laguna",CHED,true
Banahaw Technological College,04525,,Private Non-Sectarian Non-Stock,Private,Region IV-A (CALABARZON),,,,"Lucban, Quezon",CHED,true
Baptist Bible Seminary and Institute,04267,,Private Sectarian Non-Stock,Private,Region IV-A (CALABARZON),,,,"Taytay, Rizal",CHED,true
Baptist Voice Bible College,04269,,Private Non-Sectarian Non-Stock,Private,Region IV-A (CALABARZON),,,,"Lucena City, Quezon",CHED,true
Batangas College of Arts and Sciences,04369,,Private Non-Sectarian Stock,Private,Region IV-A (CALABARZON),,,,"Lipa City, Batangas",CHED,true
Batangas Eastern Colleges,04308,,Private Non-Sectarian Stock,Private,Region IV-A (CALABARZON),,,,"San Juan, Batangas",CHED,true
Batangas State University,04071,,Chartered State College/University (Main),,Region IV-A (CALABARZON),,,,"Rizal Avenue, Batangas City , Batangas",CHED,true
Batangas State University-Alangilan,04363,,Chartered State College/University (Satellite Campus),,Region IV-A (CALABARZON),,,,"Batangas City , Batangas",CHED,true
Batangas State University-Balayan,04071a,,Chartered State College/University (Satellite Campus),,Region IV-A (CALABARZON),,,,"Balayan, Batangas",CHED,true
Batangas State University-Lemery,04309,,Chartered State College/University (Satellite Campus),,Region IV-A (CALABARZON),,,,"Lemery, Batangas",CHED,true
Batangas State University-Lipa City,04071c,,Chartered State College/University (Satellite Campus),,Region IV-A (CALABARZON),,,,"Lipa City, Batangas",CHED,true
Batangas State University-Lobo,04071d,,Chartered State College/University (Satellite Campus),,Region IV-A (CALABARZON),,,,"Lobo, Batangas",CHED,true
Batangas State University-Mabini,04517,,Chartered State College/University (Satellite Campus),,Region IV-A (CALABARZON),,,,"Mabini, Batangas",CHED,true
Batangas State University-Malvar,04151,,Chartered State College/University (Satellite Campus),,Region IV-A (CALABARZON),,,,"Malvar, Batangas",CHED,true
Batangas State University-Nasugbu,04004,,Chartered State College/University (Satellite Campus),,Region IV-A (CALABARZON),,,,"Nasugbu, Batangas",CHED,true
Batangas State University-Rosario,04071f,,Chartered State College/University (Satellite Campus),,Region IV-A (CALABARZON),,,,"Rosario, Batangas",CHED,true
Batangas State University-San Juan,04071g,,Chartered State College/University (Satellite Campus),,Region IV-A (CALABARZON),,,,"San Juan, Batangas",CHED,true
Binangonan Catholic College,04192,,Private Sectarian Non-Stock,Private,Region IV-A (CALABARZON),,,,"Binangonan, Rizal",CHED,true
Brookfield College in Cavite,04377,,Private Non-Sectarian Non-Stock,Private,Region IV-A (CALABARZON),,,,"Dasmariñas City, Cavite",CHED,true
BWEST College,04436,,Private Non-Sectarian Stock,Private,Region IV-A (CALABARZON),,,,"Lucena City, Quezon",CHED,true
Cainta Catholic College,04160,,Private Sectarian Non-Stock,Private,Region IV-A (CALABARZON),,,,"Cainta, Rizal",CHED,true
Calaca City Global College,NEW,,Local Government College/University,,Region IV-A (CALABARZON),,,,"Calaca City, Batangas",CHED,true
Calamba Doctors' College,04272,,Private Non-Sectarian Non-Stock,Private,Region IV-A (CALABARZON),,,,"Calamba City, Laguna",CHED,true
Calauag Central College,04008,,Private Non-Sectarian Stock,Private,Region IV-A (CALABARZON),,,,"Calauag, Quezon",CHED,true
Calayan Educational Foundation,04059,,Private Non-Sectarian Stock,Private,Region IV-A (CALABARZON),,,,"Lucena City, Quezon",CHED,true
Canossa College - San Pablo City,04009,,Private Sectarian Non-Stock,Private,Region IV-A (CALABARZON),,,,"San Pablo City, Laguna",CHED,true
CARD-MRI Development Institute,04467,,Private Non-Sectarian Non-Stock,Private,Region IV-A (CALABARZON),,,,"Bay, Laguna",CHED,true
Casa Del Niño College,04282,,Private Non-Sectarian Non-Stock,Private,Region IV-A (CALABARZON),,,,"F. Medalla Street, Pacita 2, San Pedro City, Laguna",CHED,true
Cavite Integrated College,04522,,Private Non-Sectarian Stock,Private,Region IV-A (CALABARZON),,,,"Rosario, Cavite",CHED,true
Cavite State University,04027,,Chartered State College/University (Main),,Region IV-A (CALABARZON),,,,"Indang, Cavite",CHED,true
Cavite State University-Bacoor,04385,,Chartered State College/University (Satellite Campus),,Region IV-A (CALABARZON),,,,"Bacoor City, Cavite",CHED,true
Cavite State University-Carmona Campus,04318,,Chartered State College/University (Satellite Campus),,Region IV-A (CALABARZON),,,,"Carmona, Cavite",CHED,true
Cavite State University-Cavite City,04260,,Chartered State College/University (Satellite Campus),,Region IV-A (CALABARZON),,,,"Cavite City, Cavite",CHED,true
Cavite State University-General Trias Campus,04386,,Chartered State College/University (Satellite Campus),,Region IV-A (CALABARZON),,,,"General Trias City, Cavite",CHED,true
Cavite State University-Imus,04319,,Chartered State College/University (Satellite Campus),,Region IV-A (CALABARZON),,,,"Imus City, Cavite",CHED,true
Cavite State University-Naic,04011,,Chartered State College/University (Satellite Campus),,Region IV-A (CALABARZON),,,,"Naic, Cavite",CHED,true
Cavite State University-Rosario,04010,,Chartered State College/University (Satellite Campus),,Region IV-A (CALABARZON),,,,"Rosario, Cavite",CHED,true
Cavite State University-Silang,04362,,Chartered State College/University (Satellite Campus),,Region IV-A (CALABARZON),,,,"Silang, Cavite",CHED,true
Cavite State University-Tanza Campus,04384,,Chartered State College/University (Satellite Campus),,Region IV-A (CALABARZON),,,,"Tanza, Cavite",CHED,true
Cavite State University-Trece Martires City Campus,04350,,Chartered State College/University (Satellite Campus),,Region IV-A (CALABARZON),,,,"Trece Martires City, Cavite",CHED,true
Cavite West Point College,04234,,Private Non-Sectarian Non-Stock,Private,Region IV-A (CALABARZON),,,,"Ternate, Cavite",CHED,true
Center for Biblical Studies Institute & Seminary,04437,,Private Sectarian Non-Stock,Private,Region IV-A (CALABARZON),,,,"Antipolo City, Rizal",CHED,true
Citi Global College-Biñan,04453,,Private Non-Sectarian Non-Stock,Private,Region IV-A (CALABARZON),,,,"Biñan City, Laguna",CHED,true
Citi Global College-Cabuyao,04463,,Private Non-Sectarian Non-Stock,Private,Region IV-A (CALABARZON),,,,"Cabuyao City, Laguna",CHED,true
CITI Global College-Calamba,04514,,Private Non-Sectarian Non-Stock,Private,Region IV-A (CALABARZON),,,,"Calamba City, Laguna",CHED,true
City College of Calamba,04356,,Local Government College/University,,Region IV-A (CALABARZON),,,,"Calamba City, Laguna",CHED,true
City College of Tagaytay,04375,,Local Government College/University,,Region IV-A (CALABARZON),,,,"Tagaytay City, Cavite",CHED,true
Colegio de Amore,04365,,Private Non-Sectarian Stock,Private,Region IV-A (CALABARZON),,,,"Trece Martires City, Cavite",CHED,true
Colegio de General Luna,NEW,,Local Government College/University,,Region IV-A (CALABARZON),,,,"General Luna, Quezon",CHED,true
Colegio de La Ciudad de Tayabas,04507,,Local Government College/University,,Region IV-A (CALABARZON),,,,"Tayabas City, Quezon",CHED,true
Colegio de Los Baños,04014,,Private Non-Sectarian Non-Stock,Private,Region IV-A (CALABARZON),,,,"Los Baños, Laguna",CHED,true
Colegio de Montalban,04345,,Local Government College/University,,Region IV-A (CALABARZON),,,,"Rodriguez, Rizal",CHED,true
Colegio de Porta Vaga,04395,,Private Non-Sectarian Stock,Private,Region IV-A (CALABARZON),,,,"Imus City, Cavite",CHED,true
Colegio De San Juan De Letran Calamba,04015,,Private Sectarian Non-Stock,Private,Region IV-A (CALABARZON),,,,"Calamba City, Laguna",CHED,true
Colegio De San Pedro,04155,,Private Non-Sectarian Non-Stock,Private,Region IV-A (CALABARZON),,,,"San Pedro City, Laguna",CHED,true
Colegio de Santo Cristo de Burgos,04398,,Private Non-Sectarian Non-Stock,Private,Region IV-A (CALABARZON),,,,"Sariaya, Quezon",CHED,true
Colegio de Sto. Domingo de Silos,04468,,Private Non-Sectarian Non-Stock,Private,Region IV-A (CALABARZON),,,,"Calatagan, Batangas",CHED,true
Colegio de Sto. Niño de Cabuyao,04017,,Private Non-Sectarian Stock,Private,Region IV-A (CALABARZON),,,,"Cabuyao City, Laguna",CHED,true
Colegio ng Lungsod ng Batangas,04359,,Local Government College/University,,Region IV-A (CALABARZON),,,,"Batangas City , Batangas",CHED,true
Colegio San Agustin-Biñan,04176,,Private Sectarian Non-Stock,Private,Region IV-A (CALABARZON),,,,"Biñan City, Laguna",CHED,true
College of Arts & Sciences of Asia and the Pacific,04432,,Private Non-Sectarian Non-Stock,Private,Region IV-A (CALABARZON),,,,"Taytay, Rizal",CHED,true
College of Saint John Paul II Arts And Sciences,04446,,Private Sectarian Non-Stock,Private,Region IV-A (CALABARZON),,,,"Cainta, Rizal",CHED,true
College of San Benildo-Rizal,04392,,Private Non-Sectarian Non-Stock,Private,Region IV-A (CALABARZON),,,,"Antipolo City, Rizal",CHED,true
"CSTC College of Sciences, Technology and Communications-Atimonan",04496,,Private Non-Sectarian Stock,Private,Region IV-A (CALABARZON),,,,"Atimonan, Quezon",CHED,true
"CSTC College of Sciences, Technology and Communications-Sariaya",04414,,Private Non-Sectarian Stock,Private,Region IV-A (CALABARZON),,,,"Sariaya, Quezon",CHED,true
CVE Colleges,04355,,Private Non-Sectarian Non-Stock,Private,Region IV-A (CALABARZON),,,,"Pagbilao, Quezon",CHED,true
Daehan College of Business and Technology,04462,,Private Non-Sectarian Stock,Private,Region IV-A (CALABARZON),,,,"Taytay, Rizal",CHED,true
Dalubhasaan ng Lungsod ng Lucena,04280,,Local Government College/University,,Region IV-A (CALABARZON),,,,"Lucena City, Quezon",CHED,true
Dalubhasaan ng Lunsod ng San Pablo,04185,,Local Government College/University,,Region IV-A (CALABARZON),,,,"San Pablo City, Laguna",CHED,true
Datacom Institute of Computer Technology,NEW,,Private Non-Sectarian Stock,Private,Region IV-A (CALABARZON),,,,"Imus City, Cavite",CHED,true
De La Salle Lipa,04019,,Private Non-Sectarian Non-Stock,Private,Region IV-A (CALABARZON),,,,"Lipa City, Batangas",CHED,true
De La Salle Medical and Health Sciences Institute,04025,,Private Sectarian Non-Stock,Private,Region IV-A (CALABARZON),,,,"Dasmariñas City, Cavite",CHED,true
De La Salle University-Dasmariñas,04024,,Private Sectarian Non-Stock,Private,Region IV-A (CALABARZON),,,,"Dasmariñas City, Cavite",CHED,true
De La Salle-College of Saint Benilde-Antipolo,04497,,Private Non-Sectarian Non-Stock,Private,Region IV-A (CALABARZON),,,,"Antipolo City, Rizal",CHED,true
De La Salle-College of Saint Benilde-Antipolo (formerly La Salle College Antipolo Foundation),04184,,Private Sectarian Non-Stock,Private,Region IV-A (CALABARZON),,,,"San Jose , Antipolo City, Rizal",CHED,true
Deaf Evangelistic Alliance Foundation,04020,,Private Non-Sectarian Stock,Private,Region IV-A (CALABARZON),,,,"Cavinti, Laguna",CHED,true
Divine Word Seminary,04023,,Private Non-Sectarian Stock,Private,Region IV-A (CALABARZON),,,,"Tagaytay City, Cavite",CHED,true
Dominican College Sta. Rosa,04139,,Private Non-Sectarian Non-Stock,Private,Region IV-A (CALABARZON),,,,"Santa Rosa City, Laguna",CHED,true
Don Bosco College,04026,,Private Sectarian Non-Stock,Private,Region IV-A (CALABARZON),,,,"Calamba City, Laguna",CHED,true
Dr. Francisco L. Calingasan Memorial Colleges Foundation,04043,,Private Non-Sectarian Stock,Private,Region IV-A (CALABARZON),,,,"Nasugbu, Batangas",CHED,true
East Systems Colleges of Rizal,04400,,Private Non-Sectarian Stock,Private,Region IV-A (CALABARZON),,,,"Morong, Rizal",CHED,true
Eastern Quezon College,04031,,Private Non-Sectarian Non-Stock,Private,Region IV-A (CALABARZON),,,,"Gumaca, Quezon",CHED,true
Eastern Star Academy,04516,,Private Non-Sectarian Stock,Private,Region IV-A (CALABARZON),,,,"San Mateo, Rizal",CHED,true
Eastern Tayabas College,04032,,Private Non-Sectarian Stock,Private,Region IV-A (CALABARZON),,,,"Lopez, Quezon",CHED,true
Ebenezer International Colleges,04323,,Private Non-Sectarian Stock,Private,Region IV-A (CALABARZON),,,,"General Trias City, Cavite",CHED,true
Emilio Aguinaldo College,04199,,Private Non-Sectarian Stock,Private,Region IV-A (CALABARZON),,,,"Dasmariñas City, Cavite",CHED,true
"Eulogio ""Amang"" Rodriguez Institute of Science and Technology-Cavite",13056a,,Chartered State College/University (Satellite Campus),,Region IV-A (CALABARZON),,,,"Gen. Mariano Alvarez, Cavite",CHED,true
Evangelical Theological College of the Philippines-Luzon,04415,,Private Non-Sectarian Non-Stock,Private,Region IV-A (CALABARZON),,,,"Cainta, Rizal",CHED,true
Far East Asia Pacific Institute of Tourism Science and Technology,04454,,Private Non-Sectarian Non-Stock,Private,Region IV-A (CALABARZON),,,,"Tanza, Cavite",CHED,true
Far Eastern Polytechnic College,04366,,Private Non-Sectarian Non-Stock,Private,Region IV-A (CALABARZON),,,,"Dasmariñas City, Cavite",CHED,true
FCD Central Institute,04502,,Private Non-Sectarian Stock,Private,Region IV-A (CALABARZON),,,,"Dasmariñas City, Cavite",CHED,true
FEU Cavite,04404,,Private Non-Sectarian Stock,Private,Region IV-A (CALABARZON),,,,"Silang, Cavite",CHED,true
FEU Roosevelt,04095,,Private Non-Sectarian Stock,Private,Region IV-A (CALABARZON),,,,"Cainta, Rizal",CHED,true
First Asia Institute of Technology and Humanities,04250,,Private Non-Sectarian Stock,Private,Region IV-A (CALABARZON),,,,"Tanauan City, Batangas",CHED,true
First Industrial Science and Technology College,04508,,Private Non-Sectarian Stock,Private,Region IV-A (CALABARZON),,,,"Sto. Tomas City, Batangas",CHED,true
Gardner College Cainta,04332,,Private Non-Sectarian Stock,Private,Region IV-A (CALABARZON),,,,"Cainta, Rizal",CHED,true
General Trias College of Cavite,04428,,Private Non-Sectarian Non-Stock,Private,Region IV-A (CALABARZON),,,,"General Trias City, Cavite",CHED,true
Golden Gate Colleges,04033,,Private Non-Sectarian Stock,Private,Region IV-A (CALABARZON),,,,"Batangas City , Batangas",CHED,true
Grabsum School,04476,,Private Non-Sectarian Non-Stock,Private,Region IV-A (CALABARZON),,,,"Candelaria, Quezon",CHED,true
Grain of Wheat College,04439,,Private Non-Sectarian Non-Stock,Private,Region IV-A (CALABARZON),,,,"Taytay, Rizal",CHED,true
Granby Colleges of Science and Technology,04407,,Private Non-Sectarian Stock,Private,Region IV-A (CALABARZON),,,,"Naic, Cavite",CHED,true
Guang Ming College,13435,,Private Non-Sectarian Stock,Private,Region IV-A (CALABARZON),,,,"Tagaytay City, Cavite",CHED,true
Guardians Bona Fide for Hope Foundation,04455,,Private Non-Sectarian Non-Stock,Private,Region IV-A (CALABARZON),,,,"Biñan City, Laguna",CHED,true
Guinayangan College Foundation,04416,,Private Non-Sectarian Non-Stock,Private,Region IV-A (CALABARZON),,,,"Guinayangan, Quezon",CHED,true
Harris Memorial College,04035,,Private Non-Sectarian Non-Stock,Private,Region IV-A (CALABARZON),,,,"Taytay, Rizal",CHED,true
Holy Child Jesus College,04251,,Private Sectarian Non-Stock,Private,Region IV-A (CALABARZON),,,,"Gumaca, Quezon",CHED,true
ICCT Colleges-Antipolo,04417,,Private Non-Sectarian Non-Stock,Private,Region IV-A (CALABARZON),,,,"Antipolo City, Rizal",CHED,true
ICCT Colleges-Binangonan,04441,,Private Non-Sectarian Non-Stock,Private,Region IV-A (CALABARZON),,,,"Binangonan, Rizal",CHED,true
ICCT Colleges-Cainta,04042,,Private Non-Sectarian Non-Stock,Private,Region IV-A (CALABARZON),,,,"Cainta, Rizal",CHED,true
ICCT Colleges-San Mateo,04418,,Private Non-Sectarian Non-Stock,Private,Region IV-A (CALABARZON),,,,"San Mateo, Rizal",CHED,true
ICCT Colleges-Taytay,04442,,Private Non-Sectarian Non-Stock,Private,Region IV-A (CALABARZON),,,,"Taytay, Rizal",CHED,true
ICT-ED Institute of Science and Technology,04440,,Private Non-Sectarian Non-Stock,Private,Region IV-A (CALABARZON),,,,"Lipa City, Batangas",CHED,true
IETI College of Science and Technology,04188,,Private Non-Sectarian Stock,Private,Region IV-A (CALABARZON),,,,"San Pedro City, Laguna",CHED,true
Immaculate Conception College of Balayan,04039,,Private Sectarian Non-Stock,Private,Region IV-A (CALABARZON),,,,"Balayan, Batangas",CHED,true
Immanuel Theological Seminary,04367,,Private Sectarian Non-Stock,Private,Region IV-A (CALABARZON),,,,"Dasmariñas City, Cavite",CHED,true
Imus Institute of Science and Technology,04041,,Private Non-Sectarian Stock,Private,Region IV-A (CALABARZON),,,,"Imus City, Cavite",CHED,true
Informatics College Cavite,04488,,Private Non-Sectarian Stock,Private,Region IV-A (CALABARZON),,,,"Imus City, Cavite",CHED,true
Inter-Global College Foundation,04181,,Private Non-Sectarian Non-Stock,Private,Region IV-A (CALABARZON),,,,"Lucena City, Quezon",CHED,true
International Christian College of Manila,04341,,Private Sectarian Non-Stock,Private,Region IV-A (CALABARZON),,,,"Antipolo City, Rizal",CHED,true
International Electronics and Technical Institute (Calamba),04489,,Private Non-Sectarian Stock,Private,Region IV-A (CALABARZON),,,,"Calamba City, Laguna",CHED,true
International Peace Leadership College,04334,,Private Sectarian Non-Stock,Private,Region IV-A (CALABARZON),,,,"Tanay, Rizal",CHED,true
ISHRM School System-Bacoor,04325,,Private Non-Sectarian Non-Stock,Private,Region IV-A (CALABARZON),,,,"Bacoor City, Cavite",CHED,true
Jesus Reigns Christian College-Amadeo Foundation,04420,,Private Non-Sectarian Non-Stock,Private,Region IV-A (CALABARZON),,,,"Amadeo, Cavite",CHED,true
Kolehiyo ng Lungsod ng Dasmariñas,04506,,Local Government College/University,,Region IV-A (CALABARZON),,,,"Dasmariñas City, Cavite",CHED,true
Kolehiyo ng Lungsod ng Lipa,04141,,Local Government College/University,,Region IV-A (CALABARZON),,,,"Marauoy, Lipa City, Batangas",CHED,true
Kurios Christian Colleges Foundation,04408,,Private Non-Sectarian Non-Stock,Private,Region IV-A (CALABARZON),,,,"Magallanes, Cavite",CHED,true
La Consolacion College Biñan,04156,,Private Sectarian Stock,Private,Region IV-A (CALABARZON),,,,"Biñan City, Laguna",CHED,true
La Consolacion College Tanauan,04291,,Private Sectarian Non-Stock,Private,Region IV-A (CALABARZON),,,,"Tanauan City, Batangas",CHED,true
Laguna College,04044,,Private Non-Sectarian Stock,Private,Region IV-A (CALABARZON),,,,"San Pablo City, Laguna",CHED,true
Laguna College of Business and Arts,04046,,Private Non-Sectarian Stock,Private,Region IV-A (CALABARZON),,,,"Calamba City, Laguna",CHED,true
Laguna Maritime Arts and Business Colleges,04421,,Private Non-Sectarian Stock,Private,Region IV-A (CALABARZON),,,,"Pangil, Laguna",CHED,true
Laguna Northwestern College,04047,,Private Non-Sectarian Non-Stock,Private,Region IV-A (CALABARZON),,,,"San Pedro City, Laguna",CHED,true
Laguna Northwestern College - SLRMC,04403,,Private Non-Sectarian Non-Stock,Private,Region IV-A (CALABARZON),,,,"Siniloan, Laguna",CHED,true
Laguna Science and Technology College,04157,,Private Non-Sectarian Non-Stock,Private,Region IV-A (CALABARZON),,,,"San Pedro City, Laguna",CHED,true
Laguna State Polytechnic University-Los Baños,04051,,Chartered State College/University (Satellite Campus),,Region IV-A (CALABARZON),,,,"Los Baños, Laguna",CHED,true
Laguna State Polytechnic University-San Pablo City,04113,,Chartered State College/University (Satellite Campus),,Region IV-A (CALABARZON),,,,"San Pablo City, Laguna",CHED,true
Laguna State Polytechnic University-Siniloan,04048,,Chartered State College/University (Main),,Region IV-A (CALABARZON),,,,"Siniloan, Laguna",CHED,true
Laguna State Polytechnic University-Sta. Cruz,04045,,Chartered State College/University (Satellite Campus),,Region IV-A (CALABARZON),,,,"Santa Cruz , Laguna",CHED,true
Laguna University,04358,,Local Government College/University,,Region IV-A (CALABARZON),,,,"Santa Cruz , Laguna",CHED,true
Lake Shore Educational Institution,NEW,,Private Non-Sectarian Stock,Private,Region IV-A (CALABARZON),,,,"Biñan City, Laguna",CHED,true
Lemery Colleges,04171,,Private Non-Sectarian Non-Stock,Private,Region IV-A (CALABARZON),,,,"Lemery, Batangas",CHED,true
Leon Guinto Memorial College,04049,,Private Non-Sectarian Stock,Private,Region IV-A (CALABARZON),,,,"Atimonan, Quezon",CHED,true
Lipa City Colleges,04050,,Private Non-Sectarian Non-Stock,Private,Region IV-A (CALABARZON),,,,"Lipa City, Batangas",CHED,true
LNC Corinthian Center,04274,,Private Non-Sectarian Non-Stock,Private,Region IV-A (CALABARZON),,,,"Santa Rosa City, Laguna",CHED,true
LPU-St. Cabrini School of Health Sciences,04262,,Private Non-Sectarian Non-Stock,Private,Region IV-A (CALABARZON),,,,"Calamba City, Laguna",CHED,true
Lyceum de San Pablo,04484,,Private Non-Sectarian Non-Stock,Private,Region IV-A (CALABARZON),,,,"San Pablo City, Laguna",CHED,true
Lyceum of Southern Luzon,04509,,Private Non-Sectarian Non-Stock,Private,Region IV-A (CALABARZON),,,,"Balayan, Batangas",CHED,true
Lyceum of the Philippines University-Batangas,04054,,Private Non-Sectarian Stock,Private,Region IV-A (CALABARZON),,,,"Batangas City , Batangas",CHED,true
Lyceum of the Philippines University-Batangas (formerly Lyceum of Batangas),04054,,Private Non-Sectarian Stock,Private,Region IV-A (CALABARZON),,,,"Batangas City , Batangas",CHED,true
Lyceum of the Philippines-Cavite,04382,,Private Non-Sectarian Stock,Private,Region IV-A (CALABARZON),,,,"General Trias City, Cavite",CHED,true
Lyceum of the Philippines-Laguna,04252,,Private Non-Sectarian Non-Stock,Private,Region IV-A (CALABARZON),,,,"Calamba City, Laguna",CHED,true
Lyceum of Tingloy de San Roque,NEW,,Private Non-Sectarian Stock,Private,Region IV-A (CALABARZON),,,,"Tingloy, Batangas",CHED,true
Lyceum Technological College,04526,,Private Non-Sectarian Non-Stock,Private,Region IV-A (CALABARZON),,,,"Tiaong, Quezon",CHED,true
Mabini College of Batangas,04284,,Private Non-Sectarian Stock,Private,Region IV-A (CALABARZON),,,,"Mabini, Batangas",CHED,true
Magna Anima Teachers College,04503,,Private Non-Sectarian Stock,Private,Region IV-A (CALABARZON),,,,"Santa Rosa City, Laguna",CHED,true
Manuel S. Enverga Institute Foundation-San Antonio,04339,,Private Non-Sectarian Non-Stock,Private,Region IV-A (CALABARZON),,,,"San Antonio, Quezon",CHED,true
Manuel S. Enverga University Foundation-Calauag,04515,,Private Non-Sectarian Non-Stock,Private,Region IV-A (CALABARZON),,,,"Calauag, Quezon",CHED,true
Manuel S. Enverga University Foundation-Candelaria,04064,,Private Non-Sectarian Non-Stock,Private,Region IV-A (CALABARZON),,,,"Candelaria, Quezon",CHED,true
Manuel S. Enverga University Foundation-Catanauan,04065,,Private Non-Sectarian Stock,Private,Region IV-A (CALABARZON),,,,"Catanauan, Quezon",CHED,true
Manuel S. Enverga University Foundation-Lucena,04056,,Private Non-Sectarian Non-Stock,Private,Region IV-A (CALABARZON),,,,"Lucena City, Quezon",CHED,true
Mapua Malayan Colleges Laguna,04372,,Private Non-Sectarian Stock,Private,Region IV-A (CALABARZON),,,,"Cabuyao City, Laguna",CHED,true
Marasigan Institute of Science and Technology (M.I.S.T.),04471,,Private Non-Sectarian Non-Stock,Private,Region IV-A (CALABARZON),,,,"Dasmariñas City, Cavite",CHED,true
Marcelino Fule Memorial College,04057,,Private Non-Sectarian Non-Stock,Private,Region IV-A (CALABARZON),,,,"Alaminos, Laguna",CHED,true
"Mary Help of Christian College, Salesian Sisters",04422,,Private Sectarian Non-Stock,Private,Region IV-A (CALABARZON),,,,"Calamba City, Laguna",CHED,true
Maryhill College,04162,,Private Sectarian Non-Stock,Private,Region IV-A (CALABARZON),,,,"Lucena City, Quezon",CHED,true
Mater Redemptoris Collegium,04443,,Private Sectarian Non-Stock,Private,Region IV-A (CALABARZON),,,,"Calauan, Laguna",CHED,true
Mercado College,04293,,Private Non-Sectarian Stock,Private,Region IV-A (CALABARZON),,,,"Tanauan City, Batangas",CHED,true
Mind and Integrity College,04444,,Private Non-Sectarian Non-Stock,Private,Region IV-A (CALABARZON),,,,"Calamba City, Laguna",CHED,true
MOL Magsaysay Maritime Academy,04485,,Private Non-Sectarian Non-Stock,Private,Region IV-A (CALABARZON),,,,"Dasmariñas City, Cavite",CHED,true
Montessori Professional Colleges of Asia (MPCA Colleges)-Antipolo,04197,,Private Non-Sectarian Stock,Private,Region IV-A (CALABARZON),,,,"Antipolo City, Rizal",CHED,true
Montessori Professional Colleges of Asia (MPCA Colleges)-Imus,04343,,Private Non-Sectarian Non-Stock,Private,Region IV-A (CALABARZON),,,,"Imus City, Cavite",CHED,true
Mt. St. Aloysius Seminary,04159,,Private Sectarian Non-Stock,Private,Region IV-A (CALABARZON),,,,"Gumaca, Quezon",CHED,true
National College of Business and Arts-Taytay,04067,,Private Non-Sectarian Stock,Private,Region IV-A (CALABARZON),,,,"Taytay, Rizal",CHED,true
National College of Science and Technology (NCST),04205,,Private Non-Sectarian Non-Stock,Private,Region IV-A (CALABARZON),,,,"Dasmariñas City, Cavite",CHED,true
New Era University-Baras Campus,04490,,Private Sectarian Non-Stock,Private,Region IV-A (CALABARZON),,,,"Baras, Rizal",CHED,true
New Era University-Lipa,04464,,Private Non-Sectarian Non-Stock,Private,Region IV-A (CALABARZON),,,,"Lipa City, Batangas",CHED,true
New Sinai School and Colleges Sta. Rosa,04433,,Private Non-Sectarian Stock,Private,Region IV-A (CALABARZON),,,,"Santa Rosa City, Laguna",CHED,true
Northern Quezon College,04068,,Private Non-Sectarian Non-Stock,Private,Region IV-A (CALABARZON),,,,"Infanta, Quezon",CHED,true
Nova Schola Tanauan,04459,,Private Non-Sectarian Stock,Private,Region IV-A (CALABARZON),,,,"Tanauan City, Batangas",CHED,true
NU Dasmariñas,04510,,Private Non-Sectarian Stock,Private,Region IV-A (CALABARZON),,,,"Dasmariñas City, Cavite",CHED,true
NU Lipa,04519,,Private Non-Sectarian Non-Stock,Private,Region IV-A (CALABARZON),,,,"Lipa City, Batangas",CHED,true
NU Sports Academy,04491,,Private Non-Sectarian Stock,Private,Region IV-A (CALABARZON),,,,"Calamba City, Laguna",CHED,true
NYK-TDG Maritime Academy,04376,,Private Non-Sectarian Non-Stock,Private,Region IV-A (CALABARZON),,,,"Calamba City, Laguna",CHED,true
Oblates of Saint Joseph College of Philosophy,04180,,Private Sectarian Non-Stock,Private,Region IV-A (CALABARZON),,,,"Lipa City, Batangas",CHED,true
Olinsterg College,04492,,Private Non-Sectarian Non-Stock,Private,Region IV-A (CALABARZON),,,,"Maharlika Highway, Tiaong, Quezon",CHED,true
Olivarez College-Tagaytay,04295,,Private Non-Sectarian Stock,Private,Region IV-A (CALABARZON),,,,"Tagaytay City, Cavite",CHED,true
One Cainta College,04487,,Local Government College/University,,Region IV-A (CALABARZON),,,,"Cainta, Rizal",CHED,true
Our Lady of Assumption College of Laguna,04235,,Private Non-Sectarian Non-Stock,Private,Region IV-A (CALABARZON),,,,"San Pedro City, Laguna",CHED,true
Our Lady of Assumption College-Cabuyao,04351,,Private Non-Sectarian Stock,Private,Region IV-A (CALABARZON),,,,"Cabuyao City, Laguna",CHED,true
Our Lady of Fatima University-Antipolo,04380,,Private Non-Sectarian Non-Stock,Private,Region IV-A (CALABARZON),,,,"Antipolo City, Rizal",CHED,true
Our Lady of Fatima University-Laguna,04493,,Private Sectarian Non-Stock,Private,Region IV-A (CALABARZON),,,,"Calauan, Laguna",CHED,true
Our Lady of La Salette College Seminary,04469,,Private Sectarian Non-Stock,Private,Region IV-A (CALABARZON),,,,"Silang, Cavite",CHED,true
Our Lady of Lourdes Seminary,04070,,Private Sectarian Non-Stock,Private,Region IV-A (CALABARZON),,,,"Lipa City, Batangas",CHED,true
Our Lady of the Most Holy Rosary Seminary,04307,,Private Sectarian Non-Stock,Private,Region IV-A (CALABARZON),,,,"Lucban, Quezon",CHED,true
Oxfordian Colleges,04354,,Private Non-Sectarian Non-Stock,Private,Region IV-A (CALABARZON),,,,"Dasmariñas City, Cavite",CHED,true
Padre Garcia Polytechnic CollegePadre Garcia Polytechnic College,NEW,,Local Government College/University,,Region IV-A (CALABARZON),,,,"Padre Garcia, Batangas",CHED,true
Paete Science and Business College,04028,,Private Non-Sectarian Stock,Private,Region IV-A (CALABARZON),,,,"J.P. Rizal, Paete, Laguna",CHED,true
Paete Science and Business College (formerly Eastern Laguna Colleges),04028,,Private Non-Sectarian Stock,Private,Region IV-A (CALABARZON),,,,"Paete, Laguna",CHED,true
Pamantasan ng Cabuyao,04305,,Local Government College/University,,Region IV-A (CALABARZON),,,,"Cabuyao City, Laguna",CHED,true
Pambayang Kolehiyo ng Mauban,04348,,Local Government College/University,,Region IV-A (CALABARZON),,,,"Mauban, Quezon",CHED,true
Paul College of Leadership,04448,,Private Non-Sectarian Non-Stock,Private,Region IV-A (CALABARZON),,,,"Cainta, Rizal",CHED,true
Philippine Best Training Systems Colleges,04388,,Private Non-Sectarian Non-Stock,Private,Region IV-A (CALABARZON),,,,"Binangonan, Rizal",CHED,true
Philippine Christian University-Cavite,04527,,Private Non-Sectarian Non-Stock,Private,Region IV-A (CALABARZON),,,,"Dasmariñas City, Cavite",CHED,true
Philippine International College,04342,,Private Non-Sectarian Non-Stock,Private,Region IV-A (CALABARZON),,,,"Antipolo City, Rizal",CHED,true
Philippine Missionary Institute,04170,,Private Sectarian Non-Stock,Private,Region IV-A (CALABARZON),,,,"Silang, Cavite",CHED,true
Philippine National Police Academy,04189,,Local Government College/University,,Region IV-A (CALABARZON),,,,"Silang, Cavite",CHED,true
Philippine Normal University-Lopez,04080,,Chartered State College/University (Satellite Campus),,Region IV-A (CALABARZON),,,,"Lopez, Quezon",CHED,true
Philippine State College of Aeronautics-Fernando Air Base,04082,,Chartered State College/University (Satellite Campus),,Region IV-A (CALABARZON),,,,"Lipa City, Batangas",CHED,true
Philippine Technological Institute of Science Arts and Trade-Central,04511,,Private Non-Sectarian Non-Stock,Private,Region IV-A (CALABARZON),,,,"Gen. Mariano Alvarez, Cavite",CHED,true
Philippine Women's University Career Development and Continuing Education Center-Sta. Cruz,04338,,Private Non-Sectarian Non-Stock,Private,Region IV-A (CALABARZON),,,,"Santa Cruz , Laguna",CHED,true
PIMSAT Colleges-Bacoor,04423,,Private Non-Sectarian Non-Stock,Private,Region IV-A (CALABARZON),,,,"Bacoor City, Cavite",CHED,true
PNTC Colleges,04333,,Private Non-Sectarian Stock,Private,Region IV-A (CALABARZON),,,,"Dasmariñas City, Cavite",CHED,true
Polytechnic University of the Philippines-Alfonso,13155q,,Chartered State College/University (Satellite Campus),,Region IV-A (CALABARZON),,,,"Mangas II, Alfonso, Cavite",CHED,true
Polytechnic University of the Philippines-Biñan,13155k,,Chartered State College/University (Satellite Campus),,Region IV-A (CALABARZON),,,,"Biñan City, Laguna",CHED,true
Polytechnic University of the Philippines-Calauan,13155j,,Chartered State College/University (Satellite Campus),,Region IV-A (CALABARZON),,,,"Calauan, Laguna",CHED,true
"Polytechnic University of the Philippines-General Luna, Quezon",13155l,,Chartered State College/University (Satellite Campus),,Region IV-A (CALABARZON),,,,"General Luna, Quezon",CHED,true
Polytechnic University of the Philippines-Lopez,04084,,Chartered State College/University (Satellite Campus),,Region IV-A (CALABARZON),,,,"Lopez, Quezon",CHED,true
Polytechnic University of the Philippines-Maragondon,04085,,Chartered State College/University (Satellite Campus),,Region IV-A (CALABARZON),,,,"Maragondon, Cavite",CHED,true
Polytechnic University of the Philippines-Mulanay,04165,,Chartered State College/University (Satellite Campus),,Region IV-A (CALABARZON),,,,"Mulanay, Quezon",CHED,true
Polytechnic University of the Philippines-San Pedro,13155b,,Chartered State College/University (Satellite Campus),,Region IV-A (CALABARZON),,,,"San Pedro City, Laguna",CHED,true
Polytechnic University of the Philippines-Sta. Rosa,13155f,,Chartered State College/University (Satellite Campus),,Region IV-A (CALABARZON),,,,"Santa Rosa City, Laguna",CHED,true
Polytechnic University of the Philippines-Sto. Tomas,04164,,Chartered State College/University (Satellite Campus),,Region IV-A (CALABARZON),,,,"Sto. Tomas City, Batangas",CHED,true
Polytechnic University of the Philippines-Unisan,04086,,Chartered State College/University (Satellite Campus),,Region IV-A (CALABARZON),,,,"Unisan, Quezon",CHED,true
Power School of Technology,04297,,Private Non-Sectarian Non-Stock,Private,Region IV-A (CALABARZON),,,,"Tanza, Cavite",CHED,true
PTS College and Advanced Studies,04081,,Private Sectarian Non-Stock,Private,Region IV-A (CALABARZON),,,,"Dasmariñas City, Cavite",CHED,true
PWU CDCEC Calamba,04299,,Private Non-Sectarian Non-Stock,Private,Region IV-A (CALABARZON),,,,"Calamba City, Laguna",CHED,true
QCRS College,04329,,Private Non-Sectarian Non-Stock,Private,Region IV-A (CALABARZON),,,,"Lucena City, Quezon",CHED,true
Quezonian Educational College,04087,,Private Non-Sectarian Non-Stock,Private,Region IV-A (CALABARZON),,,,"Atimonan, Quezon",CHED,true
Red Link Institute of Science & Technology,04494,,Private Non-Sectarian Non-Stock,Private,Region IV-A (CALABARZON),,,,"Calamba City, Laguna",CHED,true
Renaissance School of Science and Technology,04473,,Private Non-Sectarian Stock,Private,Region IV-A (CALABARZON),,,,"Morong, Rizal",CHED,true
Rizal College of Laguna,04090,,Private Non-Sectarian Stock,Private,Region IV-A (CALABARZON),,,,"Calamba City, Laguna",CHED,true
Rizal College of Taal,04088,,Private Non-Sectarian Stock,Private,Region IV-A (CALABARZON),,,,"Taal, Batangas",CHED,true
Rogationist College,04223,,Private Sectarian Non-Stock,Private,Region IV-A (CALABARZON),,,,"Silang, Cavite",CHED,true
Royal British College,04477,,Private Non-Sectarian Non-Stock,Private,Region IV-A (CALABARZON),,,,"Lipa City, Batangas",CHED,true
Sacred Heart College of Lucena City,04097,,Private Sectarian Non-Stock,Private,Region IV-A (CALABARZON),,,,"Lucena City, Quezon",CHED,true
Saint Benilde International School-Calamba,04498,,Private Non-Sectarian Non-Stock,Private,Region IV-A (CALABARZON),,,,"Calamba City, Laguna",CHED,true
Saint Francis Institute of Computer Studies,04257,,Private Non-Sectarian Non-Stock,Private,Region IV-A (CALABARZON),,,,"San Pedro City, Laguna",CHED,true
Saint Francis of Assisi College-Cavite,04294,,Private Non-Sectarian Non-Stock,Private,Region IV-A (CALABARZON),,,,"Bacoor City, Cavite",CHED,true
Saint Joseph College of Rosario Batangas,04466,,Private Non-Sectarian Non-Stock,Private,Region IV-A (CALABARZON),,,,"Rosario, Batangas",CHED,true
Saint Michael's College of Laguna,04106,,Private Non-Sectarian Stock,Private,Region IV-A (CALABARZON),,,,"Biñan City, Laguna",CHED,true
Saint Paul Seminary,04107,,Private Sectarian Non-Stock,Private,Region IV-A (CALABARZON),,,,"Silang, Cavite",CHED,true
Saint Peter's School (Calauag),04495,,Private Sectarian Non-Stock,Private,Region IV-A (CALABARZON),,,,"Calauag, Quezon",CHED,true
Saints John and Paul Educational Foundation,04143,,Private Non-Sectarian Non-Stock,Private,Region IV-A (CALABARZON),,,,"Calamba City, Laguna",CHED,true
Samuel Christian College of General Trias,04512,,Private Non-Sectarian Stock,Private,Region IV-A (CALABARZON),,,,"General Trias City, Cavite",CHED,true
San Antonio de Padua College,04109,,Private Non-Sectarian Stock,Private,Region IV-A (CALABARZON),,,,"Pila, Laguna",CHED,true
San Francisco Municipal College,NEW,,Local Government College/University,,Region IV-A (CALABARZON),,,,"San Francisco, Quezon",CHED,true
San Ildefonso College,04111,,Private Sectarian Non-Stock,Private,Region IV-A (CALABARZON),,,,"Tanay, Rizal",CHED,true
San Mateo Municipal College,04387,,Local Government College/University,,Region IV-A (CALABARZON),,,,"San Mateo, Rizal",CHED,true
San Pablo Colleges,04114,,Private Non-Sectarian Stock,Private,Region IV-A (CALABARZON),,,,"San Pablo City, Laguna",CHED,true
San Pedro College of Business Administration,04115,,Private Non-Sectarian Non-Stock,Private,Region IV-A (CALABARZON),,,,"San Pedro City, Laguna",CHED,true
San Sebastian College-Recoletos - Canlubang,04357,,Private Sectarian Non-Stock,Private,Region IV-A (CALABARZON),,,,"Calamba City, Laguna",CHED,true
San Sebastian College-Recoletos de Cavite,04116,,Private Sectarian Non-Stock,Private,Region IV-A (CALABARZON),,,,"Cavite City, Cavite",CHED,true
Sapphire International Aviation Academy,04478,,Private Non-Sectarian Non-Stock,Private,Region IV-A (CALABARZON),,,,"Tanauan City, Batangas",CHED,true
Siena College of Taytay,04119,,Private Sectarian Non-Stock,Private,Region IV-A (CALABARZON),,,,"Taytay, Rizal",CHED,true
Skill Power Institute,04352,,Private Non-Sectarian Stock,Private,Region IV-A (CALABARZON),,,,"Antipolo City, Rizal",CHED,true
South Forbes City College,04424,,Private Non-Sectarian Stock,Private,Region IV-A (CALABARZON),,,,"Silang, Cavite",CHED,true
Southbay Montessori School and Colleges,04479,,Private Non-Sectarian Non-Stock,Private,Region IV-A (CALABARZON),,,,"Santa Cruz , Laguna",CHED,true
"Southdale International School of Science, Arts and Technology",04324,,Private Non-Sectarian Non-Stock,Private,Region IV-A (CALABARZON),,,,"Imus City, Cavite",CHED,true
Southeast Asia Interdisciplinary Development Institute,04120,,Private Non-Sectarian Non-Stock,Private,Region IV-A (CALABARZON),,,,"Antipolo City, Rizal",CHED,true
Southern Luzon College,NEW,,Private Non-Sectarian Stock,Private,Region IV-A (CALABARZON),,,,"Dasmariñas City, Cavite",CHED,true
"Southern Luzon College of Business Maritime, Science and Technology",04486,,Private Non-Sectarian Stock,Private,Region IV-A (CALABARZON),,,,"Dasmariñas City, Cavite",CHED,true
Southern Luzon State University,04121,,Chartered State College/University (Main),,Region IV-A (CALABARZON),,,,"Lucban, Quezon",CHED,true
Southern Luzon State University-Alabat,04228,,Chartered State College/University (Satellite Campus),,Region IV-A (CALABARZON),,,,"Alabat, Quezon",CHED,true
Southern Luzon State University-Catanauan,04430,,Chartered State College/University (Satellite Campus),,Region IV-A (CALABARZON),,,,"Catanauan, Quezon",CHED,true
Southern Luzon State University-Gumaca,04391,,Chartered State College/University (Satellite Campus),,Region IV-A (CALABARZON),,,,"Gumaca, Quezon",CHED,true
Southern Luzon State University-Infanta,04224,,Chartered State College/University (Satellite Campus),,Region IV-A (CALABARZON),,,,"Infanta, Quezon",CHED,true
Southern Luzon State University-Lucena,04229,,Chartered State College/University (Satellite Campus),,Region IV-A (CALABARZON),,,,"Lucena City, Quezon",CHED,true
Southern Luzon State University-Polillo,04230,,Chartered State College/University (Satellite Campus),,Region IV-A (CALABARZON),,,,"Polillo, Quezon",CHED,true
Southern Luzon State University-Tagkawayan,04198,,Chartered State College/University (Satellite Campus),,Region IV-A (CALABARZON),,,,"Tagkawayan, Quezon",CHED,true
Southern Luzon State University-Tayabas,04518,,Chartered State College/University (Satellite Campus),,Region IV-A (CALABARZON),,,,"Tayabas City, Quezon",CHED,true
Southern Luzon State University-Tiaong,04371,,Chartered State College/University (Satellite Campus),,Region IV-A (CALABARZON),,,,"Tiaong, Quezon",CHED,true
Southern Philippines Institute of Science and Technology,04237,,Private Non-Sectarian Non-Stock,Private,Region IV-A (CALABARZON),,,,"Imus City, Cavite",CHED,true
St. Alphonsus School of Theology,04186,,Private Sectarian Non-Stock,Private,Region IV-A (CALABARZON),,,,"Lucena City, Quezon",CHED,true
St. Anne College Lucena,04099,,Private Non-Sectarian Non-Stock,Private,Region IV-A (CALABARZON),,,,"Lucena City, Quezon",CHED,true
St. Augustine School of Nursing-Lipa,04447,,Private Non-Sectarian Non-Stock,Private,Region IV-A (CALABARZON),,,,"Lipa City, Batangas",CHED,true
St. Augustine School of Nursing-Lucena,04458,,Private Non-Sectarian Non-Stock,Private,Region IV-A (CALABARZON),,,,"Lucena City, Quezon",CHED,true
St. Bridget College,04101,,Private Sectarian Non-Stock,Private,Region IV-A (CALABARZON),,,,"Batangas City , Batangas",CHED,true
St. Dominic College of Asia,04296,,Private Non-Sectarian Non-Stock,Private,Region IV-A (CALABARZON),,,,"Bacoor City, Cavite",CHED,true
St. Dominic Savio College,NEW,,Private Non-Sectarian Non-Stock,Private,Region IV-A (CALABARZON),,,,"Ibaan, Batangas",CHED,true
St. Francis de Sales Major Seminary,04102,,Private Sectarian Non-Stock,Private,Region IV-A (CALABARZON),,,,"Lipa City, Batangas",CHED,true
St. Francis de Sales Theological Seminary,04331,,Private Sectarian Non-Stock,Private,Region IV-A (CALABARZON),,,,"Lipa City, Batangas",CHED,true
St. Ignatius Technical Institute of Business and Arts-Biñan,04520,,Private Non-Sectarian Stock,Private,Region IV-A (CALABARZON),,,,"Biñan City, Laguna",CHED,true
St. Ignatius Technical Institute of Business and Arts-Cabuyao,04499,,Private Non-Sectarian Non-Stock,Private,Region IV-A (CALABARZON),,,,"Cabuyao City, Laguna",CHED,true
St. Ignatius Technical Institute of Business and Arts-Sta. Rosa,04480,,Private Non-Sectarian Non-Stock,Private,Region IV-A (CALABARZON),,,,"Santa Rosa City, Laguna",CHED,true
St. John Bosco College of Tayabas,04504,,Private Non-Sectarian Non-Stock,Private,Region IV-A (CALABARZON),,,,"Tayabas City, Quezon",CHED,true
St. John Colleges,04225,,Private Non-Sectarian Stock,Private,Region IV-A (CALABARZON),,,,"Calamba City, Laguna",CHED,true
St. Joseph College of Cavite,04104,,Private Sectarian Non-Stock,Private,Region IV-A (CALABARZON),,,,"Cavite City, Cavite",CHED,true
St. Joseph's College of Rodriguez,04389,,Private Sectarian Non-Stock,Private,Region IV-A (CALABARZON),,,,"Rodriguez, Rizal",CHED,true
St. Jude College Dasmariñas Cavite,04254,,Private Non-Sectarian Stock,Private,Region IV-A (CALABARZON),,,,"Dasmariñas City, Cavite",CHED,true
St. Louis Anne Colleges of San Pedro,04105,,Private Non-Sectarian Stock,Private,Region IV-A (CALABARZON),,,,"San Pedro City, Laguna",CHED,true
St. Mary Magdalene Colleges of Laguna,04435,,Private Non-Sectarian Non-Stock,Private,Region IV-A (CALABARZON),,,,"Calamba City, Laguna",CHED,true
St. Matthew College,04239,,Private Non-Sectarian Non-Stock,Private,Region IV-A (CALABARZON),,,,"San Mateo, Rizal",CHED,true
St. Peregrine Institute,04513,,Private Non-Sectarian Stock,Private,Region IV-A (CALABARZON),,,,"Bacoor City, Cavite",CHED,true
St. Peter's College Seminary,04108,,Private Sectarian Non-Stock,Private,Region IV-A (CALABARZON),,,,"San Pablo City, Laguna",CHED,true
St. Therese College of Arts and Sciences,04500,,Private Non-Sectarian Non-Stock,Private,Region IV-A (CALABARZON),,,,"Pila, Laguna",CHED,true
St. Vincent College of Cabuyao,04379,,Private Non-Sectarian Non-Stock,Private,Region IV-A (CALABARZON),,,,"Cabuyao City, Laguna",CHED,true
Sta. Teresa College,04144,,Private Sectarian Non-Stock,Private,Region IV-A (CALABARZON),,,,"Bauan, Batangas",CHED,true
STI College Bacoor,04146,,Private Non-Sectarian Stock,Private,Region IV-A (CALABARZON),,,,"Bacoor City, Cavite",CHED,true
STI College Balayan,04285,,Private Non-Sectarian Stock,Private,Region IV-A (CALABARZON),,,,"Balayan, Batangas",CHED,true
STI College Batangas,04147,,Private Non-Sectarian Stock,Private,Region IV-A (CALABARZON),,,,"Batangas City , Batangas",CHED,true
STI College Calamba,04138,,Private Non-Sectarian Stock,Private,Region IV-A (CALABARZON),,,,"Calamba City, Laguna",CHED,true
STI College Carmona,04153,,Private Non-Sectarian Stock,Private,Region IV-A (CALABARZON),,,,"Carmona, Cavite",CHED,true
STI College Dasmariñas,04326,,Private Non-Sectarian Non-Stock,Private,Region IV-A (CALABARZON),,,,"Dasmariñas City, Cavite",CHED,true
STI College Lipa,04149,,Private Sectarian Stock,Private,Region IV-A (CALABARZON),,,,"Lipa City, Batangas",CHED,true
STI College Lucena,04135,,Private Non-Sectarian Stock,Private,Region IV-A (CALABARZON),,,,"Lucena City, Quezon",CHED,true
STI College Ortigas-Cainta,04161,,Private Non-Sectarian Stock,Private,Region IV-A (CALABARZON),,,,"Cainta, Rizal",CHED,true
STI College Rosario,04278,,Private Non-Sectarian Stock,Private,Region IV-A (CALABARZON),,,,"Rosario, Cavite",CHED,true
STI College San Pablo,04137,,Private Non-Sectarian Stock,Private,Region IV-A (CALABARZON),,,,"San Pablo City, Laguna",CHED,true
STI College Santa Rosa,04286,,Private Non-Sectarian Stock,Private,Region IV-A (CALABARZON),,,,"Santa Rosa City, Laguna",CHED,true
STI College Sta. Cruz,04148,,Private Non-Sectarian Stock,Private,Region IV-A (CALABARZON),,,,"Santa Cruz , Laguna",CHED,true
STI College Tagaytay,04397,,Private Non-Sectarian Stock,Private,Region IV-A (CALABARZON),,,,"Tagaytay City, Cavite",CHED,true
STI College Tanauan,04336,,Private Sectarian Stock,Private,Region IV-A (CALABARZON),,,,"Tanauan City, Batangas",CHED,true
STI College Tanay,04381,,Private Non-Sectarian Stock,Private,Region IV-A (CALABARZON),,,,"Tanay, Rizal",CHED,true
Sumulong College of Arts & Sciences (SCAS),04378,,Private Non-Sectarian Stock,Private,Region IV-A (CALABARZON),,,,"Antipolo City, Rizal",CHED,true
Tanauan City College,04475,,Local Government College/University,,Region IV-A (CALABARZON),,,,"Tanauan City, Batangas",CHED,true
Tanauan Institute,04123,,Private Non-Sectarian Stock,Private,Region IV-A (CALABARZON),,,,"Tanauan City, Batangas",CHED,true
Tayabas Western Academy,04124,,Private Non-Sectarian Stock,Private,Region IV-A (CALABARZON),,,,"Candelaria, Quezon",CHED,true
Technological University of the Philippines-Cavite,04126,,Chartered State College/University (Satellite Campus),,Region IV-A (CALABARZON),,,,"Dasmariñas City, Cavite",CHED,true
Teodoro M. Luansing College of Rosario,04344,,Private Non-Sectarian Non-Stock,Private,Region IV-A (CALABARZON),,,,"Rosario, Batangas",CHED,true
The Bearer of Light and Wisdom Colleges,04425,,Private Non-Sectarian Stock,Private,Region IV-A (CALABARZON),,,,"Bacoor City, Cavite",CHED,true
Tomas Claudio Colleges,04125,,Private Non-Sectarian Stock,Private,Region IV-A (CALABARZON),,,,"Morong, Rizal",CHED,true
Trace College,04150,,Private Non-Sectarian Non-Stock,Private,Region IV-A (CALABARZON),,,,"Los Baños, Laguna",CHED,true
Trece Martires City College,04390,,Local Government College/University,,Region IV-A (CALABARZON),,,,"Trece Martires City, Cavite",CHED,true
Trent Information First Technical Career Institute,04521,,Private Non-Sectarian Stock,Private,Region IV-A (CALABARZON),,,,"Taytay, Rizal",CHED,true
Trimex Colleges,04405,,Private Non-Sectarian Non-Stock,Private,Region IV-A (CALABARZON),,,,"Biñan City, Laguna",CHED,true
Unciano Colleges,04127,,Private Non-Sectarian Non-Stock,Private,Region IV-A (CALABARZON),,,,"Antipolo City, Rizal",CHED,true
Unida Christian Colleges,04279,,Private Non-Sectarian Non-Stock,Private,Region IV-A (CALABARZON),,,,"Imus City, Cavite",CHED,true
Union College of Laguna,04128,,Private Non-Sectarian Stock,Private,Region IV-A (CALABARZON),,,,"Santa Cruz , Laguna",CHED,true
University of Batangas,04131,,Private Non-Sectarian Stock,Private,Region IV-A (CALABARZON),,,,"Batangas City , Batangas",CHED,true
University of Batangas-Lipa,04426,,Private Non-Sectarian Stock,Private,Region IV-A (CALABARZON),,,,"Lipa City, Batangas",CHED,true
University of Perpetual Help System Dalta-Calamba,04182,,Private Non-Sectarian Stock,Private,Region IV-A (CALABARZON),,,,"Calamba City, Laguna",CHED,true
University of Perpetual Help System Dalta-Molino,04136,,Private Non-Sectarian Stock,Private,Region IV-A (CALABARZON),,,,"Bacoor City, Cavite",CHED,true
University of Perpetual Help System-Dr. Jose G. Tamayo Medical University,04077,,Private Non-Sectarian Stock,Private,Region IV-A (CALABARZON),,,,"Biñan City, Laguna",CHED,true
University of Perpetual Help System-GMA,04169,,Private Non-Sectarian Stock,Private,Region IV-A (CALABARZON),,,,"Gen. Mariano Alvarez, Cavite",CHED,true
University of Perpetual Help System-Laguna,04076,,Private Non-Sectarian Stock,Private,Region IV-A (CALABARZON),,,,"Biñan City, Laguna",CHED,true
University of Rizal System,04089,,Chartered State College/University (Main),,Region IV-A (CALABARZON),,,,"Tanay, Rizal",CHED,true
University of Rizal System-Angono,04220,,Chartered State College/University (Satellite Campus),,Region IV-A (CALABARZON),,,,"Angono, Rizal",CHED,true
University of Rizal System-Antipolo,04289,,Chartered State College/University (Satellite Campus),,Region IV-A (CALABARZON),,,,"Antipolo City, Rizal",CHED,true
University of Rizal System-Binangonan,04244,,Chartered State College/University (Satellite Campus),,Region IV-A (CALABARZON),,,,"Binangonan, Rizal",CHED,true
University of Rizal System-Cainta,04287,,Chartered State College/University (Satellite Campus),,Region IV-A (CALABARZON),,,,"Cainta, Rizal",CHED,true
University of Rizal System-Cardona,04288,,Chartered State College/University (Satellite Campus),,Region IV-A (CALABARZON),,,,"Cardona, Rizal",CHED,true
University of Rizal System-Morong,04091,,Chartered State College/University (Satellite Campus),,Region IV-A (CALABARZON),,,,"Morong, Rizal",CHED,true
University of Rizal System-Pililla,04221,,Chartered State College/University (Satellite Campus),,Region IV-A (CALABARZON),,,,"Pililla, Rizal",CHED,true
University of Rizal System-Rodriguez,04222,,Chartered State College/University (Satellite Campus),,Region IV-A (CALABARZON),,,,"Rodriguez, Rizal",CHED,true
University of Rizal System-Taytay,04370,,Chartered State College/University (Satellite Campus),,Region IV-A (CALABARZON),,,,"Taytay, Rizal",CHED,true
University of the Philippines-Los Baños,04129,,Chartered State College/University (Satellite Campus),,Region IV-A (CALABARZON),,,,"Los Baños, Laguna",CHED,true
University of the Philippines-Open University,04134,,Chartered State College/University (Satellite Campus),,Region IV-A (CALABARZON),,,,"Los Baños, Laguna",CHED,true
Victory Elijah Christian College,04501,,Private Non-Sectarian Non-Stock,Private,Region IV-A (CALABARZON),,,,"Antipolo City, Rizal",CHED,true
West Point College-Magallanes,04427,,Private Non-Sectarian Non-Stock,Private,Region IV-A (CALABARZON),,,,"Magallanes, Cavite",CHED,true
Westbridge Institute of Technology-Cabuyao,04482,,Private Non-Sectarian Non-Stock,Private,Region IV-A (CALABARZON),,,,"Cabuyao City, Laguna",CHED,true
Westbridge Institute of Technology-San Mateo,NEW,,Private Non-Sectarian Non-Stock,Private,Region IV-A (CALABARZON),,,,"San Mateo, Rizal",CHED,true
Western Colleges,04130,,Private Non-Sectarian Stock,Private,Region IV-A (CALABARZON),,,,"Naic, Cavite",CHED,true
Westmead International School,04360,,Private Non-Sectarian Stock,Private,Region IV-A (CALABARZON),,,,"Batangas City , Batangas",CHED,true
World Citi Colleges-Antipolo City,04240,,Private Non-Sectarian Stock,Private,Region IV-A (CALABARZON),,,,"Antipolo City, Rizal",CHED,true
Aim High College Incorporated,9076,,Private Non-Sectarian Non-Stock,Private,Region IX (Zamboanga Peninsula),,,,"National Highway, Bulu-an, Ipil , Zamboanga Sibugay",CHED,true
Alhadeetha Mindanao College,9089,,Private Non-Sectarian Stock,Private,Region IX (Zamboanga Peninsula),,,,"Taculing, Labangan, Zamboanga del Sur",CHED,true
AMA Computer College-Zamboanga City,9055,,Private Non-Sectarian Non-Stock,Private,Region IX (Zamboanga Peninsula),,,,"Zamboanga City, Zamboanga del Sur",CHED,true
Andres Bonifacio College,9001,,Private Non-Sectarian Non-Stock,Private,Region IX (Zamboanga Peninsula),,,,"College Park, Dipolog City, Zamboanga del Norte",CHED,true
Ateneo de Zamboanga University,9002,,Private Sectarian Non-Stock,Private,Region IX (Zamboanga Peninsula),,,,"La Purisima , Camino Nuevo, Zamboanga City, Zamboanga del Sur",CHED,true
Aurora Pioneers Memorial College,9046,,Private Non-Sectarian Stock,Private,Region IX (Zamboanga Peninsula),,,,"Bonifacio Street, Aurora, Zamboanga del Sur",CHED,true
Ave Maria College,9077,,Private Non-Sectarian Non-Stock,Private,Region IX (Zamboanga Peninsula),,,,"Vallesville Fatima, Liloy, Zamboanga del Norte",CHED,true
Basilan State College,9003,,Chartered State College/University (Main),,Region IX (Zamboanga Peninsula),,,,"SUMAGDANG, Isabela City, Basilan",CHED,true
"Blancia College Foundation, Incorporated",9016,,Private Non-Sectarian Stock,Private,Region IX (Zamboanga Peninsula),,,,"Mabini Street, Molave, Zamboanga del Sur",CHED,true
Brent Hospital and Colleges,9004,,Private Sectarian Stock,Private,Region IX (Zamboanga Peninsula),,,,"R.T Lim Boulevard, Baliwasan, Zamboanga City, Zamboanga del Sur",CHED,true
Central Sulu College,15002,,Private Non-Sectarian Non-Stock,Private,Region IX (Zamboanga Peninsula),,,,Sulu,CHED,true
Claret College of Isabela,9005,,Private Non-Sectarian Stock,Private,Region IX (Zamboanga Peninsula),,,,"Sta.Cruz, Isabela City, Basilan",CHED,true
Colegio de La Ciudad de Zamboanga,9098,,Local Government College/University,,Region IX (Zamboanga Peninsula),,,,"Calle San Vicente, Barangay Ayala, Ayala, Zamboanga City, Zamboanga del Sur",CHED,true
Colegio de San Francisco Javier of Rizal Zamboanga del Norte,9056,,Private Non-Sectarian Non-Stock,Private,Region IX (Zamboanga Peninsula),,,,"National Highway, East Poblacion, Rizal, Zamboanga del Norte",CHED,true
Computer Technologies Institute of Zamboanga City,9058,,Private Non-Sectarian Non-Stock,Private,Region IX (Zamboanga Peninsula),,,,"Baliwan Chico, Zamboanga City, Zamboanga del Sur",CHED,true
Dipolog City Institute of Technology,9047,,Private Non-Sectarian Non-Stock,Private,Region IX (Zamboanga Peninsula),,,,"NATIONAL HIGHWAY, MINAOG, Dipolog City, Zamboanga del Norte",CHED,true
"DMC College Foundation, Inc.",9006,,Private Non-Sectarian Non-Stock,Private,Region IX (Zamboanga Peninsula),,,,"Fr. Patangan Road, Sta. Filomena, Dipolog City, Zamboanga del Norte",CHED,true
Dr. Aurelio Mendoza Memorial Colleges,9008,,Private Non-Sectarian Stock,Private,Region IX (Zamboanga Peninsula),,,,"Dr. Aurelio Mendoza Street, Ipil , Zamboanga Sibugay",CHED,true
Eastern Mindanao College of Technology,9061,,Private Non-Sectarian Non-Stock,Private,Region IX (Zamboanga Peninsula),,,,"Broca Street, San Jose, Pagadian City, Zamboanga del Sur",CHED,true
Ebenezer Bible College and Seminary,9049,,Private Sectarian Non-Stock,Private,Region IX (Zamboanga Peninsula),,,,"Ebnezer Campus, Calarian, Zamboanga City, Zamboanga del Sur",CHED,true
"Emmauss College of Theology Foundation, Inc.",9102,,Private Sectarian Non-Stock,Private,Region IX (Zamboanga Peninsula),,,,"Harmony Village, Pitogo, Sinunuc, Zamboanga City, Zamboanga del Sur",CHED,true
Ferndale College Zamboanga Peninsula,9100,,Private Non-Sectarian Non-Stock,Private,Region IX (Zamboanga Peninsula),,,,"Zamboanga City, Zamboanga del Sur",CHED,true
Hadji Butu School of Arts and Trades,15003,,CHED-Supervised Institution,,Region IX (Zamboanga Peninsula),,,,Sulu,CHED,true
"Helping Hands College & Wellness Center, Inc.",09107,,Private Non-Sectarian Non-Stock,Private,Region IX (Zamboanga Peninsula),,,,"Sindangan, Zamboanga del Norte",CHED,true
HMIJ Foundation Philippine Islamic College,9059,,Private Non-Sectarian Non-Stock,Private,Region IX (Zamboanga Peninsula),,,,"BCC COMPOUND, BALIWASAN GRANDE, Zamboanga City, Zamboanga del Sur",CHED,true
"Hyrons College Philippines, Inc.",9079,,Private Non-Sectarian Non-Stock,Private,Region IX (Zamboanga Peninsula),,,,"STO. NIÑO, Tukuran, Zamboanga del Sur",CHED,true
Immaculate Conception Archdiocesan School,9009,,Private Sectarian Non-Stock,Private,Region IX (Zamboanga Peninsula),,,,"Fr. Barua Street, Tetuan, Zamboanga City, Zamboanga del Sur",CHED,true
Jose Rizal Memorial State University - Main,9048,,Chartered State College/University (Main),,Region IX (Zamboanga Peninsula),,,,"Gov. Guading Adasa Street, Dapitan City, Zamboanga del Norte",CHED,true
Jose Rizal Memorial State University-Dipolog,9053,,"Others, please specify",,Region IX (Zamboanga Peninsula),,,,"Governor Guading Adaza Street, Dipolog City, Zamboanga del Norte",CHED,true
Jose Rizal Memorial State University-Katipunan Campus,9012,,"Others, please specify",,Region IX (Zamboanga Peninsula),,,,"Governor Guading Adaza Street, Dapitan City, Zamboanga del Norte",CHED,true
Jose Rizal Memorial State University-Sibuco,9080,,Chartered State College/University (Satellite Campus),,Region IX (Zamboanga Peninsula),,,,Zamboanga del Norte,CHED,true
Jose Rizal Memorial State University-Siocon,9054,,"Others, please specify",,Region IX (Zamboanga Peninsula),,,,"Governor Guading Adaza Street, Siocon, Zamboanga del Norte",CHED,true
Jose Rizal Memorial State University-Tampilisan,9081,,Chartered State College/University (Satellite Campus),,Region IX (Zamboanga Peninsula),,,,Zamboanga del Norte,CHED,true
Josefina H. Cerilles State College,9036,,Chartered State College/University (Main),,Region IX (Zamboanga Peninsula),,,,"Mati, San Miguel, Zamboanga del Sur",CHED,true
Josefina H. Cerilles State College - Dumingag,09036q,,Chartered State College/University (Satellite Campus),,Region IX (Zamboanga Peninsula),,,,"Dumingag, Zamboanga del Sur",CHED,true
Josefina H. Cerilles State College - Margosatubig,NEW,,Chartered State College/University (Satellite Campus),,Region IX (Zamboanga Peninsula),,,,"Poblacion, Margosatubig, Zamboanga del Sur",CHED,true
Josefina H. Cerilles State College - Pagadian,NEW,,Chartered State College/University (Satellite Campus),,Region IX (Zamboanga Peninsula),,,,"Pagadian City, Zamboanga del Sur",CHED,true
Josefina H. Cerilles State College - Tambulig,NEW,,Chartered State College/University (Satellite Campus),,Region IX (Zamboanga Peninsula),,,,"Tambulig, Zamboanga del Sur",CHED,true
Josefina H. Cerilles State College-Canuto M.S. Enerio College of Arts and Trades,9051,,Chartered State College/University (Satellite Campus),,Region IX (Zamboanga Peninsula),,,,Zamboanga del Sur,CHED,true
Juan S. Alano Memorial School,9010,,Private Non-Sectarian Stock,Private,Region IX (Zamboanga Peninsula),,,,"Juan S. Alano Compound, Dona Ramon Brgy., Isabela City, Bas., Isabela City, Zamboanga del Sur",CHED,true
Lapak Agricultural School,15005,,CHED-Supervised Institution,,Region IX (Zamboanga Peninsula),,,,Sulu,CHED,true
Lisun Institute,7115,,Private Sectarian Foundation,Private,Region IX (Zamboanga Peninsula),,,,"FATIMA ST., Baybay , Liloy, Zamboanga del Norte",CHED,true
"Lucan Central Colleges, Inc.",9071,,Private Non-Sectarian Stock,Private,Region IX (Zamboanga Peninsula),,,,"Gov.V.M. Cerilles Street, Pagadian City, Zamboanga del Sur",CHED,true
Marian College,9014,,Private Sectarian Non-Stock,Private,Region IX (Zamboanga Peninsula),,,,"CLIMACO, Ipil , Zamboanga Sibugay",CHED,true
"Medina College-Ipil, Inc.",9065,,Private Sectarian Non-Stock,Private,Region IX (Zamboanga Peninsula),,,,"Purok Mañalac, Ipil , Zamboanga Sibugay",CHED,true
Medina College-Pagadian,9041,,Private Non-Sectarian Non-Stock,Private,Region IX (Zamboanga Peninsula),,,,"Barangay Bulatok, Pagadian City, Zamboanga del Sur",CHED,true
Metro Zampen College,9101,,Private Non-Sectarian Non-Stock,Private,Region IX (Zamboanga Peninsula),,,,"Mayor Jaldon Street, Canelar Zambooanga City, Zamboanga City, Zamboanga del Sur",CHED,true
Mindanao State University - Sulu,NEW2026-1,,"Others, please specify",,Region IX (Zamboanga Peninsula),,,,"Jolo , Sulu",CHED,true
"Nuevo Zamboanga College, Inc.",9083,,Private Non-Sectarian Non-Stock,Private,Region IX (Zamboanga Peninsula),,,,"Agan Avenue Extension, Sta. Maria, Zamboanga City, Zamboanga del Sur",CHED,true
Our Lady of Triumph Institute of Technology,9096,,Private Non-Sectarian Stock,Private,Region IX (Zamboanga Peninsula),,,,"Tugas, Balangasan District, Pagadian City, Zamboanga del Sur",CHED,true
Pagadian Capitol College,9043,,Private Non-Sectarian Stock,Private,Region IX (Zamboanga Peninsula),,,,"017 Rizal Avenue, Tuburan Dist.,, Pagadian City, Zamboanga del Sur",CHED,true
Pagadian City International College,9103,,Local Government College/University,,Region IX (Zamboanga Peninsula),,,,"San Jose Heights, Pagadian City, Zamboanga del Sur",CHED,true
Philippine Advent College,9017,,Private Sectarian Non-Stock,Private,Region IX (Zamboanga Peninsula),,,,"Ramon Magsaysay, Sindangan, Zamboanga del Norte",CHED,true
Philippine Advent College - Leon B. Postigo Campus,9104,,Private Non-Sectarian Non-Stock,Private,Region IX (Zamboanga Peninsula),,,,"Talinga, Sindangan, Zamboanga del Norte",CHED,true
Philippine Advent College-Salug,9085,,Private Non-Sectarian Non-Stock,Private,Region IX (Zamboanga Peninsula),,,,"PUROK 5, POBLACION EAST, Salug, Zamboanga del Norte",CHED,true
Philippine Malaya College,NEW,,Private Non-Sectarian Non-Stock,Private,Region IX (Zamboanga Peninsula),,,,"Aurora, Zamboanga del Sur",CHED,true
Philippine Technological and Marine Sciences-Zamboanga del Sur,9068,,Private Non-Sectarian Non-Stock,Private,Region IX (Zamboanga Peninsula),,,,"Prk. Madanihon Balangasan District, Pagadian City, Zamboanga del Sur",CHED,true
"Pilar College of Zamboanga City, Inc.",9018,,Private Sectarian Non-Stock,Private,Region IX (Zamboanga Peninsula),,,,"R.T. Lim Boulevard, Zamboanga City, Zamboanga City, Zamboanga del Sur",CHED,true
Rizal Memorial Institute of Dapitan City,9019,,Private Sectarian Non-Stock,Private,Region IX (Zamboanga Peninsula),,,,"DR. HEINZ LUETKE STREET, Dapitan City, Zamboanga del Norte",CHED,true
Saint Columban College,9020,,Private Sectarian Non-Stock,Private,Region IX (Zamboanga Peninsula),,,,"Gov. V.M. Cerilles Corner Sagun Streets, Pagadian City, Zamboanga del Sur",CHED,true
Saint Estanislao Kostka College,9024,,Private Sectarian Non-Stock,Private,Region IX (Zamboanga Peninsula),,,,"SAGARIO STREET, Manukan, Zamboanga del Norte",CHED,true
Saint Joseph College of Sindangan Incorporated,9022,,Private Sectarian Non-Stock,Private,Region IX (Zamboanga Peninsula),,,,"National Highway, Poblacion, Sindangan, Zamboanga del Norte",CHED,true
Sibugay Technical Institute Inc.,9072,,Private Non-Sectarian Non-Stock,Private,Region IX (Zamboanga Peninsula),,,,"LOWER TAWAY, Ipil , Zamboanga Sibugay",CHED,true
Southern City Colleges,9027,,Private Non-Sectarian Non-Stock,Private,Region IX (Zamboanga Peninsula),,,,"Pilar Street, Zamboanga City, Zamboanga del Sur",CHED,true
Southern City Colleges-West Campus (Formerly MEIN College Inc.),9094,,Private Non-Sectarian Non-Stock,Private,Region IX (Zamboanga Peninsula),,,,"San Jose Gusu, Zamboanga City, Zamboanga del Sur",CHED,true
Southern Mindanao College-Agro Tech,9026,,Private Non-Sectarian Stock,Private,Region IX (Zamboanga Peninsula),,,,"National Highway, Dumalinao, Zamboanga del Sur",CHED,true
Southern Mindanao Colleges,9028,,Private Non-Sectarian Stock,Private,Region IX (Zamboanga Peninsula),,,,"Jamisola St, Sta. Lucia District, Alegria, Pagadian City, Zamboanga del Sur",CHED,true
Southern Peninsula College,9070,,Private Non-Sectarian Non-Stock,Private,Region IX (Zamboanga Peninsula),,,,"Corner Padre Zamora-Labiano , Labason, Zamboanga del Norte",CHED,true
Southern Philippine College,9029,,Private Non-Sectarian Stock,Private,Region IX (Zamboanga Peninsula),,,,"P.BURGOS ST., Labason, Zamboanga del Norte",CHED,true
Southwestern Mindanao Islamic Institute,15025,,Private Non-Sectarian Stock,Private,Region IX (Zamboanga Peninsula),,,,Sulu,CHED,true
St. John College of Buug Foundation,9021,,Private Non-Sectarian Non-Stock,Private,Region IX (Zamboanga Peninsula),,,,"National Highway, Poblacion, Buug, Zamboanga Sibugay",CHED,true
St. Mary's College of Labason,9050,,Private Sectarian Non-Stock,Private,Region IX (Zamboanga Peninsula),,,,"Manuel L. Quezon, Labason, Zamboanga del Norte",CHED,true
St. Vincent's College Incorporated,9023,,Private Sectarian Non-Stock,Private,Region IX (Zamboanga Peninsula),,,,"Padre Ramon Street, Estaka, Dipolog City, Zamboanga del Norte",CHED,true
STI College - Dipolog,9093,,Private Non-Sectarian Non-Stock,Private,Region IX (Zamboanga Peninsula),,,,Zamboanga del Norte,CHED,true
STI College - Zamboanga,9039,,Private Non-Sectarian Non-Stock,Private,Region IX (Zamboanga Peninsula),,,,"Zamboanga City, Zamboanga del Sur",CHED,true
Sulu College of Technology,15065,,Private Non-Sectarian Stock,Private,Region IX (Zamboanga Peninsula),,,,Sulu,CHED,true
Sulu State College,15013,,Chartered State College/University (Main),,Region IX (Zamboanga Peninsula),,,,Sulu,CHED,true
Universidad de Zamboanga,9031,,Private Non-Sectarian Stock,Private,Region IX (Zamboanga Peninsula),,,,"Main Campus Don Toribio Street Tetuan, Zamboanga City, Tetuan, Zamboanga City, Zamboanga del Sur",CHED,true
Universidad de Zamboanga - Pagadian,9074,,Private Non-Sectarian Stock,Private,Region IX (Zamboanga Peninsula),,,,"Zone 4 Airport Road, Brgy. Tiguma, Pagadian City, Zamboanga del Sur",CHED,true
Universidad de Zamboanga-Ipil,9062,,Private Non-Sectarian Non-Stock,Private,Region IX (Zamboanga Peninsula),,,,"Mayor Generoso Sucgang Ave, Poblacion, Ipil, Ipil , Zamboanga Sibugay",CHED,true
West Prime Horizon Institute,9097,,Private Non-Sectarian Non-Stock,Private,Region IX (Zamboanga Peninsula),,,,"V. SAGUN STREET, Pagadian City, Zamboanga del Sur",CHED,true
Western Mindanao Foundation College formerly Western Mindanao Cooperative College,9069,,Private Non-Sectarian Non-Stock,Private,Region IX (Zamboanga Peninsula),,,,"Zamboanga City, Zamboanga del Sur",CHED,true
Western Mindanao State University,09030,,"Others, please specify",,Region IX (Zamboanga Peninsula),,,,"Normal Road, Baliwasan, Zamboanga City, Zamboanga del Sur",CHED,true
Western Mindanao State University-Alicia,09030a,,"Others, please specify",,Region IX (Zamboanga Peninsula),,,,"Alicia, Zamboanga Sibugay",CHED,true
Western Mindanao State University-Aurora,09030b,,"Others, please specify",,Region IX (Zamboanga Peninsula),,,,"Aurora, Zamboanga del Sur",CHED,true
Western Mindanao State University-Curuan,09030o,,"Others, please specify",,Region IX (Zamboanga Peninsula),,,,"Zamboanga City, Zamboanga del Sur",CHED,true
Western Mindanao State University-Diplahan,09030c,,"Others, please specify",,Region IX (Zamboanga Peninsula),,,,"Diplahan, Zamboanga Sibugay",CHED,true
Western Mindanao State University-Imelda,09030d,,"Others, please specify",,Region IX (Zamboanga Peninsula),,,,"Imelda, Zamboanga Sibugay",CHED,true
Western Mindanao State University-Ipil,09030e,,"Others, please specify",,Region IX (Zamboanga Peninsula),,,,"Ipil , Zamboanga Sibugay",CHED,true
Western Mindanao State University-Mabuhay,09030f,,"Others, please specify",,Region IX (Zamboanga Peninsula),,,,"Mabuhay, Zamboanga Sibugay",CHED,true
Western Mindanao State University-Malangas,09030g,,"Others, please specify",,Region IX (Zamboanga Peninsula),,,,"Malangas, Zamboanga Sibugay",CHED,true
Western Mindanao State University-Molave,09030h,,"Others, please specify",,Region IX (Zamboanga Peninsula),,,,"Zamboanga City, Zamboanga del Sur",CHED,true
Western Mindanao State University-Naga,09030n,,"Others, please specify",,Region IX (Zamboanga Peninsula),,,,"Naga, Zamboanga Sibugay",CHED,true
Western Mindanao State University-Olutanga,09030i,,"Others, please specify",,Region IX (Zamboanga Peninsula),,,,"Olutanga, Zamboanga Sibugay",CHED,true
Western Mindanao State University-Pagadian,09030j,,"Others, please specify",,Region IX (Zamboanga Peninsula),,,,"Pagadian City, Zamboanga del Sur",CHED,true
Western Mindanao State University-Siay,09030l,,"Others, please specify",,Region IX (Zamboanga Peninsula),,,,"Siay, Zamboanga Sibugay",CHED,true
Western Mindanao State University-Tungawan,09030m,,"Others, please specify",,Region IX (Zamboanga Peninsula),,,,"Tungawan, Zamboanga Sibugay",CHED,true
"Yllana Bay View College, Inc.",9087,,Private Non-Sectarian Non-Stock,Private,Region IX (Zamboanga Peninsula),,,,"Enerio Street, Pagadian City, Zamboanga del Sur",CHED,true
Zamboanga del Sur Maritime Institute of Technology,09042,,Private Sectarian Non-Stock,Private,Region IX (Zamboanga Peninsula),,,,"Pagadian City, Zamboanga del Sur",CHED,true
Zamboanga del Sur Provincial Government College,9090,,Local Government College/University,,Region IX (Zamboanga Peninsula),,,,"Manuel Roxas, Aurora, Zamboanga del Sur",CHED,true
Zamboanga del Sur Provincial Government College - Dimataling,9105,,Local Government College/University,,Region IX (Zamboanga Peninsula),,,,"Kagawasan Dimataling Zamboanga del Sur, Dimataling, Zamboanga del Sur",CHED,true
Zamboanga del Sur Provincial Government College - Pagadian,9099,,Local Government College/University,,Region IX (Zamboanga Peninsula),,,,"Urro. St. Sto. Niño District, Pagadian City, Zamboanga del Sur",CHED,true
Zamboanga Peninsula Polytechnic State University,9032,,"Others, please specify",,Region IX (Zamboanga Peninsula),,,,"R.T. Lim Boulevard, Baliwasan, Zamboanga City, Zamboanga del Sur",CHED,true
Zamboanga State College of Marine Sciences and Technology,9035,,Chartered State College/University (Main),,Region IX (Zamboanga Peninsula),,,,"Fort Pilar, Zamboanga City, Zamboanga del Sur",CHED,true
ZAMSULA Everlasting College,9095,,Private Non-Sectarian Non-Stock,Private,Region IX (Zamboanga Peninsula),,,,"Salug, Zamboanga del Norte",CHED,true
1MRDA Academic Center,5221,,Private Non-Sectarian Stock,Private,Region V (Bicol Region),,,,"Zone 2, San Isidro, Calabanga, Camarines Sur",CHED,true
ACLC College of Daet,5181,,CHED-Supervised Institution,,Region V (Bicol Region),,,,"J. Lukban, Barangay V , Daet , Camarines Norte",CHED,true
ACLC College of Iriga City,5192,,Private Non-Sectarian Non-Stock,Private,Region V (Bicol Region),,,,"Highway 1, San Miguel, Iriga City, Camarines Sur",CHED,true
ACLC College of Sorsogon,5182,,Private Non-Sectarian Non-Stock,Private,Region V (Bicol Region),,,,"Magsaysay St., Sulucan , Sorsogon City, Sorsogon",CHED,true
Aemilianum College,5001,,Private Non-Sectarian Non-Stock,Private,Region V (Bicol Region),,,,"RIZAL ST., Piot , Sorsogon City, Sorsogon",CHED,true
Aeronautical Academy of the Philippines,5161,,Private Non-Sectarian Non-Stock,Private,Region V (Bicol Region),,,,"ZONE 4, Baras , Canaman, Camarines Sur",CHED,true
Ago Medical and Educational Center,5003,,Private Non-Sectarian Non-Stock,Private,Region V (Bicol Region),,,,"RIZAL ST. LEGAZPI, Bgy. 9 - Pinaric , Legazpi City, Albay",CHED,true
Alfelor Sr. Memorial College,5045,,Private Non-Sectarian Stock,Private,Region V (Bicol Region),,,,"Del Gallego, Camarines Sur",CHED,true
Amando Cope College,5163,,Private Non-Sectarian Non-Stock,Private,Region V (Bicol Region),,,,"A.A. Berces, Baranghawon, Tabaco City, Albay",CHED,true
Annunciation College of Bacon Sorsogon Unit,5007,,Private Non-Sectarian Non-Stock,Private,Region V (Bicol Region),,,,"Magsaysay Avenue, Bibincahan, Sorsogon City, Sorsogon",CHED,true
Aroroy Municipal College,5196,,Local Government College/University,,Region V (Bicol Region),,,,"Lubigan Hills, Ambolong, Aroroy, Masbate",CHED,true
Asia Pacific International College Inc,05224,,Private Non-Sectarian Foundation,Private,Region V (Bicol Region),,,,"Buenavista Road, Barangay III , Pio Duran, Albay",CHED,true
Ateneo de Naga University,5009,,Private Sectarian Non-Stock,Private,Region V (Bicol Region),,,,"Ateneo Avenue, Bagumbayan Sur, Naga City, Camarines Sur",CHED,true
Baao Community College,5150,,Local Government College/University,,Region V (Bicol Region),,,,"San Juan, Baao, Camarines Sur",CHED,true
Bacacay Community College,5214,,Local Government College/University,,Region V (Bicol Region),,,,"San Pedro, Bacacay, Albay",CHED,true
Balud Municipal College,5169,,Local Government College/University,,Region V (Bicol Region),,,,"Purok Isdaan, Ilaya, Balud, Masbate",CHED,true
Belen B. Francisco Foundation-Albay,5190,,Private Non-Sectarian Stock,Private,Region V (Bicol Region),,,,"RIZAL ST., Ilawod Area Pob., Daraga, Albay",CHED,true
Bicol Christian College of Medicine,05003a,,Private Non-Sectarian Non-Stock,Private,Region V (Bicol Region),,,,"RIZAL ST, Bgy. 9 - Pinaric , Legazpi City, Albay",CHED,true
Bicol College,5011,,Private Non-Sectarian Stock,Private,Region V (Bicol Region),,,,"Rizal Street, Sagpon, Daraga, Albay",CHED,true
Bicol Merchant Marine College,5014,,Private Non-Stock Non-Profit Corporation,Private,Region V (Bicol Region),,,,"Rizal, Piot , Sorsogon City, Sorsogon",CHED,true
Bicol State College of Applied Sciences and Technology,5012,,Chartered State College/University (Main),,Region V (Bicol Region),,,,"Peñafrancia, Naga City, Camarines Sur",CHED,true
"Bicol Training and Technological College (BTTC), Inc.",5205,,Private Non-Sectarian Non-Stock,Private,Region V (Bicol Region),,,,"Mora St., Barangay 9 , Bacacay, Albay",CHED,true
Bicol University Gubat Campus,5179,,Chartered State College/University (Satellite Campus),,Region V (Bicol Region),,,,"Rizal, Pinontingan , Gubat, Sorsogon",CHED,true
Bicol University Guinobatan (formerly Bicol University-College of Agriculture and Forestry),5017,,Chartered State College/University (Satellite Campus),,Region V (Bicol Region),,,,"Morera, Guinobatan, Albay",CHED,true
Bicol University Polangui,5082,,Chartered State College/University (Satellite Campus),,Region V (Bicol Region),,,,"Centro Occidental , Polangui, Albay",CHED,true
Bicol University-Daraga,5016,,Chartered State College/University (Satellite Campus),,Region V (Bicol Region),,,,"Rizat St., Bgy. 2 - Em's Barrio South , Legazpi City, Albay",CHED,true
Bicol University-Main,5015,,Chartered State College/University (Main),,Region V (Bicol Region),,,,"Rizal St.,, Bgy. 1 - Em's Barrio , Legazpi City, Albay",CHED,true
Bicol University-Tabaco,5018,,Chartered State College/University (Satellite Campus),,Region V (Bicol Region),,,,"Tayhi , Tabaco City, Albay",CHED,true
"Blessed Name of Mary College, Inc",05229,,Private Non-Sectarian Non-Stock,Private,Region V (Bicol Region),,,,"Plopinio, San Isidro , Pili , Camarines Sur",CHED,true
Bonaventure Colleges of Sorsogon Inc.,05234,,Private Non-Sectarian Stock,Private,Region V (Bicol Region),,,,"Likas, Ridge, San Pedro, Irosin, Sorsogon",CHED,true
BST Grace College,5210,,Private Non-Sectarian Non-Stock,Private,Region V (Bicol Region),,,,"San Fernando, Camarines Sur",CHED,true
"Buhi St. Joseph Academy, Inc.",5219,,Private Non-Sectarian Stock,Private,Region V (Bicol Region),,,,"Zone 5, Dulong Bayan, San Pedro , Buhi, Camarines Sur",CHED,true
Calabanga Community College,5155,,Local Government College/University,,Region V (Bicol Region),,,,"Belen, Calabanga, Camarines Sur",CHED,true
Camarines Norte College,5020,,Private Non-Sectarian Stock,Private,Region V (Bicol Region),,,,"Maharlika Highway, Anahaw , Labo, Camarines Norte",CHED,true
Camarines Norte College of Arts and Business,5191,,Private Sectarian Non-Stock,Private,Region V (Bicol Region),,,,"Bagong Silang II, Labo, Camarines Norte",CHED,true
"Camarines Norte School of Law, Arts and Sciences, Inc.",5142,,Private Non-Sectarian Stock,Private,Region V (Bicol Region),,,,"Purok 2, Itomang, Talisay, Camarines Norte",CHED,true
Camarines Norte State College-Abaño Campus,5204,,Chartered State College/University (Satellite Campus),,Region V (Bicol Region),,,,"Cor. J.Lukban Extension and Vivencio St., Barangay II , Daet , Camarines Norte",CHED,true
Camarines Norte State College-Entienza Campus,5170,,Chartered State College/University (Satellite Campus),,Region V (Bicol Region),,,,"Sitio Lobo, Tabugon, Santa Elena, Camarines Norte",CHED,true
Camarines Norte State College-Labo Campus,5099,,Chartered State College/University (Satellite Campus),,Region V (Bicol Region),,,,"PUROK 2, Talobatib, Labo, Camarines Norte",CHED,true
Camarines Norte State College-Main,5021,,Chartered State College/University (Main),,Region V (Bicol Region),,,,"F. Pimentel Avenue, Barangay II , Daet , Camarines Norte",CHED,true
Camarines Norte State College-Mercedes Campus,5100,,Chartered State College/University (Satellite Campus),,Region V (Bicol Region),,,,"San Roque, Mercedes, Camarines Norte",CHED,true
Camarines Norte State College-Panganiban Campus,5101,,Chartered State College/University (Satellite Campus),,Region V (Bicol Region),,,,"South Poblacion, Jose Panganiban, Camarines Norte",CHED,true
Camarines Sur Polytechnic Colleges,5023,,Chartered State College/University (Main),,Region V (Bicol Region),,,,"San Isidro , Nabua, Camarines Sur",CHED,true
Camarines Sur Polytechnic Colleges - Buhi Campus,05225,,Chartered State College/University (Satellite Campus),,Region V (Bicol Region),,,,"Lourdes, Buhi, Camarines Sur",CHED,true
Camo Integrated School,5223,,Private Non-Sectarian Stock,Private,Region V (Bicol Region),,,,"zone 3, San Agustin, Pili , Camarines Sur",CHED,true
Capalonga College Inc.,5156,,Private Non-Sectarian Non-Stock,Private,Region V (Bicol Region),,,,"Alayao, Capalonga, Camarines Norte",CHED,true
Caramoan Community College,5025,,Local Government College/University,,Region V (Bicol Region),,,,"Cadong, Caramoan, Camarines Sur",CHED,true
Castilla Colleges,05230,,Local Government College/University,,Region V (Bicol Region),,,,"San Rafael, Castilla, Sorsogon",CHED,true
Cataingan Municipal College,5026,,Local Government College/University,,Region V (Bicol Region),,,,"Poblacion, Cataingan, Masbate",CHED,true
Cataingan Polytechnic Institute,5199,,Private Sectarian Non-Stock,Private,Region V (Bicol Region),,,,"crossing, Poblacion, Cataingan, Masbate",CHED,true
Catanduanes Colleges,5028,,Private Non-Sectarian Stock,Private,Region V (Bicol Region),,,,"Salvacion, Virac , Catanduanes",CHED,true
Catanduanes State University-Main,5029,,Chartered State College/University (Main),,Region V (Bicol Region),,,,"Virac , Catanduanes",CHED,true
Catanduanes State University-Panganiban,5027,,Chartered State College/University (Satellite Campus),,Region V (Bicol Region),,,,"Panganiban, Catanduanes",CHED,true
Cawayan Community College,05226,,Local Government College/University,,Region V (Bicol Region),,,,"Buenavista-Cawayan Road, Divisoria, Cawayan, Masbate",CHED,true
CEGUERA TECHNOLOGICAL COLLEGES,5030,,Private Non-Sectarian Non-Stock,Private,Region V (Bicol Region),,,,"Highway I , Francia, Iriga City, Camarines Sur",CHED,true
Central Bicol State University of Agriculture-Calabanga,5103,,Chartered State College/University (Satellite Campus),,Region V (Bicol Region),,,,"Santa Cruz Ratay, Calabanga, Camarines Sur",CHED,true
Central Bicol State University of Agriculture-Main,5024,,Chartered State College/University (Main),,Region V (Bicol Region),,,,"San Jose, Pili , Camarines Sur",CHED,true
Central Bicol State University of Agriculture-Pasacao,5189,,Chartered State College/University (Satellite Campus),,Region V (Bicol Region),,,,"Santa Rosa Del Norte , Pasacao, Camarines Sur",CHED,true
Central Bicol State University of Agriculture-Sipocot,5013,,Chartered State College/University (Satellite Campus),,Region V (Bicol Region),,,,"Impig, Sipocot, Camarines Sur",CHED,true
Christian Polytechnic Institute of Catanduanes,5177,,Private Non-Sectarian Non-Stock,Private,Region V (Bicol Region),,,,"Rizal St., Francia , Virac , Catanduanes",CHED,true
City College of Naga,5022,,Local Government College/University,,Region V (Bicol Region),,,,"ALMEDA HIGHWAY, Concepcion Pequeña, Naga City, Camarines Sur",CHED,true
Colegio de San Rafael Arcangel,05231,,Private Sectarian Stock,Private,Region V (Bicol Region),,,,"San Antonio , Pili , Camarines Sur",CHED,true
Colegio De Sta. Monica of Polangui,5128,,Private Non-Sectarian Non-Stock,Private,Region V (Bicol Region),,,,"N/A, Centro Occidental , Polangui, Albay",CHED,true
Community College of Manito,05177a,,Local Government College/University,,Region V (Bicol Region),,,,"C. Daen, It-Ba , Manito, Albay",CHED,true
Computer Arts and Technological College,5034,,Private Non-Sectarian Non-Stock,Private,Region V (Bicol Region),,,,"Balintawak Street, Bgy. 16 - Kawit-East Washington Drive , Legazpi City, Albay",CHED,true
"Computer Arts and Technological College-Ligao City, Inc.",5194,,Private Non-Sectarian Non-Stock,Private,Region V (Bicol Region),,,,"Washington Street, Binatagan , Ligao City, Albay",CHED,true
Computer Arts and Technological College-Polangui Campus,5193,,Private Non-Sectarian Non-Stock,Private,Region V (Bicol Region),,,,"Terminal Site, Ubaliw, Polangui, Albay",CHED,true
COMPUTER COMMUNICATION DEVELOPMENT INSTITUTE,5162,,Private Non-Sectarian Stock,Private,Region V (Bicol Region),,,,"Rizal , Bitan-o/Dalipay , Sorsogon City, Sorsogon",CHED,true
Computer Communication Development Institute-Legazpi City,5129,,Private Non-Sectarian Stock,Private,Region V (Bicol Region),,,,"Sikatuna St., Bgy. 14 - Ilawod Pob., Legazpi City, Albay",CHED,true
"Computer Systems Institute, Inc.",5197,,Private Non-Sectarian Stock,Private,Region V (Bicol Region),,,,"Legazpi City, Albay",CHED,true
"Daniel B. Peña Memorial College Foundation, Inc.",5039,,Private Non-Sectarian Non-Stock,Private,Region V (Bicol Region),,,,"Ziga Avenue, San Juan , Tabaco City, Albay",CHED,true
Daraga Community College,5159,,Local Government College/University,,Region V (Bicol Region),,,,"Salvacion, Daraga, Albay",CHED,true
De Vera Institute of Technology,5005,,Private Non-Sectarian Stock,Private,Region V (Bicol Region),,,,"Rizal St., Bgy. 4 - Sagpon Pob., Legazpi City, Albay",CHED,true
"Divine Word College of Legazpi, Inc.",5040,,Private Sectarian Non-Stock,Private,Region V (Bicol Region),,,,"cor. Rizal & Fr. Bates Sts., Bgy. 14 - Ilawod Pob., Legazpi City, Albay",CHED,true
Donsol Community College,5201,,Local Government College/University,,Region V (Bicol Region),,,,"Tres Marias, Donsol, Sorsogon",CHED,true
Dr. Carlos S. Lanting College-Dr. Ruby Lanting Casaul Educational Foundation,5136,,Private Non-Sectarian Non-Stock,Private,Region V (Bicol Region),,,,"Tomas Cabiles Street, San Juan , Tabaco City, Albay",CHED,true
"Dr. Emilio B. Espinosa, Sr. Memorial State College of Agriculture and Technology",5041,,Chartered State College/University (Main),,Region V (Bicol Region),,,,"DEBESMCAT, Cabitan, Mandaon, Masbate",CHED,true
"Dr. Emilio B. Espinosa, Sr. Memorial State College of Agriculture and Technology- Cawayan Campus",05227,,Chartered State College/University (Satellite Campus),,Region V (Bicol Region),,,,"Poblacion, Cawayan, Masbate",CHED,true
Estenias Science Foundation School,5174,,Private Non-Sectarian Non-Stock,Private,Region V (Bicol Region),,,,"Maharlika Highway, Tulay, Casiguran, Sorsogon",CHED,true
"Fatima School of Science and Technology, INC",5046,,Private Non-Sectarian Stock,Private,Region V (Bicol Region),,,,"San Juan Bautista , Goa, Camarines Sur",CHED,true
"Felix O. Alfelor Sr. Foundation College, Inc",5044,,Private Non-Sectarian Non-Stock,Private,Region V (Bicol Region),,,,"South Centro, Sipocot, Camarines Sur, South Centro , Sipocot, Camarines Sur",CHED,true
Forbes College,5178,,Private Non-Sectarian Non-Stock,Private,Region V (Bicol Region),,,,"Rizal Corner Elizondo Streets, Bgy. 31 - Centro-Baybay , Legazpi City, Albay",CHED,true
"Genesis Colleges, Inc.",05228,,Private Sectarian Non-Stock,Private,Region V (Bicol Region),,,,"ZONE 1, Caroyroyan, Pili , Camarines Sur",CHED,true
Goa Community College,5220,,Local Government College/University,,Region V (Bicol Region),,,,"La Purisima, La Purisima , Goa, Camarines Sur",CHED,true
Governor Mariano E. Villafuerte Community College-Garchitorena,5207,,Local Government College/University,,Region V (Bicol Region),,,,"Catnub, Pambuhan, Garchitorena, Camarines Sur",CHED,true
Governor Mariano E. Villafuerte Community College-Libmanan,5208,,Local Government College/University,,Region V (Bicol Region),,,,"Potot, Libmanan, Camarines Sur",CHED,true
Governor Mariano E. Villafuerte Community College-Siruma,5209,,Local Government College/University,,Region V (Bicol Region),,,,"Batugan Street Zone 1, Poblacion, Siruma, Camarines Sur",CHED,true
Governor Mariano E. Villafuerte Community College-Tinambac,5211,,Local Government College/University,,Region V (Bicol Region),,,,"Magrimpong, Santa Cruz , Tinambac, Camarines Sur",CHED,true
Guinobatan Community College,5213,,Local Government College/University,,Region V (Bicol Region),,,,"Zone-4, Mauraro, Guinobatan, Albay",CHED,true
Holy Rosary Major Seminary,5048,,Private Non-Sectarian Stock,Private,Region V (Bicol Region),,,,"Concepcion Pequeña, Naga City, Camarines Sur",CHED,true
Holy Trinity College of Camarines Sur,5049,,Private Non-Sectarian Stock,Private,Region V (Bicol Region),,,,"Don Domingo B. Fortuno, Santiago , Bato, Camarines Sur",CHED,true
Holy Trinity College Seminary,5138,,Private Non-Sectarian Non-Stock,Private,Region V (Bicol Region),,,,"Maharlika Highway, Bautista, Labo, Camarines Norte",CHED,true
"iConnect Global Institute, Inc.",05232,,Private Non-Sectarian Stock,Private,Region V (Bicol Region),,,,"Poblacion Central, Ocampo, Camarines Sur",CHED,true
Immaculate Conception College-Albay,5050,,Private Non-Sectarian Non-Stock,Private,Region V (Bicol Region),,,,"J.P. RIZAL ST., Ilawod Area Pob., Daraga, Albay",CHED,true
"Infotech Development Systems Colleges, Inc.",5184,,Private Non-Sectarian Non-Stock,Private,Region V (Bicol Region),,,,"NATERA STREET, DUNAO, LIGAO CITY, Dunao, Ligao City, Albay",CHED,true
"King Thomas Learning Academy, Inc.",5218,,Private Non-Sectarian Non-Stock,Private,Region V (Bicol Region),,,,"Malubago, Sipocot, Camarines Sur",CHED,true
La Consolacion College of Iriga-Iriga City,5053,,Private Sectarian Non-Stock,Private,Region V (Bicol Region),,,,"Lanuza St., San Francisco , Iriga City, Camarines Sur",CHED,true
La Consolacion College-Daet,5054,,Private Sectarian Non-Stock,Private,Region V (Bicol Region),,,,"F. PIMENTEL AVE., DCN, Barangay I , Daet , Camarines Norte",CHED,true
Libon Community College,5148,,Local Government College/University,,Region V (Bicol Region),,,,"Calleja St., Zone IV , Libon, Albay",CHED,true
Liceo de Masbate Colleges Inc.,5056,,Private Sectarian Non-Stock,Private,Region V (Bicol Region),,,,"Quezon Street, Bapor , Masbate City, Masbate",CHED,true
"Liceo de San Jacinto Foundation, Inc.",5057,,Private Non-Sectarian Non-Stock,Private,Region V (Bicol Region),,,,"Almonte Street, District III , San Jacinto, Masbate",CHED,true
Ligao Community College,5058,,Local Government College/University,,Region V (Bicol Region),,,,"Masagana Street, Tomolin, Ligao City, Albay",CHED,true
"Lower Isarog Foundation Exponent,Inc.",5113,,Private Non-Sectarian Non-Stock,Private,Region V (Bicol Region),,,,"Gingaroy, Tigaon, Camarines Sur",CHED,true
"Luis H. Dilanco Sr. Foundation College, Inc.",5164,,Private Non-Sectarian Stock,Private,Region V (Bicol Region),,,,"Zone 4, Bahay, Libmanan, Camarines Sur",CHED,true
LYCEUM OF ST DOMINIC INC.,5216,,Private Non-Sectarian Non-Stock,Private,Region V (Bicol Region),,,,"SANTA ELENA (POB.), Santa Elena , Santa Elena, Camarines Norte",CHED,true
Mabini Colleges,5059,,Private Non-Sectarian Stock,Private,Region V (Bicol Region),,,,"Gov. Panotes Avenue, Barangay VII , Daet , Camarines Norte",CHED,true
"Mariners' Polytechnic Colleges Foundation of Canaman (Cam. Sur), Inc.",5060,,Private Non-Sectarian Foundation,Private,Region V (Bicol Region),,,,"Baras , Canaman, Camarines Sur",CHED,true
Mariners' Polytechnic Colleges Foundation of Legazpi City,5062,,Private Non-Sectarian Non-Stock,Private,Region V (Bicol Region),,,,"Palomares Street, Panganiban Drive, Bgy. 42 - Rawis, Legazpi City, Albay",CHED,true
"Mariners' Polytechnic Colleges, Inc. of Naga City",5061,,Private Non-Sectarian Stock,Private,Region V (Bicol Region),,,,"Palomares Street, Tinago, Naga City, Camarines Sur",CHED,true
Masbate Central Technical Institute,5203,,Private Non-Sectarian Non-Stock,Private,Region V (Bicol Region),,,,"F. Magallanes, Masbate City, Masbate",CHED,true
Masbate Colleges,5063,,Private Non-Sectarian Stock,Private,Region V (Bicol Region),,,,"Rosero Street, Centro , Masbate City, Masbate",CHED,true
Masbate Polytechnic and Development College,5200,,Private Non-Sectarian Non-Stock,Private,Region V (Bicol Region),,,,"Batuila, Baleno, Masbate",CHED,true
Mater Salutis College Seminary,5064,,Private Non-Sectarian Non-Stock,Private,Region V (Bicol Region),,,,"Sipi, Daraga, Albay",CHED,true
Mountview College,5195,,Private Non-Sectarian Stock,Private,Region V (Bicol Region),,,,"Aldp Plaza Mall, Roxas Ave., Diversion Road Triangulo Naga City, Triangulo, Naga City, Camarines Sur",CHED,true
"Naga College Foundation, Inc.",5065,,Private Non-Sectarian Non-Stock,Private,Region V (Bicol Region),,,,"MT Villanueva Avenue, Peñafrancia, Naga City, Camarines Sur",CHED,true
"Naga View Adventist College, Inc.",5077,,Private Sectarian Non-Stock,Private,Region V (Bicol Region),,,,"Panicuason, Naga City, Camarines Sur",CHED,true
"Northills College of Asia (NCA), Inc.",5217,,Private Non-Sectarian Non-Stock,Private,Region V (Bicol Region),,,,"MAHARLIKA HIGHWAY, Bautista, Labo, Camarines Norte",CHED,true
Oas Community College,5147,,Local Government College/University,,Region V (Bicol Region),,,,"Calzada, Oas, Albay",CHED,true
Osmeña Colleges,5066,,Private Non-Sectarian Non-Stock,Private,Region V (Bicol Region),,,,"Osmeña, Espinosa, Masbate City, Masbate",CHED,true
Our Lady of Lourdes College Foundation,5067,,Private Non-Sectarian Non-Stock,Private,Region V (Bicol Region),,,,"Vinzons Avenue, Lag-On, Daet , Camarines Norte",CHED,true
Our Lady of Peñafrancia Seminary,5068,,Private Sectarian Non-Stock,Private,Region V (Bicol Region),,,,"Magsaysay, Bibincahan, Sorsogon City, Sorsogon",CHED,true
Our Lady of Salvation College,5158,,Private Non-Sectarian Non-Stock,Private,Region V (Bicol Region),,,,"SAN LORENZO, Tigbi , Tiwi, Albay",CHED,true
Our Lady of the Most Holy Trinity College Seminary,5175,,Private Non-Sectarian Non-Stock,Private,Region V (Bicol Region),,,,"Seminary Street, Cararayan, Naga City, Camarines Sur",CHED,true
Partido College,5070,,Private Non-Sectarian Non-Stock,Private,Region V (Bicol Region),,,,"Tambuco, Matacla, Goa, Camarines Sur",CHED,true
Partido State University-Caramoan Campus,5153,,Chartered State College/University (Satellite Campus),,Region V (Bicol Region),,,,"Cadong, Caramoan, Camarines Sur",CHED,true
Partido State University-Lagonoy Campus,5154,,Chartered State College/University (Satellite Campus),,Region V (Bicol Region),,,,"San Vicente , Lagonoy, Camarines Sur",CHED,true
Partido State University-Main,5071,,Chartered State College/University (Main),,Region V (Bicol Region),,,,"San Juan Bautista , San Juan Bautista , Goa, Camarines Sur",CHED,true
Partido State University-Sagnay Campus,5109,,Chartered State College/University (Satellite Campus),,Region V (Bicol Region),,,,"Sta. Cruz, Nato, Sagñay, Camarines Sur",CHED,true
Partido State University-Salogon Campus,5152,,Chartered State College/University (Satellite Campus),,Region V (Bicol Region),,,,"zone 7, Salogon, San Jose, Camarines Sur",CHED,true
Partido State University-San Jose Campus,5118,,Chartered State College/University (Satellite Campus),,Region V (Bicol Region),,,,"Del Carmen , San Jose, Camarines Sur",CHED,true
Partido State University-Tinambac Campus,5124,,Chartered State College/University (Satellite Campus),,Region V (Bicol Region),,,,"Binalay, Tinambac, Camarines Sur",CHED,true
Perpetual Help Paramedical School,5072,,Private Non-Sectarian Non-Stock,Private,Region V (Bicol Region),,,,"Narra St., Subd., Tagas, Tabaco City, Albay",CHED,true
Pilar Community College,5215,,Local Government College/University,,Region V (Bicol Region),,,,"JAIME S. SY-REYES ST., Calongay, Pilar, Sorsogon",CHED,true
Pili Capital College,5074,,Private Non-Sectarian Non-Stock,Private,Region V (Bicol Region),,,,"Imperial, San Isidro , Pili , Camarines Sur",CHED,true
PLT College of Guinobatan,5137,,Private Non-Sectarian Non-Stock,Private,Region V (Bicol Region),,,,"Guinobatan, Albay",CHED,true
Polangui Community College,5075,,Local Government College/University,,Region V (Bicol Region),,,,"Alnay, Polangui, Albay",CHED,true
Polytechnic Institute of Tabaco,5076,,Private Non-Sectarian Non-Stock,Private,Region V (Bicol Region),,,,"100 Panal, Tabaco City, Panal, Tabaco City, Albay",CHED,true
Polytechnic University of the Philippines-Ragay,13155e,,Chartered State College/University (Satellite Campus),,Region V (Bicol Region),,,,"PUP Access Road, Lower Santa Cruz, Ragay, Camarines Sur",CHED,true
R.G. de Castro Colleges,5078,,Private Non-Sectarian Non-Stock,Private,Region V (Bicol Region),,,,"Gerona Street, Zone III Pob., Bulan, Sorsogon",CHED,true
Rapu-Rapu Community College,5131,,Local Government College/University,,Region V (Bicol Region),,,,"A.Q DE LA CRUZ AVENUE POBLACION RAPU-RAPU, ALBAY, Poblacion, Rapu-Rapu, Albay",CHED,true
"Regina Mondi College, Inc.",5166,,Private Non-Sectarian Non-Stock,Private,Region V (Bicol Region),,,,"Highway , San Jose, Iriga City, Camarines Sur",CHED,true
Republic Colleges of Guinobatan,5079,,Private Non-Sectarian Stock,Private,Region V (Bicol Region),,,,"G. Alban St., Iraya, Guinobatan, Albay",CHED,true
San Jose Community College,5081,,Local Government College/University,,Region V (Bicol Region),,,,"Datag, San Jose, Malilipot, Albay",CHED,true
San Pascual Polytechnic College,5202,,Local Government College/University,,Region V (Bicol Region),,,,"Nazareno Street, San Pascual, Masbate",CHED,true
Shepherdville College,5180,,Private Non-Sectarian Non-Stock,Private,Region V (Bicol Region),,,,"Talojongon, Tigaon, Camarines Sur",CHED,true
"Siena College Tigaon, Inc.",5168,,Private Sectarian Non-Stock,Private,Region V (Bicol Region),,,,"Gingaroy, Tigaon, Camarines Sur",CHED,true
Solis Institute of Technology,5143,,Private Non-Sectarian Stock,Private,Region V (Bicol Region),,,,"Loilo St., Managanaga, Bulan, Sorsogon",CHED,true
"Sorsogon College of Criminology, Inc.",5132,,Private Non-Sectarian Non-Stock,Private,Region V (Bicol Region),,,,"3928, Piot, Sor. City, Piot , Sorsogon City, Sorsogon",CHED,true
Sorsogon State University-Bulan Campus,5119,,Chartered State College/University (Satellite Campus),,Region V (Bicol Region),,,,"Zone VIII Pob., Bulan, Sorsogon",CHED,true
Sorsogon State University-Castilla Campus,5121,,Chartered State College/University (Satellite Campus),,Region V (Bicol Region),,,,"Mayon, Castilla, Sorsogon",CHED,true
Sorsogon State University-Magallanes Campus,5120,,Chartered State College/University (Satellite Campus),,Region V (Bicol Region),,,,"Aguada Norte, Magallanes, Sorsogon",CHED,true
Sorsogon State University-Main,5084,,Chartered State College/University (Main),,Region V (Bicol Region),,,,"Magsaysay St., Salog , Sorsogon City, Sorsogon",CHED,true
Southern Bicol Colleges,5085,,Private Non-Sectarian Non-Stock,Private,Region V (Bicol Region),,,,"Mabini St, Kalipay , Masbate City, Masbate",CHED,true
Southern Luzon Institute,5086,,Private Non-Sectarian Stock,Private,Region V (Bicol Region),,,,"San Buenaventura, Zone V Pob., Bulan, Sorsogon",CHED,true
Southern Luzon Technological College Foundation-Legazpi,5157,,Private Non-Sectarian Non-Stock,Private,Region V (Bicol Region),,,,"RAMON SANTOS ST., Bgy. 33 - PNR-Peñaranda St.-Iraya , Legazpi City, Albay",CHED,true
Southern Luzon Technological College Foundation-Pilar,5185,,Private Non-Sectarian Non-Stock,Private,Region V (Bicol Region),,,,"Jaime Sy-Reyes St., Marifosque , Pilar, Sorsogon",CHED,true
Southern Luzon Technological College Foundation-Pioduran,5186,,Private Non-Sectarian Non-Stock,Private,Region V (Bicol Region),,,,"Bonifacio St., Barangay III , Pio Duran, Albay",CHED,true
"Southern Masbate Roosevelt College, Inc.",5088,,Private Non-Sectarian Stock,Private,Region V (Bicol Region),,,,"Avenido Street, Katipunan, Placer, Masbate",CHED,true
Speed Computer College,5122,,Private Non-Sectarian Stock,Private,Region V (Bicol Region),,,,"Alegre, Salog , Sorsogon City, Sorsogon",CHED,true
SPJ International Technology Institute,5198,,Private Non-Sectarian Non-Stock,Private,Region V (Bicol Region),,,,"San Isidro , Tinambac, Camarines Sur",CHED,true
St. Francis Carraciolo Culinary Academy,5206,,Private Non-Sectarian Non-Stock,Private,Region V (Bicol Region),,,,"Santo Domingo, Vinzons, Camarines Norte",CHED,true
"St. Louise De Marillac College of Sorsogon, Inc.",5032,,Private Sectarian Non-Stock,Private,Region V (Bicol Region),,,,"251 BURGOS STREET, Talisay , Sorsogon City, Sorsogon",CHED,true
St. Peter Baptist College Foundation,5133,,Private Non-Sectarian Non-Stock,Private,Region V (Bicol Region),,,,"Poblacion, Lupi, Camarines Sur",CHED,true
"STA. ELENA (CAM. NORTE) COLLEGE, INC.",5149,,Private Non-Sectarian Stock,Private,Region V (Bicol Region),,,,"PUROK 10, Santa Elena , Santa Elena, Camarines Norte",CHED,true
STI College-Legazpi,5107,,Private Non-Sectarian Non-Stock,Private,Region V (Bicol Region),,,,"Rizal Street, Bgy. 20 - Cabagñan East , Legazpi City, Albay",CHED,true
STI College-Naga City,5183,,Private Non-Sectarian Stock,Private,Region V (Bicol Region),,,,"Naga City, Camarines Sur",CHED,true
Sto. Domingo Community College,05233,,Local Government College/University,,Region V (Bicol Region),,,,"PUROK 4, San Andres, Santo Domingo, Albay",CHED,true
Tabaco College,5089,,Private Non-Sectarian Non-Stock,Private,Region V (Bicol Region),,,,"5 Tomas Cabiles Avenue, Panal, Tabaco City, Albay",CHED,true
"Tanchuling College, Inc.",5090,,Private Non-Sectarian Non-Stock,Private,Region V (Bicol Region),,,,"Jasmin Street, Bgy. 23 - Imperial Court Subd. , Legazpi City, Albay",CHED,true
The Lewis College,5144,,Private Non-Sectarian Non-Stock,Private,Region V (Bicol Region),,,,"Magsaysay Street, Bibincahan, Sorsogon City, Sorsogon",CHED,true
Tiwi Community College,5126,,Local Government College/University,,Region V (Bicol Region),,,,"Geraldine Village , Libtong, Tiwi, Albay",CHED,true
"Universidad de Sta. Isabel de Naga, Inc.",5033,,Private Sectarian Non-Stock,Private,Region V (Bicol Region),,,,"Peñafrancia, Naga City, Camarines Sur",CHED,true
University of Northeastern Philippines,5091,,Private Non-Sectarian Non-Stock,Private,Region V (Bicol Region),,,,"Ortega St., San Roque , Iriga City, Camarines Sur",CHED,true
University of Nueva Caceres,5092,,Private Non-Sectarian Non-Stock,Private,Region V (Bicol Region),,,,"Jaime Hernandez Avenue, Naga City, Camarines Sur",CHED,true
UNIVERSITY OF SAINT ANTHONY,5093,,Private Non-Sectarian Stock,Private,Region V (Bicol Region),,,,"Ortega St., San Miguel, Iriga City, Camarines Sur",CHED,true
University of Santo Tomas-Legazpi,5008,,Private Non-Sectarian Non-Stock,Private,Region V (Bicol Region),,,,"None, Bgy. 42 - Rawis, Legazpi City, Albay",CHED,true
Veritas College of Irosin,5096,,Private Non-Sectarian Non-Stock,Private,Region V (Bicol Region),,,,"VERITAS COLLEGE OF IROSIN SAN JULIAN IROSIN, San Julian , Irosin, Sorsogon",CHED,true
West Coast College,5145,,Private Non-Sectarian Non-Stock,Private,Region V (Bicol Region),,,,"Rizal Street, Banawan, Pio Duran, Albay",CHED,true
"Zamora Memorial College, Inc.",5127,,Private Non-Sectarian Stock,Private,Region V (Bicol Region),,,,"Sto. Niño St., Bacacay, Albay, Barangay 9 , Bacacay, Albay",CHED,true
ABE International Business College-Iloilo,6140,,Private Non-Sectarian Non-Stock,Private,Region VI (Western Visayas),,,,"Iloilo City, Iloilo",CHED,true
ACLC College of Iloilo,6171,,Private Non-Sectarian Non-Stock,Private,Region VI (Western Visayas),,,,"Iloilo City, Iloilo",CHED,true
ACSI College Iloilo,6009,,Private Non-Sectarian Non-Stock,Private,Region VI (Western Visayas),,,,"Iloilo City, Iloilo",CHED,true
Advance Central College,6166,,Private Non-Sectarian Non-Stock,Private,Region VI (Western Visayas),,,,"San Jose , Antique",CHED,true
Aklan Catholic College,6002,,Private Sectarian Non-Stock,Private,Region VI (Western Visayas),,,,"Cabangila, Kalibo , Aklan",CHED,true
Aklan Polytechnic College,6004,,Private Non-Sectarian Stock,Private,Region VI (Western Visayas),,,,"Kalibo , Aklan",CHED,true
Aklan State University-Banga Campus,6005,,Chartered State College/University (Main),,Region VI (Western Visayas),,,,"Banga, Aklan",CHED,true
Aklan State University-Ibajay Campus,6106,,Chartered State College/University (Satellite Campus),,Region VI (Western Visayas),,,,"Ibajay, Aklan",CHED,true
Aklan State University-Kalibo Campus,6073,,Chartered State College/University (Satellite Campus),,Region VI (Western Visayas),,,,"Kalibo , Aklan",CHED,true
Aklan State University-Makato,6107,,Chartered State College/University (Satellite Campus),,Region VI (Western Visayas),,,,"Makato, Aklan",CHED,true
Aklan State University-New Washington,6003,,Chartered State College/University (Satellite Campus),,Region VI (Western Visayas),,,,"New Washington, Aklan",CHED,true
Altavas College,6149,,Local Government College/University,,Region VI (Western Visayas),,,,"Altavas, Aklan",CHED,true
AMA Computer College-Iloilo,6116,,Private Non-Sectarian Stock,Private,Region VI (Western Visayas),,,,"Iloilo City, Iloilo",CHED,true
Balete Community College,6151,,Local Government College/University,,Region VI (Western Visayas),,,,"Balete, Aklan",CHED,true
Batan Integrated College of Technology,6110,,Local Government College/University,,Region VI (Western Visayas),,,,"Batan, Aklan",CHED,true
Cabalum Western College,6013,,Private Non-Sectarian Stock,Private,Region VI (Western Visayas),,,,"Iloilo City, Iloilo",CHED,true
Capiz State University-Burias Campus,6066,,Chartered State College/University (Satellite Campus),,Region VI (Western Visayas),,,,"Mambusao, Capiz",CHED,true
Capiz State University-Dayao,6154,,Chartered State College/University (Satellite Campus),,Region VI (Western Visayas),,,,"Roxas City, Capiz",CHED,true
Capiz State University-Dumarao Campus,6141,,Chartered State College/University (Satellite Campus),,Region VI (Western Visayas),,,,"Dumarao, Capiz",CHED,true
Capiz State University-Main,6017,,Chartered State College/University (Main),,Region VI (Western Visayas),,,,"Roxas City, Capiz",CHED,true
Capiz State University-Pilar Campus,6135,,Chartered State College/University (Satellite Campus),,Region VI (Western Visayas),,,,"Pilar, Capiz",CHED,true
Capiz State University-Poblacion Mambusao,6153,,Chartered State College/University (Satellite Campus),,Region VI (Western Visayas),,,,"Mambusao, Capiz",CHED,true
Capiz State University-Pontevedra Campus,6071,,Chartered State College/University (Satellite Campus),,Region VI (Western Visayas),,,,"Pontevedra, Capiz",CHED,true
Capiz State University-Sigma Campus,6105,,Chartered State College/University (Satellite Campus),,Region VI (Western Visayas),,,,"Sigma, Capiz",CHED,true
Capiz State University-Tapaz Campus,6137,,Chartered State College/University (Satellite Campus),,Region VI (Western Visayas),,,,"Tapaz, Capiz",CHED,true
Central Philippine University,6022,,Private Sectarian Non-Stock,Private,Region VI (Western Visayas),,,,"Iloilo City, Iloilo",CHED,true
Colegio de la Purisima Concepcion,6023,,Private Sectarian Non-Stock,Private,Region VI (Western Visayas),,,,"Roxas City, Capiz",CHED,true
Colegio de San Jose-Jaro,6025,,Private Sectarian Non-Stock,Private,Region VI (Western Visayas),,,,"Iloilo City, Iloilo",CHED,true
Colegio del Sagrado Corazon de Jesus,6027,,Private Sectarian Non-Stock,Private,Region VI (Western Visayas),,,,"Iloilo City, Iloilo",CHED,true
College of St. John-Roxas,6119,,Private Sectarian Non-Stock,Private,Region VI (Western Visayas),,,,"Roxas City, Capiz",CHED,true
Computer College of the Visayas,NEW,,Private Non-Sectarian Non-Stock,Private,Region VI (Western Visayas),,,,"Iloilo City, Iloilo",CHED,true
De Paul College,NEW,,Private Sectarian Non-Stock,Private,Region VI (Western Visayas),,,,"Iloilo City, Iloilo",CHED,true
Filamer Christian University,6036,,Private Sectarian Non-Stock,Private,Region VI (Western Visayas),,,,"Roxas City, Capiz",CHED,true
Garcia College of Technology,6038,,Private Non-Sectarian Stock,Private,Region VI (Western Visayas),,,,"Kalibo , Aklan",CHED,true
Great Saviour College,NEW,,Private Non-Sectarian Non-Stock,Private,Region VI (Western Visayas),,,,"Iloilo City, Iloilo",CHED,true
Green International Technological College,6190,,Private Non-Sectarian Stock,Private,Region VI (Western Visayas),,,,"Iloilo City, Iloilo",CHED,true
GSEF College,6167,,Private Non-Sectarian Non-Stock,Private,Region VI (Western Visayas),,,,"Cabatuan, Iloilo",CHED,true
Guimaras State University-Baterna Campus,6177,,Chartered State College/University (Satellite Campus),,Region VI (Western Visayas),,,,"San Lorenzo, Guimaras",CHED,true
Guimaras State University-Main,6040,,Chartered State College/University (Main),,Region VI (Western Visayas),,,,"Buenavista, Guimaras",CHED,true
Guimaras State University-Mosqueda Campus,6040a,,Chartered State College/University (Satellite Campus),,Region VI (Western Visayas),,,,"Jordan , Guimaras",CHED,true
HEI Name 1,061212,,Chartered State College/University (Main),,Region VI (Western Visayas),,,,"Highway South, Poblacion Ilawod, Lambunao, Iloilo",CHED,true
HEI name 2,094445421,,"Others, please specify",,Region VI (Western Visayas),,,,"Agsirab, Lambunao, Iloilo",CHED,true
Hercor College,6147,,Private Non-Sectarian Stock,Private,Region VI (Western Visayas),,,,"Roxas City, Capiz",CHED,true
Hua Siong College of Iloilo,6175,,Private Non-Sectarian Non-Stock,Private,Region VI (Western Visayas),,,,"Iloilo City, Iloilo",CHED,true
Iloilo City Community College,6182,,Local Government College/University,,Region VI (Western Visayas),,,,"Iloilo City, Iloilo",CHED,true
Iloilo Doctors' College,6042,,Private Non-Sectarian Stock,Private,Region VI (Western Visayas),,,,"Iloilo City, Iloilo",CHED,true
Iloilo Doctors' College of Medicine,6043,,Private Non-Sectarian Non-Stock,Private,Region VI (Western Visayas),,,,"Iloilo City, Iloilo",CHED,true
Iloilo Merchant Marine School,6184,,Private Non-Sectarian Stock,Private,Region VI (Western Visayas),,,,"Pavia, Iloilo",CHED,true
Iloilo Science and Technology University-Barotac Nuevo Campus,6126,,Chartered State College/University (Satellite Campus),,Region VI (Western Visayas),,,,"Barotac Nuevo, Iloilo",CHED,true
Iloilo Science and Technology University-Dumangas Campus,6125,,Chartered State College/University (Satellite Campus),,Region VI (Western Visayas),,,,"Dumangas, Iloilo",CHED,true
Iloilo Science and Technology University-Leon Campus,6055,,Chartered State College/University (Satellite Campus),,Region VI (Western Visayas),,,,"Leon, Iloilo",CHED,true
Iloilo Science and Technology University-Main,6099,,Chartered State College/University (Main),,Region VI (Western Visayas),,,,"Iloilo City, Iloilo",CHED,true
Iloilo Science and Technology University-Miagao Campus,6083,,Chartered State College/University (Satellite Campus),,Region VI (Western Visayas),,,,"Miagao, Iloilo",CHED,true
Iloilo State University of Fisheries-Barotac Nuevo Poblacion SIte,6103,,Chartered State College/University (Satellite Campus),,Region VI (Western Visayas),,,,"Barotac Nuevo, Iloilo",CHED,true
Iloilo State University of Fisheries-Dingle Campus,6032,,Chartered State College/University (Satellite Campus),,Region VI (Western Visayas),,,,"Dingle, Iloilo",CHED,true
Iloilo State University of Fisheries-Dumangas Campus,6034,,Chartered State College/University (Satellite Campus),,Region VI (Western Visayas),,,,"Dumangas, Iloilo",CHED,true
Iloilo State University of Fisheries-Main Campus Tiwi Site,6044,,Chartered State College/University (Main),,Region VI (Western Visayas),,,,"Barotac Nuevo, Iloilo",CHED,true
Iloilo State University of Fisheries-San Enrique Campus,6080,,Chartered State College/University (Satellite Campus),,Region VI (Western Visayas),,,,"San Enrique, Iloilo",CHED,true
Integrated Midwives Association of the Philippines Foundation School of Midwifery,6130,,Private Non-Sectarian Stock,Private,Region VI (Western Visayas),,,,"Iloilo City, Iloilo",CHED,true
Interface Computer College Inc.,6118,,Private Sectarian Non-Stock,Private,Region VI (Western Visayas),,,,"Iloilo City, Iloilo",CHED,true
John B. Lacson Foundation Maritime University-Arevalo,6048,,Private Non-Sectarian Non-Stock,Private,Region VI (Western Visayas),,,,"Iloilo City, Iloilo",CHED,true
John B. Lacson Foundation Maritime University-Molo,6047,,Private Non-Sectarian Non-Stock,Private,Region VI (Western Visayas),,,,"Iloilo City, Iloilo",CHED,true
Libacao College of Science and Technology,6148,,Local Government College/University,,Region VI (Western Visayas),,,,"Libacao, Aklan",CHED,true
Malay College,6186,,Local Government College/University,,Region VI (Western Visayas),,,,"Malay, Aklan",CHED,true
New Lucena Polytechnic College,NEW,,"Others, please specify",,Region VI (Western Visayas),,,,"New Lucena, Iloilo",CHED,true
Northern Iloilo State University-Ajuy Campus,6104,,Chartered State College/University (Satellite Campus),,Region VI (Western Visayas),,,,"Ajuy, Iloilo",CHED,true
Northern Iloilo State University-Barotac Viejo Campus,6061,,Chartered State College/University (Satellite Campus),,Region VI (Western Visayas),,,,"Barotac Viejo, Iloilo",CHED,true
Northern Iloilo State University-Batad Campus,6011,,Chartered State College/University (Satellite Campus),,Region VI (Western Visayas),,,,"Batad, Iloilo",CHED,true
Northern Iloilo State University-Concepcion Campus,6029,,Chartered State College/University (Satellite Campus),,Region VI (Western Visayas),,,,"Concepcion, Iloilo",CHED,true
Northern Iloilo State University-Estancia,6063,,Chartered State College/University (Main),,Region VI (Western Visayas),,,,"Estancia, Iloilo",CHED,true
Northern Iloilo State University-Lemery Campus,6101,,Chartered State College/University (Satellite Campus),,Region VI (Western Visayas),,,,"Lemery, Iloilo",CHED,true
Northern Iloilo State University-Sara Campus,6093,,Chartered State College/University (Satellite Campus),,Region VI (Western Visayas),,,,"Sara, Iloilo",CHED,true
Northwestern Visayan Colleges,6064,,Private Non-Sectarian Stock,Private,Region VI (Western Visayas),,,,"Kalibo , Aklan",CHED,true
Pandan Bay Institute,6109,,Private Non-Sectarian Stock,Private,Region VI (Western Visayas),,,,"Pandan, Antique",CHED,true
Passi City College,6152,,Local Government College/University,,Region VI (Western Visayas),,,,"Passi City, Iloilo",CHED,true
Philippine College of Business and Accountancy,6180,,Private Non-Sectarian Non-Stock,Private,Region VI (Western Visayas),,,,"Nueva Valencia, Guimaras",CHED,true
Pius XII College Iloilo,6193,,Private Non-Sectarian Non-Stock,Private,Region VI (Western Visayas),,,,"Iloilo City, Iloilo",CHED,true
Saint Gabriel College,6076,,Private Non-Sectarian Non-Stock,Private,Region VI (Western Visayas),,,,"Kalibo , Aklan",CHED,true
Sancta Maria Mater et Regina Seminarium,6081,,Private Sectarian Non-Stock,Private,Region VI (Western Visayas),,,,"Roxas City, Capiz",CHED,true
Santa Isabel College of Iloilo City,6174,,Private Non-Sectarian Non-Stock,Private,Region VI (Western Visayas),,,,"Iloilo City, Iloilo",CHED,true
Santo Niño Seminary,6085,,Private Sectarian Non-Stock,Private,Region VI (Western Visayas),,,,"Numancia, Aklan",CHED,true
St. Anne College of Iloilo,6121,,Private Non-Sectarian Non-Stock,Private,Region VI (Western Visayas),,,,Iloilo,CHED,true
St. Anthony College of Roxas City,6074,,Private Sectarian Non-Stock,Private,Region VI (Western Visayas),,,,"Roxas City, Capiz",CHED,true
St. Anthony's College,6075,,Private Sectarian Non-Stock,Private,Region VI (Western Visayas),,,,"San Jose , Antique",CHED,true
St. Joseph Regional Seminary Graduate School of Theology,6191,,Private Sectarian Non-Stock,Private,Region VI (Western Visayas),,,,"Iloilo City, Iloilo",CHED,true
St. Paul University of Iloilo,6077,,Private Sectarian Non-Stock,Private,Region VI (Western Visayas),,,,"Iloilo City, Iloilo",CHED,true
St. Therese-MTC Colleges-La Fiesta,6122,,Private Non-Sectarian Non-Stock,Private,Region VI (Western Visayas),,,,"Iloilo City, Iloilo",CHED,true
St. Therese-MTC Colleges-Magdalo,6138,,Private Non-Sectarian Stock,Private,Region VI (Western Visayas),,,,"Iloilo City, Iloilo",CHED,true
St. Therese-MTC Colleges-Tigbauan,6057,,Private Non-Sectarian Non-Stock,Private,Region VI (Western Visayas),,,,"Tigbauan, Iloilo",CHED,true
St. Vincent College of Business and Accountancy,6181,,Private Non-Sectarian Stock,Private,Region VI (Western Visayas),,,,"Ivisan, Capiz",CHED,true
St. Vincent College of Science and Technology,6163,,Private Non-Sectarian Non-Stock,Private,Region VI (Western Visayas),,,,"Leganes, Iloilo",CHED,true
St. Vincent Ferrer Seminary,6079,,Private Sectarian Non-Stock,Private,Region VI (Western Visayas),,,,"Iloilo City, Iloilo",CHED,true
STI College-Kalibo,6144,,Private Non-Sectarian Stock,Private,Region VI (Western Visayas),,,,"Kalibo , Aklan",CHED,true
University of Antique - Caluya Campus,NEW,,Chartered State College/University (Satellite Campus),,Region VI (Western Visayas),,,,"Caluya, Antique",CHED,true
University of Antique - Hamtic,6006,,Chartered State College/University (Satellite Campus),,Region VI (Western Visayas),,,,"Hamtic, Antique",CHED,true
University of Antique - Libertad Campus,NEW,,Chartered State College/University (Satellite Campus),,Region VI (Western Visayas),,,,"Libertad, Antique",CHED,true
University of Antique - Main,6069,,Chartered State College/University (Main),,Region VI (Western Visayas),,,,"Sibalom, Antique",CHED,true
University of Antique - Tario Lim Antique School of Fisheries,6086,,Chartered State College/University (Satellite Campus),,Region VI (Western Visayas),,,,"Tibiao, Antique",CHED,true
University of Iloilo,6088,,Private Non-Sectarian Stock,Private,Region VI (Western Visayas),,,,"Iloilo City, Iloilo",CHED,true
University of Perpetual Help System Laguna Pueblo de Panay Campus,6185,,Private Non-Sectarian Stock,Private,Region VI (Western Visayas),,,,"Roxas City, Capiz",CHED,true
University of San Agustin,6091,,Private Non-Sectarian Non-Stock,Private,Region VI (Western Visayas),,,,"Iloilo City, Iloilo",CHED,true
University of The Philippines-Visayas,6092,,Chartered State College/University (Satellite Campus),,Region VI (Western Visayas),,,,"Miagao, Iloilo",CHED,true
Vicente A. Javier Memorial Community College,6030,,Local Government College/University,,Region VI (Western Visayas),,,,"Culasi, Antique",CHED,true
West Visayas State University-Calinog Campus,6015,,Chartered State College/University (Satellite Campus),,Region VI (Western Visayas),,,,"Calinog, Iloilo",CHED,true
West Visayas State University-College of Agriculture and Forestry,6168,,Chartered State College/University (Satellite Campus),,Region VI (Western Visayas),,,,"Lambunao, Iloilo",CHED,true
West Visayas State University-Janiuay Campus,6100,,Chartered State College/University (Satellite Campus),,Region VI (Western Visayas),,,,"Janiuay, Iloilo",CHED,true
West Visayas State University-Lambunao Campus,6054,,Chartered State College/University (Satellite Campus),,Region VI (Western Visayas),,,,"Lambunao, Iloilo",CHED,true
West Visayas State University-Main,6097,,Chartered State College/University (Main),,Region VI (Western Visayas),,,,"Iloilo City, Iloilo",CHED,true
West Visayas State University-Pototan Campus,6070,,Chartered State College/University (Satellite Campus),,Region VI (Western Visayas),,,,"Pototan, Iloilo",CHED,true
Western Institute of Technology,6098,,Private Non-Sectarian Stock,Private,Region VI (Western Visayas),,,,"Iloilo City, Iloilo",CHED,true
ACLC College of Mandaue,7145,,Private Non-Sectarian Non-Stock,Private,Region VII (Central Visayas),,,,"M.C BRIONES ST., MAGUIKAY , Mandaue City, Cebu",CHED,true
ACLC-Tagbilaran,7167,,Private Non-Sectarian Non-Stock,Private,Region VII (Central Visayas),,,,"Tagbilaran City, Bohol",CHED,true
Advanced Institute of Technology,7110,,Private Non-Sectarian Stock,Private,Region VII (Central Visayas),,,,Cebu,CHED,true
"AMA Computer College, Inc. - Cebu City Branch",7001,,Private Non-Sectarian Stock,Private,Region VII (Central Visayas),,,,"AMA Bldg., 46 S. Cabahug Cor. Pres. Roxas St. Casals Village, Mabolo, Cebu City, Cebu",CHED,true
Asian College of Technology,7002,,Private Non-Sectarian Non-Stock,Private,Region VII (Central Visayas),,,,"N. BACALSO AVE., BULACAO, Talisay City, Cebu",CHED,true
"Asian College of Technology International Education Foundation, Inc. - Pit-Os Campus",000T1,,Private Non-Sectarian Foundation,Private,Region VII (Central Visayas),,,,"Pit-os, Cebu City, Cebu",CHED,true
Asian College of Technology International Educational Foundation,7192,,Private Non-Sectarian Non-Stock,Private,Region VII (Central Visayas),,,,"Corner Leon Kilat & P. del Rosario St.,, Cebu City, Cebu",CHED,true
"Bantayan Southern Institute, Inc.",7095,,Private Non-Sectarian Stock,Private,Region VII (Central Visayas),,,,"M.L. Quezon St, Bantayan, Cebu",CHED,true
"Baptist Theological College, Inc.",7004,,Private Sectarian Non-Stock,Private,Region VII (Central Visayas),,,,"910 A.S. FORTUNA STREET, Mandaue City, Cebu",CHED,true
Batuan Colleges Inc.,7088,,Private Non-Sectarian Stock,Private,Region VII (Central Visayas),,,,"Batuan, Bohol",CHED,true
"Benedicto College, Inc. - Mandaue City",7119,,Private Non-Sectarian Non-Stock,Private,Region VII (Central Visayas),,,,"A. S. FORTUNA ST, Bakilid, Mandaue City, Cebu",CHED,true
Benedicto College-Cebu,7200,,Private Non-Sectarian Non-Stock,Private,Region VII (Central Visayas),,,,"DON BERNARDO BENEDICTO ST., Tejero, Cebu City, Cebu",CHED,true
Benthel Asia School of Technology,7188,,Private Non-Sectarian Non-Stock,Private,Region VII (Central Visayas),,,,Cebu,CHED,true
"BIT International College - Carmen, Inc.",7114,,Private Non-Sectarian Non-Stock,Private,Region VII (Central Visayas),,,,"Katipunan, Carmen, Bohol",CHED,true
"BIT International College - Jagna, Inc.",7009,,Private Non-Sectarian Non-Stock,Private,Region VII (Central Visayas),,,,"Achacoso, Poblacion, Jagna, Bohol",CHED,true
BIT INTERNATIONAL COLLEGE - TAGBILARAN INC.,7008,,Private Non-Sectarian Non-Stock,Private,Region VII (Central Visayas),,,,"200 Gallares Street, Tagbilaran City, Bohol",CHED,true
"BIT International College-Talibon, Inc.",7010,,Private Non-Sectarian Non-Stock,Private,Region VII (Central Visayas),,,,"Poblacion, Talibon, Bohol",CHED,true
"Blessed Trinity College-A.R. of Talibon, Bohol, Inc.",7006,,Private Sectarian Non-Stock,Private,Region VII (Central Visayas),,,,"Purok 7, Talibon, Bohol",CHED,true
Bohol International Learning College,7185,,Private Non-Sectarian Stock,Private,Region VII (Central Visayas),,,,"Bliss Road, Cortes, Bohol",CHED,true
Bohol Island State University - Bilar,7101,,Chartered State College/University (Main),,Region VII (Central Visayas),,,,"Zamora, Bilar, Bohol",CHED,true
Bohol Island State University - Calape Campus,7013,,Chartered State College/University (Satellite Campus),,Region VII (Central Visayas),,,,"San Isidro, Calape, Bohol",CHED,true
Bohol Island State University - Candijay,7012,,Chartered State College/University (Satellite Campus),,Region VII (Central Visayas),,,,"Cogtong, Candijay, Bohol",CHED,true
Bohol Island State University - Clarin,7121,,Chartered State College/University (Satellite Campus),,Region VII (Central Visayas),,,,"Poblacion Norte, Clarin, Bohol",CHED,true
Bohol Island State University - Main Campus,7011,,Chartered State College/University (Satellite Campus),,Region VII (Central Visayas),,,,"CARLOS P. GARCIA AVENUE, Tagbilaran City, Bohol",CHED,true
Bohol Island State University-Balilihan Campus,7172,,Chartered State College/University (Satellite Campus),,Region VII (Central Visayas),,,,"Magsija, Balilihan, Bohol",CHED,true
"Bohol Northern Star College, Inc.",7159,,Private Non-Sectarian Stock,Private,Region VII (Central Visayas),,,,"Isaac St., Poblacion, Ubay, Bohol",CHED,true
"Bohol Northwestern College, Inc.",7128,,Private Non-Sectarian Non-Stock,Private,Region VII (Central Visayas),,,,"Poblacion, Catigbian, Bohol",CHED,true
Bohol Wisdom School Inc.,7140,,Private Non-Sectarian Non-Stock,Private,Region VII (Central Visayas),,,,"Carlos P. Garcia Avenue, Tagbilaran City, Bohol",CHED,true
Bradford Christian College,7196,,Private Sectarian Non-Stock,Private,Region VII (Central Visayas),,,,Cebu,CHED,true
"Bradford Christian College, Inc.",7204,,Private Sectarian Non-Stock,Private,Region VII (Central Visayas),,,,"85 Osmeña Boulevard, Cebu City, Cebu",CHED,true
Buenavista Community College,7141,,Local Government College/University,,Region VII (Central Visayas),,,,"Cangawa, Buenavista, Bohol",CHED,true
Carcar City College,7182,,Local Government College/University,,Region VII (Central Visayas),,,,"Luanluan, Poblacion I, Carcar City, Cebu",CHED,true
Carmen Municipal College,07213,,Local Government College/University,,Region VII (Central Visayas),,,,"Poblacion Norte, Carmen, Bohol",CHED,true
"CATS Aero College, Inc.",7014,,Private Non-Sectarian Non-Stock,Private,Region VII (Central Visayas),,,,"Salinas Drive, Lahug , Cebu City, Cebu",CHED,true
CBD College,7103,,Private Non-Sectarian Stock,Private,Region VII (Central Visayas),,,,"F JACA ST. INAYAWAN, Cebu City, Cebu",CHED,true
Cebu Doctors' University,7015,,Private Non-Sectarian Stock,Private,Region VII (Central Visayas),,,,"#1 DR. P.V. LARRAZABAL JR. AVE., NORTH RECLAMATION AREA, Mandaue City, Cebu",CHED,true
Cebu Doctors' University College of Medicine,7016,,Private Non-Sectarian Stock,Private,Region VII (Central Visayas),,,,"#1 DR. P.V. LARRAZABAL JR. AVENUE NORTH RECLAMATION AREA, Mandaue City, Cebu",CHED,true
"Cebu Eastern College, Inc.",7017,,Private Non-Sectarian Non-Stock,Private,Region VII (Central Visayas),,,,"40 Leon Kilat Street, Cebu City, Cebu",CHED,true
"Cebu Immanuel Bible College, Inc.",7147,,Private Sectarian Non-Stock,Private,Region VII (Central Visayas),,,,"R. Duterte Sreet, Cebu City, Cebu",CHED,true
"Cebu Institute of Medicine, Incorporated",7018,,Private Non-Sectarian Non-Stock,Private,Region VII (Central Visayas),,,,"79 F. Ramos Street, Cebu City, Cebu",CHED,true
Cebu Institute of Technology-University,7019,,Private Non-Sectarian Stock,Private,Region VII (Central Visayas),,,,"Natalio Bacalso Avenue, Cebu City, Cebu",CHED,true
Cebu Mary Immaculate College Inc.,7144,,Private Non-Sectarian Non-Stock,Private,Region VII (Central Visayas),,,,"A. BORBAJO STREET, Talamban, Cebu City, Cebu",CHED,true
Cebu Normal University,7024,,Chartered State College/University (Main),,Region VII (Central Visayas),,,,"Osmeña Blvd., Cebu City, Cebu",CHED,true
Cebu Normal University - Balamban,07024a,,Chartered State College/University (Satellite Campus),,Region VII (Central Visayas),,,,"Nangka, Balamban, Cebu",CHED,true
Cebu Normal University - Medellin,07024b,,Chartered State College/University (Satellite Campus),,Region VII (Central Visayas),,,,"Poblacion, Medellin, Cebu",CHED,true
Cebu Polytechnic College,070799T,,Private Non-Sectarian Non-Stock,Private,Region VII (Central Visayas),,,,"Cebu City, Cebu",CHED,true
"Cebu Roosevelt Memorial Colleges, Inc.",7021,,Private Non-Sectarian Stock,Private,Region VII (Central Visayas),,,,"San Vicente St., Bogo City, Cebu",CHED,true
Cebu Sacred Heart College,7130,,Private Non-Sectarian Non-Stock,Private,Region VII (Central Visayas),,,,"Lawaan I, Talisay City, Cebu",CHED,true
"Cebu Sacred Heart College, Inc.",7201,,Private Non-Sectarian Non-Stock,Private,Region VII (Central Visayas),,,,"Valladolid, Carcar City, Cebu",CHED,true
Cebu School of Midwifery,7023,,Private Non-Sectarian Non-Stock,Private,Region VII (Central Visayas),,,,"2 B. RODRIGUEZ STREET, Cebu City, Cebu",CHED,true
Cebu Technological University - Carmen Campus,7086,,Chartered State College/University (Satellite Campus),,Region VII (Central Visayas),,,,"Carmen, Cebu",CHED,true
Cebu Technological University - Cebu City Mountain Satellite Campus,7199,,Chartered State College/University (Satellite Campus),,Region VII (Central Visayas),,,,Cebu,CHED,true
Cebu Technological University - Consolacion,7170,,Chartered State College/University (Satellite Campus),,Region VII (Central Visayas),,,,Cebu,CHED,true
Cebu Technological University - Main,7025,,Chartered State College/University (Main),,Region VII (Central Visayas),,,,"CORNER M.J. CUENCO AVE. & R. PALMA ST., Cebu City, Cebu",CHED,true
Cebu Technological University-Argao Campus,7031,,Chartered State College/University (Satellite Campus),,Region VII (Central Visayas),,,,"Argao, Cebu",CHED,true
Cebu Technological University-Barili Campus,7034,,Chartered State College/University (Satellite Campus),,Region VII (Central Visayas),,,,"Barili, Cebu",CHED,true
Cebu Technological University-Daanbantayan Campus,7032,,Chartered State College/University (Satellite Campus),,Region VII (Central Visayas),,,,Cebu,CHED,true
Cebu Technological University-Danao City Campus,7033,,Chartered State College/University (Satellite Campus),,Region VII (Central Visayas),,,,"Danao City, Cebu",CHED,true
Cebu Technological University-Moalboal Campus,7035,,Chartered State College/University (Satellite Campus),,Region VII (Central Visayas),,,,Cebu,CHED,true
Cebu Technological University-San Francisco Campus,7036,,Chartered State College/University (Satellite Campus),,Region VII (Central Visayas),,,,Cebu,CHED,true
Cebu Technological University-Tuburan Campus,7037,,Chartered State College/University (Satellite Campus),,Region VII (Central Visayas),,,,"Tuburan, Cebu",CHED,true
Central Philippine Bible College,7143,,Private Sectarian Non-Stock,Private,Region VII (Central Visayas),,,,"PRK. TAMBIS, TILTILON, JUBAY, Liloan, Cebu",CHED,true
"Central Philippine Nazarene College, Inc.",7100,,Private Sectarian Non-Stock,Private,Region VII (Central Visayas),,,,"St. Mary's Drive Apas, Cebu City, Cebu",CHED,true
"Centre for International Education Global Colleges, Inc.",7113,,Private Non-Sectarian Stock,Private,Region VII (Central Visayas),,,,"168 President Magsaysay St.,Kasambagan, Mabolo, Cebu City, Cebu",CHED,true
Colegio de Getafe,7195,,Local Government College/University,,Region VII (Central Visayas),,,,"Purok 5, Poblacion, Getafe, Bohol",CHED,true
Colegio De Loboc,07197,,Local Government College/University,,Region VII (Central Visayas),,,,"Gotozon, Loboc, Bohol",CHED,true
"Colegio de San Antonio de Padua, Inc.",7136,,Private Non-Sectarian Non-Stock,Private,Region VII (Central Visayas),,,,"San Antonio National Road, Guinsay, Danao City, Cebu",CHED,true
"College of Technological Sciences-Cebu, Inc.",7026,,Private Non-Sectarian Non-Stock,Private,Region VII (Central Visayas),,,,"Natalio Bacalso Avenue, Sambag I , Cebu City, Cebu",CHED,true
Collegio de Loboc,7197,,Local Government College/University,,Region VII (Central Visayas),,,,"Gotozon, Loboc, Bohol",CHED,true
Collegium Societatis Angeli Pacis,7111,,Private Sectarian Stock,Private,Region VII (Central Visayas),,,,Cebu,CHED,true
"Consolatrix College of Toledo City, Inc.",7104,,Private Sectarian Non-Stock,Private,Region VII (Central Visayas),,,,"MAGSAYSAY HILLS, Toledo City, Cebu",CHED,true
Cordova Public College,7151,,Local Government College/University,,Region VII (Central Visayas),,,,"Gabi, Cordova, Cebu",CHED,true
"Cristal e-College, Inc.",7149,,Private Non-Sectarian Stock,Private,Region VII (Central Visayas),,,,"KM 15, CENTRAL HIGHWAY, , Tawala, Panglao, Bohol",CHED,true
Cristal e-College-Tagbilaran,7137,,Private Non-Sectarian Stock,Private,Region VII (Central Visayas),,,,Bohol,CHED,true
Danao Technological College,7198,,Local Government College/University,,Region VII (Central Visayas),,,,"Poblacion, Danao, Bohol",CHED,true
"De La Salle Andres Soriano Memorial College, Inc.",7094,,Private Non-Sectarian Non-Stock,Private,Region VII (Central Visayas),,,,"Don Andres Soriano, Toledo City, Cebu",CHED,true
"Divine Mercy Computer College, Inc.",07000,,Private Non-Stock Non-Profit Corporation,Private,Region VII (Central Visayas),,,,"3/F Tanchan Bldg., Colon St., Cebu City, Cebu",CHED,true
"Don Bosco Technical College-Cebu, Inc",7089,,Private Sectarian Non-Stock,Private,Region VII (Central Visayas),,,,"Pleasant Homes Subd., Punta Princesa, Cebu City, Cebu",CHED,true
Evangelical Theological College of the Philippines,7106,,Private Sectarian Non-Stock,Private,Region VII (Central Visayas),,,,"R. Duterte St., Banawa, Cebu City, Cebu",CHED,true
"Felipe R. Verallo Memorial Foundation, Inc.",7042,,Private Non-Sectarian Stock,Private,Region VII (Central Visayas),,,,"Clotilde Hills, Dakit, Bogo City, Cebu",CHED,true
Flight Dynamics School of Aeronautics,6015,,Private Non-Sectarian Non-Stock,Private,Region VII (Central Visayas),,,,"Pakpakan Road, Basak, Lapu-Lapu City, Cebu",CHED,true
"Golden Success College, Inc.",7166,,Private Non-Sectarian Non-Stock,Private,Region VII (Central Visayas),,,,"1297 V. RAMA COR. SINGSON STREET, GUADALUPE, Cebu City, Cebu",CHED,true
"Gullas College of Medicine, Inc.",7045,,Private Non-Sectarian Stock,Private,Region VII (Central Visayas),,,,"GOV M CUENCO AVENUE, BANILAD, Mandaue City, Cebu",CHED,true
Holy Name University,7040,,Private Sectarian Non-Stock,Private,Region VII (Central Visayas),,,,"Janssen Heights, Dampas, Tagbilaran City, Bohol",CHED,true
Holy Trinity College,7046,,Private Sectarian Non-Stock,Private,Region VII (Central Visayas),,,,"G. SINGCO STREET, Ginatilan, Cebu",CHED,true
"iACADEMY, Inc.",7209,,Private Non-Sectarian Non-Stock,Private,Region VII (Central Visayas),,,,"5F FILINVEST CEBU, CYBERZONE TOWER 2, SALINAS DRIVE COR. W. GEONZON ST., Apas, Cebu City, Cebu",CHED,true
Immaculate Heart of Mary Seminary,7047,,Private Sectarian Non-Stock,Private,Region VII (Central Visayas),,,,"Pacifico Cabalit Street, Tagbilaran City, Bohol",CHED,true
Inabanga College of Arts and Sciences,07212,,Local Government College/University,,Region VII (Central Visayas),,,,"Poblacion, Inabanga, Bohol",CHED,true
Indiana School of Aeronautics,7048,,Private Non-Sectarian Non-Stock,Private,Region VII (Central Visayas),,,,"IAU Town Center, Kagudoy Road, Basak, Lapu-Lapu City, Cebu",CHED,true
Informatics College Cebu,7184,,Private Non-Sectarian Stock,Private,Region VII (Central Visayas),,,,"NORTH ROAD, PITOGO, Consolacion, Cebu",CHED,true
Interface Computer College,7133,,Private Non-Sectarian Stock,Private,Region VII (Central Visayas),,,,"Cebu City, Cebu",CHED,true
"La Consolacion College-Liloan, Cebu, Inc.",7153,,Private Sectarian Stock,Private,Region VII (Central Visayas),,,,"Poblacion, Liloan, Cebu",CHED,true
Lapu-Lapu City College,7174,,Local Government College/University,,Region VII (Central Visayas),,,,"Don. B. Benedicto Road, Gun-ob, Lapu-Lapu City, Cebu",CHED,true
LapuLapu-Cebu International College Inc.,7206,,Private Non-Sectarian Non-Stock,Private,Region VII (Central Visayas),,,,"TICGAHON 1 ROAD BANKAL, Lapu-Lapu City, Cebu",CHED,true
Larmen De Guia Memorial College,7131,,Private Non-Sectarian Non-Stock,Private,Region VII (Central Visayas),,,,"UN Avenue Alang Alang, Mandaue City, Cebu",CHED,true
Lyceum of Cebu,7165,,Private Non-Sectarian Stock,Private,Region VII (Central Visayas),,,,"CAPITOL HILLS, BRGY. KALUNASAN, Cebu City, Cebu",CHED,true
Madridejos Community College,7155,,Local Government College/University,,Region VII (Central Visayas),,,,"BUNAKAN, Madridejos, Cebu",CHED,true
Mandaue City College,7164,,Local Government College/University,,Region VII (Central Visayas),,,,"Don Andres Soriano Ave., Mandaue City, Cebu",CHED,true
Manto Memorial Foundation College,0798T,,Private Non-Sectarian Foundation,Private,Region VII (Central Visayas),,,,"Bonifacio Street, Poblacion, Danao City, Cebu",CHED,true
"Mary Our Help Technical Institute for Women (Cebu), Incorporated",7176,,Private Sectarian Non-Stock,Private,Region VII (Central Visayas),,,,"Km 17 Tunghaan, Minglanilla, Cebu",CHED,true
"Mary's Children Formation College, Inc.",7134,,Private Sectarian Non-Stock,Private,Region VII (Central Visayas),,,,"SOUTH BOUNDARY ROAD, TUNGKOP, Minglanilla, Cebu",CHED,true
"Mater Dei College, Inc.",7053,,Private Sectarian Non-Stock,Private,Region VII (Central Visayas),,,,"NATIONAL HIGHWAY, Cabulihan, Tubigon, Bohol",CHED,true
"Matias H. Aznar Memorial College of Medicine, Inc.",7071,,Private Non-Sectarian Non-Stock,Private,Region VII (Central Visayas),,,,"R. Duterte St., Cebu City, Cebu",CHED,true
Maxino College-Dumaguete,7162,,Private Non-Sectarian Stock,Private,Region VII (Central Visayas),,,,Negros Oriental,CHED,true
MHAM College Inc.,7205,,Private Non-Sectarian Non-Stock,Private,Region VII (Central Visayas),,,,"R. DUTERTE ST., Cebu City, Cebu",CHED,true
"Microsystem International Institute of Technology, Inc.",7156,,Private Non-Sectarian Non-Stock,Private,Region VII (Central Visayas),,,,"PUROK TAMBIS UNO, Naga City, Cebu",CHED,true
"Mount Moriah College, Incorporated",7097,,Private Non-Sectarian Non-Stock,Private,Region VII (Central Visayas),,,,"Mabini, Poro, Cebu",CHED,true
National Aviation Academy of the Philippines,7058,,Chartered State College/University (Satellite Campus),,Region VII (Central Visayas),,,,"Brig Gen Benito N Ebuen Air Base, Lapu-Lapu City, Cebu",CHED,true
North Coast Bohol Institute Inc.,7210,,Private Non-Sectarian Non-Stock,Private,Region VII (Central Visayas),,,,"Poblacion, Talibon, Bohol",CHED,true
"Northeastern Cebu Colleges, Inc.",7120,,Private Non-Sectarian Non-Stock,Private,Region VII (Central Visayas),,,,"P.G. Almendras St., Poblacion, Danao City, Cebu",CHED,true
"Northern Cebu Colleges, Inc.",7055,,Private Non-Sectarian Non-Stock,Private,Region VII (Central Visayas),,,,"San Vicente Street, Bogo City, Cebu",CHED,true
NU Cebu Incorporated,00015,,Private Non-Sectarian Stock,Private,Region VII (Central Visayas),,,,"JUAN LUNA AVENUE CORNER XIAMEN AND KAOSHIUNG STREET, NORTH RECLAMATION AREA, Mabolo, Cebu City, Cebu",CHED,true
PMI Colleges-Bohol,7056,,Private Non-Sectarian Non-Stock,Private,Region VII (Central Visayas),,,,"P-2 Carlos P. Garcia Avenue, Tagbilaran City, Bohol",CHED,true
"Professional Academy of the Philippines, Inc.",7152,,Private Non-Sectarian Non-Stock,Private,Region VII (Central Visayas),,,,"South Poblacion, Naga City, Cebu",CHED,true
Rizwoods Colleges - Cebu City Campus,7207,,Private Non-Sectarian Stock,Private,Region VII (Central Visayas),,,,"#51 N.BACALSO AVE., SAMBAG 1, Cebu City, Cebu",CHED,true
Rizwoods Colleges - Liloan Cebu Campus,7208,,Private Non-Sectarian Stock,Private,Region VII (Central Visayas),,,,"PUROK WATER LILY, TABOK, LAMAC, YATI, Liloan, Cebu",CHED,true
"Rizwoods Colleges, Inc.",7183,,Private Non-Sectarian Stock,Private,Region VII (Central Visayas),,,,"#14 CABREROS ST., BASAK SAN NICOLAS, Cebu City, Cebu",CHED,true
Rizwoods Colleges-Lapu-Lapu City Campus,7190,,Private Non-Sectarian Non-Stock,Private,Region VII (Central Visayas),,,,"PAG-UTLAN, MARIBAGO, Lapu-Lapu City, Cebu",CHED,true
"Rogationist Seminary College-Cebu, Inc.",7135,,Private Sectarian Non-Stock,Private,Region VII (Central Visayas),,,,"St. John Street, Don Bosco Village, Pleasant Homes Subd, Cebu City, Cebu",CHED,true
Rosemont Hills Montessori College,7178,,Private Non-Sectarian Non-Stock,Private,Region VII (Central Visayas),,,,"Sabang, Danao City, Cebu",CHED,true
Royal Christian College,7091,,Private Non-Sectarian Non-Stock,Private,Region VII (Central Visayas),,,,"JS Alinsug St., Mandaue City, Cebu",CHED,true
Saint Louis College -Cebu,7175,,Private Sectarian Stock,Private,Region VII (Central Visayas),,,,"Mandaue City, Cebu",CHED,true
Saint Paul College Foundation,7022,,Private Non-Sectarian Non-Stock,Private,Region VII (Central Visayas),,,,Cebu,CHED,true
Salazar Colleges of Science and Institute of Technology,7064,,Private Non-Sectarian Non-Stock,Private,Region VII (Central Visayas),,,,"211, N. Bacalso Avenue, Cebu City, Cebu",CHED,true
Salazar Colleges of Science and Institute of Technology-Madridejos,7180,,Private Non-Sectarian Non-Stock,Private,Region VII (Central Visayas),,,,"T. Alonzo, Madridejos, Cebu",CHED,true
Salazar Colleges of Science and Institute of Technology-Talisay City,7189,,Private Non-Sectarian Non-Stock,Private,Region VII (Central Visayas),,,,Cebu,CHED,true
San Carlos Seminary College,7065,,Private Sectarian Non-Stock,Private,Region VII (Central Visayas),,,,"Pope John Paul II Avenue, Mabolo, Cebu City, Cebu",CHED,true
Seminaryo Mayor de San Carlos,7109,,Private Sectarian Non-Stock,Private,Region VII (Central Visayas),,,,"Pope John Paul 2 Ave, Cebu City, Cebu",CHED,true
Sibonga Community College,7171,,Local Government College/University,,Region VII (Central Visayas),,,,"Poblacion, Sibonga, Cebu",CHED,true
"Southwestern University, Inc.",7069,,Private Non-Sectarian Stock,Private,Region VII (Central Visayas),,,,"Villa Aznar, Urgello Street, Cabadiangan, Cebu City, Cebu",CHED,true
"St. Catherine's College, Inc.",7070,,Private Sectarian Non-Stock,Private,Region VII (Central Visayas),,,,"Poblacion I, Carcar City, Cebu",CHED,true
"St. Cecilia's College - Cebu, Inc.",7168,,Private Non-Sectarian Non-Stock,Private,Region VII (Central Visayas),,,,"Poblacion Ward II, Minglanilla, Cebu",CHED,true
"St. Louise de Marillac College of Bogo, Cebu Inc.",7107,,Private Sectarian Non-Stock,Private,Region VII (Central Visayas),,,,"Sor Dorotea Rubio Street, Bogo City, Cebu",CHED,true
St. Paul College Foundation-Mandaue,7124,,Private Non-Sectarian Non-Stock,Private,Region VII (Central Visayas),,,,Cebu,CHED,true
St. Theresa's College of Cebu,7063,,Private Sectarian Non-Stock,Private,Region VII (Central Visayas),,,,"DON RAMON ABOITIZ STREET, Cebu City, Cebu",CHED,true
"St. Vincent College, Inc.",07XXX1,,Private Non-Sectarian Non-Stock,Private,Region VII (Central Visayas),,,,"Cebu City, Cebu",CHED,true
STI College-Bohol,7138,,Private Non-Sectarian Stock,Private,Region VII (Central Visayas),,,,"Km. 8, National Road, Brgy. Tinago, Tinago, Dauis, Bohol",CHED,true
"STI EDUCATION SERVICES GROUP, INC - STI COLLEGE CEBU",07099,,Private Non-Sectarian Stock,Private,Region VII (Central Visayas),,,,"Salinas Drive, Lahug, Lahug , Cebu City, Cebu",CHED,true
Sto. Niño Mactan College Inc.,7191,,Private Non-Sectarian Non-Stock,Private,Region VII (Central Visayas),,,,"Mahayahay Street Soong 1 , Mactan, Lapu-Lapu City, Cebu",CHED,true
"Sto. Tomas College, Danao City, Inc.",7154,,Private Sectarian Non-Stock,Private,Region VII (Central Visayas),,,,"BONIFACIO ST., Danao City, Cebu",CHED,true
"Tabor Hills College-OAD, Inc.",7181,,Private Non-Sectarian Non-Stock,Private,Region VII (Central Visayas),,,,"San Jose, Cebu City, Cebu",CHED,true
Tagbilaran City College,7193,,Local Government College/University,,Region VII (Central Visayas),,,,"3rd Floor, New City Hall Building, Corner J.A. Clarin and Calceta Streets, Tagbilaran City, Bohol",CHED,true
Talibon Polytechnic College,7194,,Local Government College/University,,Region VII (Central Visayas),,,,"San Isidro, Talibon, Bohol",CHED,true
Talisay City College,7142,,Local Government College/University,,Region VII (Central Visayas),,,,"V.H. GARCES ST., POBLACION, Talisay City, Cebu",CHED,true
"The Concord Technical Institute, Inc.",7030,,Private Non-Sectarian Stock,Private,Region VII (Central Visayas),,,,"Cabreros St., Basak San Nicolas, Cebu City, Cebu",CHED,true
TRADE-TECH INTERNATIONAL SCIENCE INSTITUTE,07148,,Private Non-Sectarian Stock,Private,Region VII (Central Visayas),,,,"Cogon, Compostela, Cebu",CHED,true
Trinidad Municipal College,7074,,Local Government College/University,,Region VII (Central Visayas),,,,"Poblacion, Trinidad, Bohol",CHED,true
Ubay Community College,07214,,Local Government College/University,,Region VII (Central Visayas),,,,"Ubay, Bohol",CHED,true
University of Bohol,7075,,Private Non-Sectarian Stock,Private,Region VII (Central Visayas),,,,"Dr. Cecilio Putong St., Tagbilaran City, Bohol",CHED,true
University of Cebu,7077,,Private Non-Sectarian Non-Stock,Private,Region VII (Central Visayas),,,,"CORNER SANCIANGKO STREET AND OSMEÑA BOULEVARD, Cebu City, Cebu",CHED,true
"University of Cebu at Pardo and Talisay, Inc.",07022,,Private Non-Sectarian Non-Stock,Private,Region VII (Central Visayas),,,,"279 BULACAO, Cebu City, Cebu",CHED,true
"University of Cebu College of Medicine Foundation, Inc.",7187,,Private Non-Sectarian Stock,Private,Region VII (Central Visayas),,,,"OUANO AVENUE, SUBANGDAKU, Mandaue City, Cebu",CHED,true
University of Cebu-Banilad,7127,,Private Non-Sectarian Non-Stock,Private,Region VII (Central Visayas),,,,"6000 GOV. M. CUENCO AVE., Cebu City, Cebu",CHED,true
"University of Cebu-Lapulapu and Mandaue, Inc.",7092,,Private Non-Sectarian Non-Stock,Private,Region VII (Central Visayas),,,,"A.C. CORTES AVENUE, Looc, Mandaue City, Cebu",CHED,true
University of San Carlos,7078,,Private Sectarian Non-Stock,Private,Region VII (Central Visayas),,,,"P. DEL ROSARIO ST.,, Cebu City, Cebu",CHED,true
University of San Jose-Recoletos,7079,,Private Sectarian Non-Stock,Private,Region VII (Central Visayas),,,,"Corner P. Lopez and Magallanes Street, Cebu City, Cebu",CHED,true
University of San Jose-Recoletos - Balamban Campus,000T2,,Private Sectarian Non-Stock,Private,Region VII (Central Visayas),,,,"Arpili, Balamban, Cebu",CHED,true
"University of Southern Philippines Foundation, Inc.",7080,,Private Non-Sectarian Non-Stock,Private,Region VII (Central Visayas),,,,"SALINAS DRIVE, Lahug , Cebu City, Cebu",CHED,true
University of the Philippines - Cebu,7082,,Chartered State College/University (Satellite Campus),,Region VII (Central Visayas),,,,"Gorordo Avenue, Lahug , Cebu City, Cebu",CHED,true
University of the Visayas,7081,,Private Non-Sectarian Non-Stock,Private,Region VII (Central Visayas),,,,"COR. D. JAKOSALEM AND COLON STREET, Cebu City, Cebu",CHED,true
University of the Visayas -Gullas College Danao City Branch,7117,,Private Non-Sectarian Non-Stock,Private,Region VII (Central Visayas),,,,"Danao City, Cebu",CHED,true
University of The Visayas-Dalaguete Campus,7158,,Private Non-Sectarian Non-Stock,Private,Region VII (Central Visayas),,,,"Poblacion, Dalaguete, Cebu",CHED,true
University of the Visayas-Gullas College Minglanilla Campus,7139,,Private Non-Sectarian Non-Stock,Private,Region VII (Central Visayas),,,,Cebu,CHED,true
University of the Visayas-Mandaue Campus,7050,,Private Non-Sectarian Non-Stock,Private,Region VII (Central Visayas),,,,"Mandaue City, Cebu",CHED,true
University of the Visayas-Toledo City Campus,7072,,Private Non-Sectarian Non-Stock,Private,Region VII (Central Visayas),,,,"Sergio Osmeña Sr., Toledo City, Cebu",CHED,true
Velez College Inc.,7084,,Private Non-Sectarian Non-Stock,Private,Region VII (Central Visayas),,,,"79 F. Ramos Street, Cebu City, Cebu",CHED,true
"ABE INTERNATIONAL COLLEGE OF BUSINESS AND ECONOMICS-TACLOBAN CITY, INC.",08091,,Private Non-Sectarian Non-Stock,Private,Region VIII (Eastern Visayas),,,,"Salazar, Barangay 44-A, Tacloban City, Leyte",CHED,true
ABUYOG COMMUNITY COLLEGE,08001,,Local Government College/University,,Region VIII (Eastern Visayas),,,,"Guintagbucan , Abuyog, Leyte",CHED,true
ACLC COLLEGE - TACLOBAN,08108,,Private Non-Sectarian Stock,Private,Region VIII (Eastern Visayas),,,,"Real Street, Barangay 48, Tacloban City, Leyte",CHED,true
"ACLC COLLEGE OF ORMOC CITY, INC.",08116,,Private Non-Sectarian Non-Stock,Private,Region VIII (Eastern Visayas),,,,"Lilia Avenue, Cogon Combado, Ormoc City, Leyte",CHED,true
"AMA COMPUTER COLLEGE - TACLOBAN CITY, INC.",08087,,Private Non-Sectarian Stock,Private,Region VIII (Eastern Visayas),,,,"No. 104 Avenida Veteranos Avenue, Tambidao, Tacloban City, Leyte",CHED,true
"ASIA COLLEGE OF ADVANCED STUDIES IN ARTS, SCIENCES AND TECHNOLOGY INC.",08096,,Private Non-Sectarian Non-Stock,Private,Region VIII (Eastern Visayas),,,,"Bobon, Sta. Clara, Bobon, Northern Samar",CHED,true
"ASIAN DEVELOPMENT FOUNDATION COLLEGE, INC.",08002,,Private Non-Sectarian Non-Stock,Private,Region VIII (Eastern Visayas),,,,"P. Burgos St., Tacloban City, Leyte",CHED,true
"BATO INSTITUTE OF SCIENCE AND TECHNOLOGY, INC.",08073,,Private Non-Sectarian Stock,Private,Region VIII (Eastern Visayas),,,,"Jose P. Rizal Street, Dolho, Bato, Leyte",CHED,true
BILIRAN PROVINCE STATE UNIVERSITY-BILIRAN CAMPUS,08005,,Chartered State College/University (Satellite Campus),,Region VIII (Eastern Visayas),,,,"San Isidro, Biliran, Biliran",CHED,true
BILIRAN PROVINCE STATE UNIVERSITY-MAIN CAMPUS,08030,,Chartered State College/University (Main),,Region VIII (Eastern Visayas),,,,"P. Inocentes, Padre Inocentes Garcia , Naval , Biliran",CHED,true
BURAUEN COMMUNITY COLLEGE,08147,,Local Government College/University,,Region VIII (Eastern Visayas),,,,"San Diego, Poblacion District IX, Burauen, Leyte",CHED,true
CALBIGA WESTERN SAMAR COLLEGE,08112,,Private Non-Sectarian Non-Stock,Private,Region VIII (Eastern Visayas),,,,"Polangi, Calbiga, Samar",CHED,true
"CHRIST THE KING COLLEGE OF CALBAYOG CITY, INC.",08008,,Private Sectarian Non-Stock,Private,Region VIII (Eastern Visayas),,,,"499, Magsaysay Boulevard, Awang East , Calbayog City, Samar",CHED,true
CITY COLLEGE OF ORMOC,08151,,Local Government College/University,,Region VIII (Eastern Visayas),,,,"Aunubing St., Cogon Combado, Ormoc City, Leyte",CHED,true
COLEGIO DE LA SALLE FONDATION DE TACLOBAN INC.,08104,,Private Non-Sectarian Non-Stock,Private,Region VIII (Eastern Visayas),,,,"110 Real St., Barangay 75, Tacloban City, Leyte",CHED,true
COLEGIO DE LAS NAVAS,08110,,Local Government College/University,,Region VIII (Eastern Visayas),,,,"08TH STREET, H. Jolejole District , Las Navas, Northern Samar",CHED,true
"COLEGIO DE SAN JUAN SAMAR, INC.",08101,,Private Non-Sectarian Non-Stock,Private,Region VIII (Eastern Visayas),,,,"FEEDER ROAD, Libertad, Lavezares, Northern Samar",CHED,true
"COLEGIO DE SAN LORENZO RUIZ DE MANILA OF NORTHERN SAMAR, INC.",08047,,Private Non-Sectarian Non-Stock,Private,Region VIII (Eastern Visayas),,,,"J.P. Rizal, Calachuchi , Catarman , Northern Samar",CHED,true
"COLEGIO DE STA. LOURDES OF LEYTE FOUNDATION,INC.",08102,,Private Non-Sectarian Non-Stock,Private,Region VIII (Eastern Visayas),,,,"Adams, Tabontabon, Leyte",CHED,true
"DOÑA REMEDIOS TRINIDAD-ROMUALDEZ EDUCATIONAL FOUNDATION, INC.",08012,,Private Non-Sectarian Non-Stock,Private,Region VIII (Eastern Visayas),,,,"Calanipawan Road, Barangay 96, Tacloban City, Leyte",CHED,true
"DR. V. ORESTES ROMUALDEZ EDUCATIONAL FOUNDATION, INC.",08011,,Private Non-Sectarian Non-Stock,Private,Region VIII (Eastern Visayas),,,,"Calanipawan Road, Barangay 96, Tacloban City, Leyte",CHED,true
EASTERN SAMAR STATE UNIVERSITY-CAN-AVID CAMPUS,08006,,Chartered State College/University (Satellite Campus),,Region VIII (Eastern Visayas),,,,"National Road, Barangay 10 Poblacion, Can-Avid, Eastern Samar",CHED,true
EASTERN SAMAR STATE UNIVERSITY-GUIUAN CAMPUS,08014,,Chartered State College/University (Satellite Campus),,Region VIII (Eastern Visayas),,,,"Msgr. Guimbaolibot Avenue, Salug, Guiuan, Eastern Samar",CHED,true
EASTERN SAMAR STATE UNIVERSITY-MAIN CAMPUS,08013,,Chartered State College/University (Main),,Region VIII (Eastern Visayas),,,,"National Road, Maypangdan, Borongan City, Eastern Samar",CHED,true
EASTERN SAMAR STATE UNIVERSITY-MAYDOLONG CAMPUS,08111,,Chartered State College/University (Satellite Campus),,Region VIII (Eastern Visayas),,,,"NATIONAL HIGHWAY, Campakerit, Maydolong, Eastern Samar",CHED,true
EASTERN SAMAR STATE UNIVERSITY-SALCEDO CAMPUS,08050,,Chartered State College/University (Satellite Campus),,Region VIII (Eastern Visayas),,,,"NATIONAL HIGHWAY, Naparaan, Salcedo, Eastern Samar",CHED,true
"EASTERN VISAYAS CENTRAL COLLEGES, INC.",08086,,Private Non-Sectarian Non-Stock,Private,Region VIII (Eastern Visayas),,,,"PUROK 1, Dalakit , Catarman , Northern Samar",CHED,true
EASTERN VISAYAS STATE UNIVERSITY-BURAUEN CAMPUS,08061,,Chartered State College/University (Satellite Campus),,Region VIII (Eastern Visayas),,,,"Burauen, Leyte",CHED,true
EASTERN VISAYAS STATE UNIVERSITY-CARIGARA CAMPUS,08007,,Chartered State College/University (Satellite Campus),,Region VIII (Eastern Visayas),,,,"Real Street, Barugohay Norte, Carigara, Leyte",CHED,true
EASTERN VISAYAS STATE UNIVERSITY-DULAG CAMPUS,08149,,Chartered State College/University (Satellite Campus),,Region VIII (Eastern Visayas),,,,"RAWIS ROAD, Combis, Dulag, Leyte",CHED,true
EASTERN VISAYAS STATE UNIVERSITY-MAIN CAMPUS,08021,,Chartered State College/University (Main),,Region VIII (Eastern Visayas),,,,"Archbishop Lino R. Gonzaga Avenue, Barangay 42-A, Tacloban City, Leyte",CHED,true
EASTERN VISAYAS STATE UNIVERSITY-ORMOC CAMPUS,08085,,Chartered State College/University (Satellite Campus),,Region VIII (Eastern Visayas),,,,"Don Felipe Larrazabal, Ormoc City, Leyte",CHED,true
EASTERN VISAYAS STATE UNIVERSITY-TANAUAN CAMPUS,08024,,Chartered State College/University (Satellite Campus),,Region VIII (Eastern Visayas),,,,"Havana, San Miguel , Tanauan, Leyte",CHED,true
"FRANCISCAN COLLEGE OF THE IMMACULATE CONCEPTION, BAYBAY, LEYTE, INCORPORATED",08015,,Private Sectarian Non-Stock,Private,Region VIII (Eastern Visayas),,,,"A. Bonifacio St., Poblacion Zone 1, Baybay City, Leyte",CHED,true
"GLOBAL SCHOOL FOR TECHNOLOGICAL STUDIES, INC.",08145,,Private Non-Sectarian Non-Stock,Private,Region VIII (Eastern Visayas),,,,"National Highway, Macagtas, Catarman , Northern Samar",CHED,true
"HOLY CROSS COLLEGE OF CARIGARA, INC.",08074,,Private Sectarian Non-Stock,Private,Region VIII (Eastern Visayas),,,,"Rebolledo Street, Ponong , Carigara, Leyte",CHED,true
"HOLY INFANT COLLEGE OF TACLOBAN CITY, INC.",08017,,Private Sectarian Non-Stock,Private,Region VIII (Eastern Visayas),,,,"Benigno Aquino Avenue, Barangay 50-A, Tacloban City, Leyte",CHED,true
"HOLY SPIRIT COLLEGE FOUNDATION IN LEYTE, INC.",08093,,Private Non-Sectarian Stock,Private,Region VIII (Eastern Visayas),,,,"Torres, Barangay 38, Tacloban City, Leyte",CHED,true
"HOLY VIRGIN OF SALVACION FOUNDATION COLLEGE, INC.",08105,,Private Non-Sectarian Stock,Private,Region VIII (Eastern Visayas),,,,"San Jose, Burayan, San Jose, Barangay 83-A, Tacloban City, Leyte",CHED,true
"JE MONDEJAR COMPUTER COLLEGE, INC.",08067,,Private Non-Sectarian Stock,Private,Region VIII (Eastern Visayas),,,,"Pasuc, Tacloban City, Leyte",CHED,true
LEYTE COLLEGES,08020,,Private Non-Sectarian Stock,Private,Region VIII (Eastern Visayas),,,,"Paterno Street, Barangay 46, Tacloban City, Leyte",CHED,true
LEYTE NORMAL UNIVERSITY,08023,,Chartered State College/University (Main),,Region VIII (Eastern Visayas),,,,"Paterno Street, Tacloban City, Leyte",CHED,true
"MATER DIVINAE GRATIAE COLLEGE, INC.",08068,,Private Sectarian Non-Stock,Private,Region VIII (Eastern Visayas),,,,"Picardo Airport, Barangay 12 , Dolores, Eastern Samar",CHED,true
MLG COLLEGE OF LEARNING INC.,08094,,Private Non-Sectarian Stock,Private,Region VIII (Eastern Visayas),,,,"National Highway, Atabay, Hilongos, Leyte",CHED,true
"NORTHERN SAMAR COLLEGES, INC.",08095,,Private Non-Sectarian Stock,Private,Region VIII (Eastern Visayas),,,,"Purok 1, Dalakit , Catarman , Northern Samar",CHED,true
NORTHWEST SAMAR STATE UNIVERSITY-MAIN CAMPUS,08055,,Chartered State College/University (Main),,Region VIII (Eastern Visayas),,,,"Rueda Extension, Balud, Calbayog City, Samar",CHED,true
NORTHWEST SAMAR STATE UNIVERSITY-SAN JORGE CAMPUS,08043,,Chartered State College/University (Satellite Campus),,Region VIII (Eastern Visayas),,,,"National Road, Erenas, San Jorge, Samar",CHED,true
"OUR LADY MERCY COLLEGE OF EASTERN SAMAR, INC.",08072,,Private Non-Sectarian Non-Stock,Private,Region VIII (Eastern Visayas),,,,"MAHARLIKA HI-WAY, Locso-on, Borongan City, Eastern Samar",CHED,true
PALOMPON INSTITUTE OF TECHNOLOGY,08032,,Chartered State College/University (Main),,Region VIII (Eastern Visayas),,,,"Evangelista Street, Guiwan 2 , Palompon, Leyte",CHED,true
PALOMPON INSTITUTE OF TECHNOLOGY-TABANGO CAMPUS,08069,,Chartered State College/University (Satellite Campus),,Region VIII (Eastern Visayas),,,,"Sitio Otabon, Poblacion, Tabango, Leyte",CHED,true
SACRED HEART SEMINARY,08036,,Private Sectarian Non-Stock,Private,Region VIII (Eastern Visayas),,,,"National Road St., Salvacion, Palo, Leyte",CHED,true
SAINT ARNOLD JANSSEN COLLEGE OF TACLOBAN,08148,,Private Non-Sectarian Non-Stock,Private,Region VIII (Eastern Visayas),,,,"Sta. Cruz Street, Barangay 44-A, Tacloban City, Leyte",CHED,true
"SAINT JOSEPH COLLEGE, MAASIN, LEYTE",08038,,Private Sectarian Stock,Private,Region VIII (Eastern Visayas),,,,"Tunga-tunga, Maasin City, Southern Leyte",CHED,true
"SAINT MICHAEL COLLEGE OF HINDANG, LEYTE, INC.",08092,,Private Non-Sectarian Non-Stock,Private,Region VIII (Eastern Visayas),,,,"A. Bonifacio Street, Poblacion 2, Hindang, Leyte",CHED,true
"SAINT PAUL SCHOOL OF PROFESSIONAL STUDIES, INC.",08052,,Private Non-Sectarian Non-Stock,Private,Region VIII (Eastern Visayas),,,,"Campetik, Palo, Leyte",CHED,true
SAMAR COLLEGES,08042,,Private Non-Sectarian Stock,Private,Region VIII (Eastern Visayas),,,,"Mabini Avenue, Poblacion 2, Catbalogan City, Samar",CHED,true
SAMAR STATE UNIVERSITY-BASEY CAMPUS,08045b,,Chartered State College/University (Satellite Campus),,Region VIII (Eastern Visayas),,,,"Dolongan, Basey, Samar",CHED,true
SAMAR STATE UNIVERSITY-MAIN CAMPUS,08045,,Chartered State College/University (Main),,Region VIII (Eastern Visayas),,,,"ARTECHE BOULEVARD, Guindapunan, Catbalogan City, Samar",CHED,true
SAMAR STATE UNIVERSITY-MERCEDES CAMPUS,08044,,Chartered State College/University (Satellite Campus),,Region VIII (Eastern Visayas),,,,"PUROK 7-A, Mercedes, Catbalogan City, Samar",CHED,true
SAMAR STATE UNIVERSITY-PARANAS CAMPUS,08113,,Chartered State College/University (Satellite Campus),,Region VIII (Eastern Visayas),,,,"Purok 4, Lipata, Paranas, Samar",CHED,true
SAN LORENZO RUIZ COLLEGE OF ORMOC,08107,,Private Non-Sectarian Non-Stock,Private,Region VIII (Eastern Visayas),,,,"San Pablo, Ormoc City, Leyte",CHED,true
SOUTHERN LEYTE STATE UNIVERSITY-BONTOC CAMPUS,08034,,Chartered State College/University (Satellite Campus),,Region VIII (Eastern Visayas),,,,"San Ramon , Bontoc, Southern Leyte",CHED,true
SOUTHERN LEYTE STATE UNIVERSITY-HINUNANGAN CAMPUS,08048,,Chartered State College/University (Satellite Campus),,Region VIII (Eastern Visayas),,,,"SLSU Road, Ambacon, Hinunangan, Southern Leyte",CHED,true
SOUTHERN LEYTE STATE UNIVERSITY-MAASIN CITY CAMPUS,08117,,Chartered State College/University (Satellite Campus),,Region VIII (Eastern Visayas),,,,"Enage St., Tunga-tunga, Maasin City, Southern Leyte",CHED,true
SOUTHERN LEYTE STATE UNIVERSITY-MAIN CAMPUS,08049,,Chartered State College/University (Main),,Region VIII (Eastern Visayas),,,,"San Roque , Sogod, Southern Leyte",CHED,true
SOUTHERN LEYTE STATE UNIVERSITY-SAN JUAN CAMPUS,08046,,Chartered State College/University (Satellite Campus),,Region VIII (Eastern Visayas),,,,"San Jose , San Juan, Southern Leyte",CHED,true
SOUTHERN LEYTE STATE UNIVERSITY-TOMAS OPPUS CAMPUS,08056,,Chartered State College/University (Satellite Campus),,Region VIII (Eastern Visayas),,,,"San Isidro, Tomas Oppus, Southern Leyte",CHED,true
ST. JOHN THE EVANGELIST SCHOOL OF THEOLOGY INC.,08100,,Private Sectarian Non-Stock,Private,Region VIII (Eastern Visayas),,,,"Salvacion, Palo, Leyte",CHED,true
"ST. MARY'S COLLEGE OF BORONGAN, INC.",08039,,Private Sectarian Non-Stock,Private,Region VIII (Eastern Visayas),,,,"E. CINCO ST., Barangay A , Borongan City, Eastern Samar",CHED,true
ST. MARY'S COLLEGE OF CATBALOGAN INC.,08035,,Private Sectarian Non-Stock,Private,Region VIII (Eastern Visayas),,,,"Del Rosario St. Corner Mabini, Poblacion 1, Catbalogan City, Samar",CHED,true
"ST. PETER'S COLLEGE OF ORMOC, INC.",08040,,Private Sectarian Non-Stock,Private,Region VIII (Eastern Visayas),,,,"Fr. Ismael Cata-ag, Barangay South, Ormoc City, Leyte",CHED,true
"ST. SCHOLASTICA'S COLLEGE TACLOBAN, INC.",08088,,Private Non-Sectarian Non-Stock,Private,Region VIII (Eastern Visayas),,,,"Maharlika Highway, Campetik, Palo, Leyte",CHED,true
"ST. THOMAS AQUINAS COLLEGE OF SOGOD S. LEYTE, INC.",08053,,Private Sectarian Non-Stock,Private,Region VIII (Eastern Visayas),,,,"Corner Conception and Bagares Street, Zone IV , Sogod, Southern Leyte",CHED,true
ST. VINCENT DE PAUL COLLEGE SEMINARY,08041,,Private Sectarian Non-Stock,Private,Region VIII (Eastern Visayas),,,,"Dagum Hills, Dagum, Calbayog City, Samar",CHED,true
"STI COLLEGE - ORMOC, INC.",08083,,Private Non-Sectarian Foundation,Private,Region VIII (Eastern Visayas),,,,"Centrum Mall, Aviles St., Ormoc City, Leyte",CHED,true
"STO. NIÑO COLLEGE OF ORMOC, INC.",08054,,Private Non-Sectarian Stock,Private,Region VIII (Eastern Visayas),,,,"Sto. Niño Avenue, Doña Feliza Z. Mejia, Ormoc City, Leyte",CHED,true
Syntacs Computer College,-,,Private Non-Sectarian Non-Stock,Private,Region VIII (Eastern Visayas),,,,"Lelia Avenue, Poblacion, Leyte, Leyte",CHED,true
"TAN TING BING MEMORIAL COLLEGES FOUNDATION, INC.",08144,,Private Non-Sectarian Non-Stock,Private,Region VIII (Eastern Visayas),,,,"Quezon Street, Poblacion Norte, San Isidro, Northern Samar",CHED,true
THE COLLEGE OF MAASIN,08009,,Private Sectarian Non-Stock,Private,Region VIII (Eastern Visayas),,,,"R. KANGLEON STREET, Tunga-tunga, Maasin City, Southern Leyte",CHED,true
UNIVERSITY OF EASTERN PHILIPPINES,08057,,Chartered State College/University (Main),,Region VIII (Eastern Visayas),,,,"University Town, Cawayan, Catarman , Northern Samar",CHED,true
UNIVERSITY OF EASTERN PHILIPPINES-LAOANG CAMPUS,08019,,Chartered State College/University (Satellite Campus),,Region VIII (Eastern Visayas),,,,"KAHUNDIT STREET, San Miguel Heights , Laoang, Northern Samar",CHED,true
UNIVERSITY OF EASTERN PHILIPPINES-PEDRO REBADULLA MEMORIAL CAMPUS,08033,,Chartered State College/University (Satellite Campus),,Region VIII (Eastern Visayas),,,,"Adams, Catubig, Northern Samar",CHED,true
UNIVERSITY OF THE PHILIPPINES TACLOBAN COLLEGE,08058,,Chartered State College/University (Satellite Campus),,Region VIII (Eastern Visayas),,,,"Magsaysay Boulevard, Barangay 2, Tacloban City, Leyte",CHED,true
VISAYAS STATE UNIVERSITY- MAIN,08059,,Chartered State College/University (Main),,Region VIII (Eastern Visayas),,,,"Visca, Pangasungan, Baybay City, Leyte",CHED,true
VISAYAS STATE UNIVERSITY-ALANG-ALANG CAMPUS,08025,,Chartered State College/University (Satellite Campus),,Region VIII (Eastern Visayas),,,,"Binongtoan, Alangalang, Leyte",CHED,true
VISAYAS STATE UNIVERSITY-ISABEL CAMPUS,08018,,Chartered State College/University (Satellite Campus),,Region VIII (Eastern Visayas),,,,"National Highway, Marvel , Isabel, Leyte",CHED,true
VISAYAS STATE UNIVERSITY-TOLOSA CAMPUS,08026,,Chartered State College/University (Satellite Campus),,Region VIII (Eastern Visayas),,,,"Maharlika Highway, Tanghas, Tolosa, Leyte",CHED,true
VISAYAS STATE UNIVERSITY-VILLABA CAMPUS,08022,,Chartered State College/University (Satellite Campus),,Region VIII (Eastern Visayas),,,,"Purok 4, Cagnocot, Villaba, Leyte",CHED,true
"WESTERN LEYTE COLLEGE OF ORMOC CITY, INC.",08060,,Private Non-Sectarian Stock,Private,Region VIII (Eastern Visayas),,,,"A. Bonifacio Street, San Pablo, Ormoc City, Leyte",CHED,true
"ACLC College of Bukidnon, Inc.",10115,,Private Non-Sectarian Non-Stock,Private,Region X (Northern Mindanao),,,,"3535 TS Bldg., Sayre HighWay, Hagkol, Valencia City, Bukidnon",CHED,true
Adventist Medical Center College,12039,,Private Sectarian Non-Stock,Private,Region X (Northern Mindanao),,,,"Pinesville Street, San Miguel, Iligan City, Lanao del Norte",CHED,true
AMA Computer College-Cagayan de Oro,10101,,Private Non-Sectarian Non-Stock,Private,Region X (Northern Mindanao),,,,"Cagayan De Oro City, Misamis Oriental",CHED,true
Asian College of Science and Technology (DEFUNCT),10099,,Private Non-Sectarian Stock,Private,Region X (Northern Mindanao),,,,"Cagayan De Oro City, Misamis Oriental",CHED,true
Blessed Mother College,10012,,Private Non-Sectarian Non-Stock,Private,Region X (Northern Mindanao),,,,"Cagayan De Oro City, Misamis Oriental",CHED,true
Bukidnon State University,10014,,Chartered State College/University (Main),,Region X (Northern Mindanao),,,,"Malaybalay City, Bukidnon",CHED,true
Bukidnon State University - MOGCHS External Studies Center,NEW,,Chartered State College/University (Satellite Campus),,Region X (Northern Mindanao),,,,"Cagayan De Oro City, Misamis Oriental",CHED,true
Bukidnon State University-Alubijid ESC,10014a,,Chartered State College/University (Satellite Campus),,Region X (Northern Mindanao),,,,"Alubijid, Misamis Oriental",CHED,true
Bukidnon State University-Baungon,10014b,,Chartered State College/University (Satellite Campus),,Region X (Northern Mindanao),,,,"Purok 4, Imbatug , Baungon, Bukidnon",CHED,true
Bukidnon State University-Cabanglasan ESC,10134,,Chartered State College/University (Satellite Campus),,Region X (Northern Mindanao),,,,"Cabanglasan, Bukidnon",CHED,true
Bukidnon State University-Damulog Satellite ESC,10135,,Chartered State College/University (Satellite Campus),,Region X (Northern Mindanao),,,,"Damulog, Bukidnon",CHED,true
Bukidnon State University-Impasugong,10139,,Chartered State College/University (Satellite Campus),,Region X (Northern Mindanao),,,,"Impasug-ong, Bukidnon",CHED,true
Bukidnon State University-Kadingilan,10014z,,Chartered State College/University (Satellite Campus),,Region X (Northern Mindanao),,,,"Kadingilan, Bukidnon",CHED,true
Bukidnon State University-Kalilangan BSU,10014f,,Chartered State College/University (Satellite Campus),,Region X (Northern Mindanao),,,,"Kalilangan, Bukidnon",CHED,true
Bukidnon State University-Kitaotao Satellite ESC,10136,,Chartered State College/University (Satellite Campus),,Region X (Northern Mindanao),,,,"Kitaotao, Bukidnon",CHED,true
Bukidnon State University-Libona,10014aa,,Chartered State College/University (Satellite Campus),,Region X (Northern Mindanao),,,,"Libona, Bukidnon",CHED,true
Bukidnon State University-Malitbog,10014y,,Chartered State College/University (Satellite Campus),,Region X (Northern Mindanao),,,,"Malitbog, Bukidnon",CHED,true
Bukidnon State University-Medina ESC,10014l,,Chartered State College/University (Satellite Campus),,Region X (Northern Mindanao),,,,"Medina, Misamis Oriental",CHED,true
Bukidnon State University-Quezon Satellite ESC,10137,,Chartered State College/University (Satellite Campus),,Region X (Northern Mindanao),,,,"Quezon, Bukidnon",CHED,true
Bukidnon State University-San Fernando Satellite ESC,10138,,Chartered State College/University (Satellite Campus),,Region X (Northern Mindanao),,,,"San Fernando, Bukidnon",CHED,true
Bukidnon State University-Sugbongcogon ESC,10014t,,Chartered State College/University (Satellite Campus),,Region X (Northern Mindanao),,,,"Sugbongcogon, Misamis Oriental",CHED,true
Bukidnon State University-Talakag BSU,10014v,,Chartered State College/University (Satellite Campus),,Region X (Northern Mindanao),,,,"Talakag, Bukidnon",CHED,true
Bukidnon State University-Talisayan ESC,10014w,,Chartered State College/University (Satellite Campus),,Region X (Northern Mindanao),,,,"Talisayan, Misamis Oriental",CHED,true
Cagayan De Oro College,10018,,Private Non-Sectarian Stock,Private,Region X (Northern Mindanao),,,,"Cagayan De Oro City, Misamis Oriental",CHED,true
Cagayan de Oro College - Iligan Campus,10143,,Private Non-Sectarian Stock,Private,Region X (Northern Mindanao),,,,"Iligan City, Lanao del Norte",CHED,true
Camiguin Polytechnic State College,10020,,Chartered State College/University (Main),,Region X (Northern Mindanao),,,,Camiguin,CHED,true
Capitol University,10017,,Private Non-Sectarian Stock,Private,Region X (Northern Mindanao),,,,"Corrales Ext., Corner Osmeña Street, Balulang, Cagayan De Oro City, Misamis Oriental",CHED,true
Central Mindanao University,10022,,Chartered State College/University (Main),,Region X (Northern Mindanao),,,,"Maramag, Bukidnon",CHED,true
Christ the King College,10023,,Private Sectarian Non-Stock,Private,Region X (Northern Mindanao),,,,"Gingoog City, Misamis Oriental",CHED,true
"Christ the King College de Maranding, Inc.",12094,,Private Sectarian Non-Stock,Private,Region X (Northern Mindanao),,,,"Lala, Lanao del Norte",CHED,true
City College of El Salvador,10126,,Local Government College/University,,Region X (Northern Mindanao),,,,"El Salvador City, Misamis Oriental",CHED,true
Colegio de Iligan (DEFUNCT),NEW,,Local Government College/University,,Region X (Northern Mindanao),,,,"Iligan City, Lanao del Norte",CHED,true
Colegio de Kapatagan,NEW,,Local Government College/University,,Region X (Northern Mindanao),,,,"Kapatagan, Lanao del Norte",CHED,true
Colegio De Santo Niño De Jasaan,10024,,Private Non-Sectarian Non-Stock,Private,Region X (Northern Mindanao),,,,"Jasaan, Misamis Oriental",CHED,true
Don Carlos Polytechnic College,10116,,Local Government College/University,,Region X (Northern Mindanao),,,,"Don Carlos, Bukidnon",CHED,true
"Dr. Solomon U. Molina College, Inc.",10107,,Private Non-Sectarian Non-Stock,Private,Region X (Northern Mindanao),,,,"Oroquieta City, Misamis Occidental",CHED,true
Faith Hospital School of Midwifery,NEW,,Private Non-Sectarian Non-Stock,Private,Region X (Northern Mindanao),,,,"Ozamiz City, Misamis Occidental",CHED,true
"Fatima College of Camiguin, Inc.",10029,,Private Sectarian Non-Stock,Private,Region X (Northern Mindanao),,,,"Mambajao , Camiguin",CHED,true
Gingoog Christian College,10031,,Private Sectarian Non-Stock,Private,Region X (Northern Mindanao),,,,"Gingoog City, Misamis Oriental",CHED,true
"Gingoog City Colleges, Inc.",10030,,Private Non-Sectarian Stock,Private,Region X (Northern Mindanao),,,,"Gingoog City, Misamis Oriental",CHED,true
Gingoog City United College,10127,,Local Government College/University,,Region X (Northern Mindanao),,,,"Gingoog City, Misamis Oriental",CHED,true
Golden Heritage Polytechnic College,10059,,Private Non-Sectarian Non-Stock,Private,Region X (Northern Mindanao),,,,"Cagayan De Oro City, Misamis Oriental",CHED,true
"IBA College of Mindanao, Inc.",10117,,Private Non-Sectarian Non-Stock,Private,Region X (Northern Mindanao),,,,"Valencia City, Bukidnon",CHED,true
Iligan Capitol College,12018,,Private Non-Sectarian Stock,Private,Region X (Northern Mindanao),,,,"Iligan City, Lanao del Norte",CHED,true
Iligan Medical Center College,12020,,Private Non-Sectarian Stock,Private,Region X (Northern Mindanao),,,,"Iligan City, Lanao del Norte",CHED,true
Initao College,10112,,Local Government College/University,,Region X (Northern Mindanao),,,,"Baybay, Initao, Misamis Oriental",CHED,true
"John Buco Colegio de Jimenez, Inc.",10109,,Private Non-Sectarian Stock,Private,Region X (Northern Mindanao),,,,"8RXH+3XR, Dicoloc, Jimenez, Misamis Occidental",CHED,true
"Juanito K. La Viña Sr. Colleges, Inc.",10144,,Private Non-Sectarian Stock,Private,Region X (Northern Mindanao),,,,"Kalilangan, Bukidnon",CHED,true
La Salle University,10034,,Private Sectarian Non-Stock,Private,Region X (Northern Mindanao),,,,"Ozamiz City, Misamis Occidental",CHED,true
"Lanao School of Science and Technology, Inc.",12096,,Private Non-Sectarian Stock,Private,Region X (Northern Mindanao),,,,"Lala, Lanao del Norte",CHED,true
Liceo De Cagayan University,10036,,Private Non-Sectarian Non-Stock,Private,Region X (Northern Mindanao),,,,"Cagayan De Oro City, Misamis Oriental",CHED,true
Lourdes College,10037,,Private Sectarian Non-Stock,Private,Region X (Northern Mindanao),,,,"Cagayan De Oro City, Misamis Oriental",CHED,true
Lyceum of Iligan Foundation,12090,,Private Non-Sectarian Non-Stock,Private,Region X (Northern Mindanao),,,,"Iligan City, Lanao del Norte",CHED,true
Magsaysay College,10128,,Local Government College/University,,Region X (Northern Mindanao),,,,"Magsaysay, Misamis Oriental",CHED,true
Maramag College (Defunct),NEW,,Private Non-Sectarian Stock,Private,Region X (Northern Mindanao),,,,"Maramag, Bukidnon",CHED,true
Masters Technological Institute of Mindanao,12100,,Private Non-Sectarian Stock,Private,Region X (Northern Mindanao),,,,"Iligan City, Lanao del Norte",CHED,true
Medina College,10039,,Private Non-Sectarian Stock,Private,Region X (Northern Mindanao),,,,"Ozamiz City, Misamis Occidental",CHED,true
"Medina Foundation College of Sapang Dalaga, Inc.",10040,,Private Non-Sectarian Stock,Private,Region X (Northern Mindanao),,,,"Sapang Dalaga, Misamis Occidental",CHED,true
Mindanao Arts and Technological Institute,10041,,Private Non-Sectarian Non-Stock,Private,Region X (Northern Mindanao),,,,"Malaybalay City, Bukidnon",CHED,true
Mindanao State University - Iligan Institute of Technology,12042,,Chartered State College/University (Satellite Campus),,Region X (Northern Mindanao),,,,"Iligan City, Lanao del Norte",CHED,true
Mindanao State University at Naawan,10108,,Chartered State College/University (Satellite Campus),,Region X (Northern Mindanao),,,,"Naawan, Misamis Oriental",CHED,true
Mindanao State University-Lanao Del Norte Agricultural College,12028,,Chartered State College/University (Satellite Campus),,Region X (Northern Mindanao),,,,"Sultan Naga Dimaporo, Lanao del Norte",CHED,true
"Mindanao State University-Maigo College of Education, Science and Technology",12033,,Chartered State College/University (Satellite Campus),,Region X (Northern Mindanao),,,,"Maigo, Lanao del Norte",CHED,true
Misamis Institute of Technology,10044,,Private Non-Sectarian Stock,Private,Region X (Northern Mindanao),,,,"Ozamiz City, Misamis Occidental",CHED,true
Misamis Oriental Institute of Science and Technology,10118,,Private Non-Sectarian Non-Stock,Private,Region X (Northern Mindanao),,,,"Balingasag, Misamis Oriental",CHED,true
Misamis University,10046,,Private Non-Sectarian Non-Stock,Private,Region X (Northern Mindanao),,,,"Ozamiz City, Misamis Occidental",CHED,true
Misamis University - Oroquieta City,10047,,Private Non-Sectarian Stock,Private,Region X (Northern Mindanao),,,,"Oroquieta City, Misamis Occidental",CHED,true
"Mountain View College of Seventh-Day Adventists, Inc.",10049,,Private Sectarian Non-Stock,Private,Region X (Northern Mindanao),,,,"Valencia City, Bukidnon",CHED,true
North Central Mindanao College,12003,,Private Non-Sectarian Stock,Private,Region X (Northern Mindanao),,,,"Lala, Lanao del Norte",CHED,true
Northern Bukidnon State College,10114,,Chartered State College/University (Main),,Region X (Northern Mindanao),,,,"Manolo Fortich, Bukidnon",CHED,true
"Northwestern Mindanao Christian College, Inc.",10063,,Private Non-Sectarian Non-Stock,Private,Region X (Northern Mindanao),,,,"Tudela, Misamis Occidental",CHED,true
Northwestern Mindanao Institute of Technology,10124,,Private Non-Sectarian Non-Stock,Private,Region X (Northern Mindanao),,,,"Ozamiz City, Misamis Occidental",CHED,true
Northwestern Mindanao State College of Science and Technology,10089,,Chartered State College/University (Main),,Region X (Northern Mindanao),,,,"Tangub City, Misamis Occidental",CHED,true
Opol Community College,10113,,Local Government College/University,,Region X (Northern Mindanao),,,,"Opol, Misamis Oriental",CHED,true
Oro Bible College,10105,,Private Sectarian Non-Stock,Private,Region X (Northern Mindanao),,,,"Cagayan De Oro City, Misamis Oriental",CHED,true
"Our Lady of Triumph Institute of Technology, Inc.",10122,,Private Non-Sectarian Non-Stock,Private,Region X (Northern Mindanao),,,,"Ozamiz City, Misamis Occidental",CHED,true
Pangantucan Bukidnon Community College,10125,,Local Government College/University,,Region X (Northern Mindanao),,,,"Pangantucan, Bukidnon",CHED,true
"Philippine College Foundation, Inc.",10066,,Private Non-Sectarian Non-Stock,Private,Region X (Northern Mindanao),,,,"Valencia City, Bukidnon",CHED,true
Philippine Countryville College,10103,,Private Non-Sectarian Non-Stock,Private,Region X (Northern Mindanao),,,,"Maramag, Bukidnon",CHED,true
Picardal Institute of Science and Technology,12101,,Private Non-Sectarian Stock,Private,Region X (Northern Mindanao),,,,"Iligan City, Lanao del Norte",CHED,true
Pilgrim Christian College,10067,,Private Sectarian Non-Stock,Private,Region X (Northern Mindanao),,,,"Cagayan De Oro City, Misamis Oriental",CHED,true
"Quezon Institute of Technology, Inc.",10069,,Private Non-Sectarian Non-Stock,Private,Region X (Northern Mindanao),,,,"Quezon, Bukidnon",CHED,true
"Roman C. Villalon Memorial Colleges Foundation, Inc.",10104,,Private Non-Sectarian Non-Stock,Private,Region X (Northern Mindanao),,,,"Kibawe, Bukidnon",CHED,true
"Sacred Heart College of Calamba, Inc.",10070,,Private Sectarian Non-Stock,Private,Region X (Northern Mindanao),,,,"Calamba, Misamis Occidental",CHED,true
Salay Community College,10129,,Local Government College/University,,Region X (Northern Mindanao),,,,"Salay, Misamis Oriental",CHED,true
San Agustin Institute of Technology,10077,,Private Sectarian Non-Stock,Private,Region X (Northern Mindanao),,,,"Valencia City, Bukidnon",CHED,true
San Isidro College,10079,,Private Sectarian Non-Stock,Private,Region X (Northern Mindanao),,,,"Malaybalay City, Bukidnon",CHED,true
Santa Monica Institute of Technology,12063,,Private Non-Sectarian Non-Stock,Private,Region X (Northern Mindanao),,,,"Iligan City, Lanao del Norte",CHED,true
Southern Bukidnon Foundation Academy,10081,,Private Non-Sectarian Non-Stock,Private,Region X (Northern Mindanao),,,,"Don Carlos, Bukidnon",CHED,true
Southern Capital Colleges,10082,,Private Non-Sectarian Stock,Private,Region X (Northern Mindanao),,,,"Oroquieta City, Misamis Occidental",CHED,true
Southern De Oro Philippines College,10083,,Private Non-Sectarian Non-Stock,Private,Region X (Northern Mindanao),,,,"Cagayan De Oro City, Misamis Oriental",CHED,true
Southern Maramag Colleges,10110,,Private Non-Sectarian Non-Stock,Private,Region X (Northern Mindanao),,,,"Maramag, Bukidnon",CHED,true
St. John Vianney Theological Seminary,10072,,Private Sectarian Non-Stock,Private,Region X (Northern Mindanao),,,,"Cagayan De Oro City, Misamis Oriental",CHED,true
St. Michael's College,12061,,Private Sectarian Non-Stock,Private,Region X (Northern Mindanao),,,,"Iligan City, Lanao del Norte",CHED,true
St. Peter's College,12062,,Private Non-Sectarian Non-Stock,Private,Region X (Northern Mindanao),,,,"Iligan City, Lanao del Norte",CHED,true
"St. Peter's College of Misamis Oriental, Inc.",10075,,Private Non-Sectarian Non-Stock,Private,Region X (Northern Mindanao),,,,"Balingasag, Misamis Oriental",CHED,true
St. Rita's College of Balingasag,10076,,Private Sectarian Non-Stock,Private,Region X (Northern Mindanao),,,,"Balingasag, Misamis Oriental",CHED,true
STI College-Cagayan De Oro,10098,,Private Non-Sectarian Stock,Private,Region X (Northern Mindanao),,,,"Cagayan De Oro City, Misamis Oriental",CHED,true
STI College-Iligan,10130,,Private Non-Sectarian Stock,Private,Region X (Northern Mindanao),,,,"Iligan City, Lanao del Norte",CHED,true
STI College-Malaybalay,10131,,Private Non-Sectarian Stock,Private,Region X (Northern Mindanao),,,,"Malaybalay City, Bukidnon",CHED,true
STI College-Valencia,10132,,Private Non-Sectarian Stock,Private,Region X (Northern Mindanao),,,,"Valencia City, Bukidnon",CHED,true
Tagoloan Community College,10111,,Local Government College/University,,Region X (Northern Mindanao),,,,"Tagoloan, Misamis Oriental",CHED,true
Tangub City Global College,10032,,Local Government College/University,,Region X (Northern Mindanao),,,,"Tangub City, Misamis Occidental",CHED,true
"The New El Salvador Colleges, Inc.",10120,,Private Non-Sectarian Stock,Private,Region X (Northern Mindanao),,,,"El Salvador City, Misamis Oriental",CHED,true
Tubod College,10133,,Local Government College/University,,Region X (Northern Mindanao),,,,"Tubod , Lanao del Norte",CHED,true
University of Science and Technology of Southern Philippines,10043,,Chartered State College/University (Main),,Region X (Northern Mindanao),,,,"Cagayan De Oro City, Misamis Oriental",CHED,true
University of Science and Technology of Southern Philippines - Claveria,10045,,Chartered State College/University (Satellite Campus),,Region X (Northern Mindanao),,,,"Claveria, Misamis Oriental",CHED,true
University of Science and Technology of Southern Philippines - Jasaan,10043 A,,Chartered State College/University (Satellite Campus),,Region X (Northern Mindanao),,,,"Jasaan, Misamis Oriental",CHED,true
University of Science and Technology of Southern Philippines - Oroquieta,10043 B,,Chartered State College/University (Satellite Campus),,Region X (Northern Mindanao),,,,"Oroquieta City, Misamis Occidental",CHED,true
University of Science and Technology of Southern Philippines - Panaon,10043 C,,Chartered State College/University (Satellite Campus),,Region X (Northern Mindanao),,,,"Panaon, Misamis Occidental",CHED,true
University of Science and Technology of Southern Philippines-Alubijid,10140,,Chartered State College/University (Satellite Campus),,Region X (Northern Mindanao),,,,"Alubijid, Misamis Oriental",CHED,true
University of Science and Technology of Southern Philippines-Balubal,10141,,Chartered State College/University (Satellite Campus),,Region X (Northern Mindanao),,,,"Balubal, Cagayan De Oro City, Misamis Oriental",CHED,true
University of Science and Technology of Southern Philippines-Villanueva,10142,,Chartered State College/University (Satellite Campus),,Region X (Northern Mindanao),,,,"Villanueva, Misamis Oriental",CHED,true
"Valencia Colleges (Bukidnon), Inc.",10091,,Private Non-Sectarian Non-Stock,Private,Region X (Northern Mindanao),,,,"Valencia City, Bukidnon",CHED,true
Vineyard International Polytechnic College,10123,,Private Non-Sectarian Non-Stock,Private,Region X (Northern Mindanao),,,,"Cagayan De Oro City, Misamis Oriental",CHED,true
Xavier University (Ateneo de Cagayan),10093,,Private Sectarian Non-Stock,Private,Region X (Northern Mindanao),,,,"Cagayan De Oro City, Misamis Oriental",CHED,true
"ACES Polytechnic College, Inc.",11155,,Private Non-Sectarian Non-Stock,Private,Region XI (Davao Region),,,,"Panabo City, Davao del Norte",CHED,true
"ACES Tagum College, Inc.",11122,,Private Non-Sectarian Non-Stock,Private,Region XI (Davao Region),,,,"Tagum City, Davao del Norte",CHED,true
"ACQ College of Ministries, Inc.",11162,,Private Non-Sectarian Non-Stock,Private,Region XI (Davao Region),,,,"Davao City, Davao del Sur",CHED,true
Agro-Industrial Foundation College of the Philippines,11001,,Private Non-Sectarian Non-Stock,Private,Region XI (Davao Region),,,,"Davao City, Davao del Sur",CHED,true
AMA Computer College-Davao,11002,,Private Non-Sectarian Non-Stock,Private,Region XI (Davao Region),,,,"Davao City, Davao del Sur",CHED,true
"AMYA Polytechnic College, Inc.",11189,,Private Non-Sectarian Stock,Private,Region XI (Davao Region),,,,"Davao City, Davao del Sur",CHED,true
"Arriesgado College Foundation, Inc.",11004,,Private Non-Sectarian Non-Stock,Private,Region XI (Davao Region),,,,"Tagum City, Davao del Norte",CHED,true
Asian International School of Aeronautics and Technology,11175,,Private Non-Sectarian Stock,Private,Region XI (Davao Region),,,,"Davao City, Davao del Sur",CHED,true
Assumption College of Davao,11114,,Private Sectarian Non-Stock,Private,Region XI (Davao Region),,,,"Davao City, Davao del Sur",CHED,true
Assumption College of Nabunturan,11006,,Private Sectarian Non-Stock,Private,Region XI (Davao Region),,,,"Nabunturan , Davao de Oro",CHED,true
Ateneo de Davao University,11007,,Private Sectarian Non-Stock,Private,Region XI (Davao Region),,,,"Davao City, Davao del Sur",CHED,true
"Brokenshire College, Inc.",11008,,Private Non-Sectarian Non-Stock,Private,Region XI (Davao Region),,,,"Davao City, Davao del Sur",CHED,true
"Card-MRI Development Institute, Inc.",11181,,Private Non-Sectarian Stock,Private,Region XI (Davao Region),,,,"Tagum City, Davao del Norte",CHED,true
Christian Colleges of Southeast Asia,11136,,Private Non-Sectarian Non-Stock,Private,Region XI (Davao Region),,,,"Davao City, Davao del Sur",CHED,true
"Colegio de Caraga, Inc.",11188,,Private Non-Sectarian Stock,Private,Region XI (Davao Region),,,,"PM, Sobrecarey, Caraga, Davao Oriental",CHED,true
Colegio de Nabunturan,NEW,,Local Government College/University,,Region XI (Davao Region),,,,"Nabunturan , Davao de Oro",CHED,true
Cor Jesu College,11012,,Private Sectarian Non-Stock,Private,Region XI (Davao Region),,,,"Digos City, Davao del Sur",CHED,true
"Davao Central College, Inc.",11014,,Private Non-Sectarian Stock,Private,Region XI (Davao Region),,,,"Davao City, Davao del Sur",CHED,true
"Davao Doctors College, Inc.",11016,,Private Non-Sectarian Stock,Private,Region XI (Davao Region),,,,"Davao City, Davao del Sur",CHED,true
"Davao Medical School Foundation, Inc.",11018,,Private Non-Sectarian Stock,Private,Region XI (Davao Region),,,,"Davao City, Davao del Sur",CHED,true
"Davao Vision Colleges, Inc.",11158,,Private Non-Sectarian Non-Stock,Private,Region XI (Davao Region),,,,"Davao City, Davao del Sur",CHED,true
"Davao Winchester Colleges, Inc.",11137,,Private Non-Sectarian Stock,Private,Region XI (Davao Region),,,,"Sto. Tomas, Davao del Norte",CHED,true
DMMA College of Southern Philippines,11019,,Private Non-Sectarian Non-Stock,Private,Region XI (Davao Region),,,,"Alegre, Davao City, Davao del Sur",CHED,true
Evangelical Mission College,11165,,Private Sectarian Stock,Private,Region XI (Davao Region),,,,"Davao City, Davao del Sur",CHED,true
"Evelyn E. Fabie College, Inc.",11026,,Private Non-Sectarian Stock,Private,Region XI (Davao Region),,,,"Davao City, Davao del Sur",CHED,true
"Gabriel Taborin College of Davao Foundation, Inc.",11154,,Private Non-Sectarian Non-Stock,Private,Region XI (Davao Region),,,,"Davao City, Davao del Sur",CHED,true
"General Baptist Bible College, Inc.",11030,,Private Sectarian Non-Stock,Private,Region XI (Davao Region),,,,"Davao City, Davao del Sur",CHED,true
"Governor Generoso College of Arts, Sciences and Technology",11156,,Local Government College/University,,Region XI (Davao Region),,,,"Governor Generoso, Davao Oriental",CHED,true
Holy Child College of Davao,11126,,Private Non-Sectarian Stock,Private,Region XI (Davao Region),,,,"Davao City, Davao del Sur",CHED,true
"Holy Cross College of Calinan, Inc.",11033,,Private Sectarian Non-Stock,Private,Region XI (Davao Region),,,,"Davao City, Davao del Sur",CHED,true
"Holy Cross College of Sasa, Inc.",11144,,Private Sectarian Stock,Private,Region XI (Davao Region),,,,"Davao City, Davao del Sur",CHED,true
"Holy Cross of Davao College, Inc.",11035,,Private Sectarian Non-Stock,Private,Region XI (Davao Region),,,,"Davao City, Davao del Sur",CHED,true
"Institute of International Culinary and Hospitality Entrepreneurship, Inc.",11174,,Private Sectarian Non-Stock,Private,Region XI (Davao Region),,,,"Davao City, Davao del Sur",CHED,true
"Interface Computer College, Inc.",11115,,Private Non-Sectarian Stock,Private,Region XI (Davao Region),,,,"Davao City, Davao del Sur",CHED,true
"Joji Ilagan Career Center Foundation, Inc.",11100,,Private Non-Sectarian Stock,Private,Region XI (Davao Region),,,,"Davao City, Davao del Sur",CHED,true
Joji Ilagan International Management School,11179,,Private Non-Sectarian Stock,Private,Region XI (Davao Region),,,,"Davao City, Davao del Sur",CHED,true
"Jose Maria College Foundation, Inc.",11131,,Private Non-Sectarian Non-Stock,Private,Region XI (Davao Region),,,,"Davao City, Davao del Sur",CHED,true
"Kapalong College of Agriculture, Sciences and Technology",11142,,Local Government College/University,,Region XI (Davao Region),,,,"Kapalong, Davao del Norte",CHED,true
"Koinonia Theological Seminary Foundation, Inc.",11164,,Private Non-Sectarian Non-Stock,Private,Region XI (Davao Region),,,,"Davao City, Davao del Sur",CHED,true
Kolehiyo ng Pantukan,11169,,Local Government College/University,,Region XI (Davao Region),,,,"Pantukan, Davao de Oro",CHED,true
"Laak Institute Foundation, Inc.",11146,,Private Non-Sectarian Stock,Private,Region XI (Davao Region),,,,"Laak, Davao de Oro",CHED,true
"Legacy College of Compostela, Inc.",11138,,Private Non-Sectarian Non-Stock,Private,Region XI (Davao Region),,,,"Compostela, Davao de Oro",CHED,true
Liceo De Davao,11039,,Private Non-Sectarian Non-Stock,Private,Region XI (Davao Region),,,,"Tagum City, Davao del Norte",CHED,true
Lyceum of the Philippines-Davao,11183,,Private Non-Sectarian Non-Stock,Private,Region XI (Davao Region),,,,"Davao City, Davao del Sur",CHED,true
Maco de Oro College,11190,,Local Government College/University,,Region XI (Davao Region),,,,"Binuangan, Maco, Davao de Oro",CHED,true
Malayan Colleges Mindanao,11180,,Private Non-Sectarian Stock,Private,Region XI (Davao Region),,,,"Davao City, Davao del Sur",CHED,true
"Maryknoll College of Panabo, Inc.",11184,,Private Sectarian Non-Stock,Private,Region XI (Davao Region),,,,"Panabo City, Davao del Norte",CHED,true
Mati Doctors College,11128,,Private Non-Sectarian Non-Stock,Private,Region XI (Davao Region),,,,"Mati City, Davao Oriental",CHED,true
"Mati Polytechnic College, Inc.",11041,,Private Non-Sectarian Stock,Private,Region XI (Davao Region),,,,"Mati City, Davao Oriental",CHED,true
MATS College of Technology,11042,,Private Non-Sectarian Stock,Private,Region XI (Davao Region),,,,"Davao City, Davao del Sur",CHED,true
Mindanao Kokusai Daigaku,11125,,Private Non-Sectarian Stock,Private,Region XI (Davao Region),,,,"Davao City, Davao del Sur",CHED,true
Mindanao Medical Foundation College,11044,,Private Non-Sectarian Non-Stock,Private,Region XI (Davao Region),,,,"Davao City, Davao del Sur",CHED,true
"Monkayo College of Arts, Sciences and Technology",11161,,Local Government College/University,,Region XI (Davao Region),,,,"Monkayo, Davao de Oro",CHED,true
Mt. Apo Science Foundation College,11168,,Private Non-Sectarian Non-Stock,Private,Region XI (Davao Region),,,,"Davao City, Davao del Sur",CHED,true
"NDC Tagum Foundation, Inc.",11049,,Private Non-Sectarian Non-Stock,Private,Region XI (Davao Region),,,,"Tagum City, Davao del Norte",CHED,true
"North Davao Colleges, Inc.",11050,,Private Non-Sectarian Non-Stock,Private,Region XI (Davao Region),,,,"Panabo City, Davao del Norte",CHED,true
"Northlink Technological College, Inc.",11170,,Private Non-Sectarian Non-Stock,Private,Region XI (Davao Region),,,,"Panabo City, Davao del Norte",CHED,true
Philippine College of Technology,11124,,Private Non-Sectarian Non-Stock,Private,Region XI (Davao Region),,,,"Davao City, Davao del Sur",CHED,true
Philippine College of Technology-Calinan Campus,11187,,Private Non-Sectarian Non-Stock,Private,Region XI (Davao Region),,,,"Garden Park Village, Bajada, Davao City, Davao del Sur",CHED,true
Philippine Women's College of Davao,11055,,Private Non-Sectarian Non-Stock,Private,Region XI (Davao Region),,,,"Davao City, Davao del Sur",CHED,true
"Polytechnic College of Davao del Sur, Inc.",11056,,Private Non-Sectarian Non-Stock,Private,Region XI (Davao Region),,,,"Digos City, Davao del Sur",CHED,true
Queen of Apostles College Seminary,11058,,Private Sectarian Non-Stock,Private,Region XI (Davao Region),,,,"Tagum City, Davao del Norte",CHED,true
"Rizal Memorial Colleges, Inc.",11062,,Private Non-Sectarian Stock,Private,Region XI (Davao Region),,,,"Davao City, Davao del Sur",CHED,true
"Saint Francis Xavier College Seminary of Davao, Inc.",11063,,Private Sectarian Non-Stock,Private,Region XI (Davao Region),,,,"Davao City, Davao del Sur",CHED,true
"Saint Peter's College of Toril, Inc.",11066,,Private Sectarian Non-Stock,Private,Region XI (Davao Region),,,,"Davao City, Davao del Sur",CHED,true
Samal Island City College,11185,,Local Government College/University,,Region XI (Davao Region),,,,"Island Garden City of Samal, Davao del Norte",CHED,true
"Samson Polytechnic College of Davao, Inc.",11167,,Private Non-Sectarian Non-Stock,Private,Region XI (Davao Region),,,,"Davao City, Davao del Sur",CHED,true
San Pedro College,11070,,Private Sectarian Non-Stock,Private,Region XI (Davao Region),,,,"Davao City, Davao del Sur",CHED,true
Serapion C. Basalo Memorial Colleges,11075,,Private Non-Sectarian Non-Stock,Private,Region XI (Davao Region),,,,"Kiblawan, Davao del Sur",CHED,true
South Philippine Adventist College,11078,,Private Sectarian Non-Stock,Private,Region XI (Davao Region),,,,"Matanao, Davao del Sur",CHED,true
Southeastern College of Padada,11076,,Private Non-Sectarian Non-Stock,Private,Region XI (Davao Region),,,,"Padada, Davao del Sur",CHED,true
"Southern Philippines Baptist Theological Seminary, Inc.",11129,,Private Sectarian Non-Stock,Private,Region XI (Davao Region),,,,"Davao City, Davao del Sur",CHED,true
"St. Francis Xavier Regional Major Seminary of Mindanao, Inc.",11101,,Private Sectarian Non-Stock,Private,Region XI (Davao Region),,,,"Davao City, Davao del Sur",CHED,true
St. John Paul II College of Davao,11123,,Private Non-Sectarian Stock,Private,Region XI (Davao Region),,,,"Davao City, Davao del Sur",CHED,true
"St. Mary's College Baganga, Inc.",11140,,Private Sectarian Non-Stock,Private,Region XI (Davao Region),,,,"Baganga, Davao Oriental",CHED,true
"St. Mary's College of Bansalan, Inc.",11034,,Private Sectarian Non-Stock,Private,Region XI (Davao Region),,,,"Bansalan, Davao del Sur",CHED,true
"St. Mary's College of Tagum, Inc.",11064,,Private Sectarian Non-Stock,Private,Region XI (Davao Region),,,,"Tagum City, Davao del Norte",CHED,true
St. Thomas More School of Law and Business,11160,,Private Non-Sectarian Stock,Private,Region XI (Davao Region),,,,"Tagum City, Davao del Norte",CHED,true
STI College-Davao,11130,,Private Non-Sectarian Stock,Private,Region XI (Davao Region),,,,"Davao City, Davao del Sur",CHED,true
STI College-Tagum,11186,,Private Non-Sectarian Stock,Private,Region XI (Davao Region),,,,"Apokon, Tagum City, Davao del Norte",CHED,true
"Sto. Tomas College of Agriculture, Sciences and Technology",11182,,Local Government College/University,,Region XI (Davao Region),,,,"Sto. Tomas, Davao del Norte",CHED,true
"Tagum City College of Science and Technology Foundation, Inc.",11172,,Private Non-Sectarian Non-Stock,Private,Region XI (Davao Region),,,,"Tagum City, Davao del Norte",CHED,true
"Tagum Doctors College, Inc.",11153,,Private Non-Sectarian Stock,Private,Region XI (Davao Region),,,,"Tagum City, Davao del Norte",CHED,true
"Tecarro College Foundation, Inc.",11085,,Private Non-Sectarian Stock,Private,Region XI (Davao Region),,,,"Davao City, Davao del Sur",CHED,true
UM Bansalan College,11088,,Private Non-Sectarian Stock,Private,Region XI (Davao Region),,,,"Bansalan, Davao del Sur",CHED,true
UM Digos College,11089,,Private Non-Sectarian Stock,Private,Region XI (Davao Region),,,,"Digos City, Davao del Sur",CHED,true
UM Guianga College,11090,,Private Non-Sectarian Stock,Private,Region XI (Davao Region),,,,"Davao City, Davao del Sur",CHED,true
UM Panabo College,11091,,Private Non-Sectarian Stock,Private,Region XI (Davao Region),,,,"Panabo City, Davao del Norte",CHED,true
UM Peñaplata College,11120,,Private Non-Sectarian Stock,Private,Region XI (Davao Region),,,,"Island Garden City of Samal, Davao del Norte",CHED,true
UM Tagum College,11092,,Private Non-Sectarian Stock,Private,Region XI (Davao Region),,,,"Tagum City, Davao del Norte",CHED,true
University of Mindanao,11093,,Private Non-Sectarian Stock,Private,Region XI (Davao Region),,,,"Davao City, Davao del Sur",CHED,true
University of the Immaculate Conception,11095,,Private Sectarian Non-Stock,Private,Region XI (Davao Region),,,,"Davao City, Davao del Sur",CHED,true
"ACLC College of General Santos City, Inc.",12113,,Private Non-Sectarian Non-Stock,Private,Region XII (SOCCSKSARGEN),,,,"General Santos City, South Cotabato",CHED,true
ACLC College of Marbel,12120,,Private Sectarian Stock,Private,Region XII (SOCCSKSARGEN),,,,"Koronadal City, South Cotabato",CHED,true
"Adventist College of Technology, Inc.",12104,,Private Sectarian Non-Stock,Private,Region XII (SOCCSKSARGEN),,,,"Tupi, South Cotabato",CHED,true
AMA Computer College General Santos City,11119,,Private Non-Sectarian Stock,Private,Region XII (SOCCSKSARGEN),,,,"General Santos City, South Cotabato",CHED,true
"Asian Colleges and Technological Institute, Inc.",12117,,Private Non-Sectarian Non-Stock,Private,Region XII (SOCCSKSARGEN),,,,"Kabacan, Cotabato",CHED,true
"B.E.S.T. College of Polomolok, Inc.",12130,,Private Non-Sectarian Non-Stock,Private,Region XII (SOCCSKSARGEN),,,,"Polomolok, South Cotabato",CHED,true
"Brokenshire College Soccsksargen, Inc.",12112,,Private Non-Sectarian Non-Stock,Private,Region XII (SOCCSKSARGEN),,,,"General Santos City, South Cotabato",CHED,true
Central Mindanao Colleges,12002,,Private Sectarian Stock,Private,Region XII (SOCCSKSARGEN),,,,"Poblacion, Kidapawan City, Cotabato",CHED,true
"Central Mindanao Computer School, Inc.",12093,,Private Sectarian Non-Stock,Private,Region XII (SOCCSKSARGEN),,,,"M'Lang, Cotabato",CHED,true
Colegio de Kidapawan,12045,,Private Non-Sectarian Stock,Private,Region XII (SOCCSKSARGEN),,,,"Kidapawan City, Cotabato",CHED,true
Cotabato Foundation College of Science and Technology,12008,,Chartered State College/University (Main),,Region XII (SOCCSKSARGEN),,,,"Arakan, Cotabato",CHED,true
Cotabato Foundation College of Science and Technology - Pikit,12008d,,Chartered State College/University (Satellite Campus),,Region XII (SOCCSKSARGEN),,,,"Pikit, Cotabato",CHED,true
Cotabato Foundation College of Science and Technology-Antipas,12008a,,Chartered State College/University (Satellite Campus),,Region XII (SOCCSKSARGEN),,,,"Antipas, Cotabato",CHED,true
Cotabato Foundation College of Science and Technology-Katipunan,12008c,,Chartered State College/University (Satellite Campus),,Region XII (SOCCSKSARGEN),,,,"Arakan, Cotabato",CHED,true
"Cotabato Medical Foundation College, Inc.",12010,,Private Non-Sectarian Non-Stock,Private,Region XII (SOCCSKSARGEN),,,,"Midsayap, Cotabato",CHED,true
"Cronasia Foundation College, Inc.",12140,,Private Non-Sectarian Non-Stock,Private,Region XII (SOCCSKSARGEN),,,,"General Santos City, South Cotabato",CHED,true
"Dr. Domingo B. Tamondong Memorial Hospital and College Foundation, Inc.",12012,,Private Non-Sectarian Non-Stock,Private,Region XII (SOCCSKSARGEN),,,,"Esperanza, Sultan Kudarat",CHED,true
"Dr. P. Ocampo Colleges, Inc.",12013,,Private Non-Sectarian Non-Stock,Private,Region XII (SOCCSKSARGEN),,,,"Cotabato City, Maguindanao",CHED,true
"Edenton Mission College, Inc.",11024,,Private Sectarian Non-Stock,Private,Region XII (SOCCSKSARGEN),,,,"Maitum, Sarangani",CHED,true
Envirogreen School of Technology,12166,,Private Non-Sectarian Non-Stock,Private,Region XII (SOCCSKSARGEN),,,,"General Santos City, South Cotabato",CHED,true
"Filipino Canadian Community College Foundation, Inc.",12150,,Private Non-Sectarian Foundation,Private,Region XII (SOCCSKSARGEN),,,,"General Santos City, South Cotabato",CHED,true
"General Santos Academy, Inc.",12132,,Private Non-Sectarian Non-Stock,Private,Region XII (SOCCSKSARGEN),,,,"Polomolok, South Cotabato",CHED,true
"General Santos Doctors' Medical School Foundation, Inc.",12108,,Private Non-Sectarian Non-Stock,Private,Region XII (SOCCSKSARGEN),,,,"General Santos City, South Cotabato",CHED,true
"Gensan College of Technology, Inc.",12144,,Private Non-Sectarian Stock,Private,Region XII (SOCCSKSARGEN),,,,"General Santos City, South Cotabato",CHED,true
"Gensantos Foundation College, Inc.",11029,,Private Non-Sectarian Non-Stock,Private,Region XII (SOCCSKSARGEN),,,,"General Santos City, South Cotabato",CHED,true
Glan Institute of Technology,12153,,Local Government College/University,,Region XII (SOCCSKSARGEN),,,,"Glan, Sarangani",CHED,true
Goldenstate College,12105,,Private Non-Sectarian Non-Stock,Private,Region XII (SOCCSKSARGEN),,,,"General Santos City, South Cotabato",CHED,true
"Goldenstate College of Kiamba, Inc.",12157,,Private Non-Sectarian Non-Stock,Private,Region XII (SOCCSKSARGEN),,,,"Kiamba, Sarangani",CHED,true
"Goldenstate College of Koronadal City, Inc.",12126,,Private Non-Sectarian Stock,Private,Region XII (SOCCSKSARGEN),,,,"Koronadal City, South Cotabato",CHED,true
"Goldenstate College of Maasim, Inc.",12158,,Private Non-Sectarian Non-Stock,Private,Region XII (SOCCSKSARGEN),,,,"Maasim, Sarangani",CHED,true
"Goldenstate College of Malungon, Inc.",12159,,Private Non-Sectarian Non-Stock,Private,Region XII (SOCCSKSARGEN),,,,"Malungon, Sarangani",CHED,true
Goodwill Colleges of North Eastern Philippines,12162,,Private Non-Sectarian Non-Stock,Private,Region XII (SOCCSKSARGEN),,,,"Tacurong City, Sultan Kudarat",CHED,true
Green Valley College Foundation - Isulan Campus,12141,,Private Non-Sectarian Non-Stock,Private,Region XII (SOCCSKSARGEN),,,,"Isulan , Sultan Kudarat",CHED,true
"Green Valley College Foundation, Inc.",11113,,Private Non-Sectarian Non-Stock,Private,Region XII (SOCCSKSARGEN),,,,"Koronadal City, South Cotabato",CHED,true
"Holy Child Central Colleges, Inc.",12114,,Private Non-Sectarian Non-Stock,Private,Region XII (SOCCSKSARGEN),,,,"Surallah, South Cotabato",CHED,true
Holy Trinity College of General Santos City,11036,,Private Non-Sectarian Stock,Private,Region XII (SOCCSKSARGEN),,,,"General Santos City, South Cotabato",CHED,true
"i-Link College of Science and Technology, Inc.",12124,,Private Non-Sectarian Non-Stock,Private,Region XII (SOCCSKSARGEN),,,,"Midsayap, Cotabato",CHED,true
Joji Ilagan International School of Hotel & Tourism Management,12136,,Private Non-Sectarian Non-Stock,Private,Region XII (SOCCSKSARGEN),,,,"General Santos City, South Cotabato",CHED,true
"Kidapawan Doctors College, Inc.",12142,,Private Non-Sectarian Non-Stock,Private,Region XII (SOCCSKSARGEN),,,,"Kidapawan City, Cotabato",CHED,true
"King Solomon Institute, Inc.",12163,,Private Non-Sectarian Non-Stock,Private,Region XII (SOCCSKSARGEN),,,,"General Santos City, South Cotabato",CHED,true
King's College of Isulan,12025,,Private Non-Sectarian Non-Stock,Private,Region XII (SOCCSKSARGEN),,,,"Isulan , Sultan Kudarat",CHED,true
"King's College of Marbel, Inc.",11038,,Private Non-Sectarian Non-Stock,Private,Region XII (SOCCSKSARGEN),,,,"Koronadal City, South Cotabato",CHED,true
"Korbel Foundation College, Inc.",12121,,Private Non-Sectarian Non-Stock,Private,Region XII (SOCCSKSARGEN),,,,"Koronadal City, South Cotabato",CHED,true
"Kulaman Academy, Inc.",12143,,Private Non-Sectarian Non-Stock,Private,Region XII (SOCCSKSARGEN),,,,"Sen. Ninoy Aquino, Sultan Kudarat",CHED,true
Lebak Family Doctors' School of Midwifery,12031,,Private Non-Sectarian Non-Stock,Private,Region XII (SOCCSKSARGEN),,,,"Lebak, Sultan Kudarat",CHED,true
Makilala Institute of Science and Technology,12147,,Local Government College/University,,Region XII (SOCCSKSARGEN),,,,"Makilala, Cotabato",CHED,true
Malapatan College of Science and Technology,12169,,Local Government College/University,,Region XII (SOCCSKSARGEN),,,,"Malapatan, Sarangani",CHED,true
Marbel Institute of Technical College,12133,,Private Non-Sectarian Non-Stock,Private,Region XII (SOCCSKSARGEN),,,,"Koronadal City, South Cotabato",CHED,true
"Marbel School of Science and Technology, Inc.",11116,,Private Non-Sectarian Non-Stock,Private,Region XII (SOCCSKSARGEN),,,,"Koronadal City, South Cotabato",CHED,true
"Marvelous College of Technology, Inc.",12127,,Private Non-Sectarian Non-Stock,Private,Region XII (SOCCSKSARGEN),,,,"Koronadal City, South Cotabato",CHED,true
Mindanao Polytechnic College,11045,,Private Non-Sectarian Stock,Private,Region XII (SOCCSKSARGEN),,,,"General Santos City, South Cotabato",CHED,true
Mindanao State University-General Santos,11048,,Chartered State College/University (Main),,Region XII (SOCCSKSARGEN),,,,"General Santos City, South Cotabato",CHED,true
"MMG College of General Santos City, Inc.",12138,,Private Non-Sectarian Non-Stock,Private,Region XII (SOCCSKSARGEN),,,,"General Santos City, South Cotabato",CHED,true
"New Brighton School of the Philippines, Inc.",12160,,Private Non-Sectarian Stock,Private,Region XII (SOCCSKSARGEN),,,,"General Santos City, South Cotabato",CHED,true
"New Era University, General Santos City Branch",12151,,Private Non-Sectarian Non-Stock,Private,Region XII (SOCCSKSARGEN),,,,"General Santos City, South Cotabato",CHED,true
New Hope School of Agriculture and Fishery,12167,,Private Non-Sectarian Non-Stock,Private,Region XII (SOCCSKSARGEN),,,,"Polomolok, South Cotabato",CHED,true
"Nikki Louise College, Inc.",11009,,Private Non-Sectarian Stock,Private,Region XII (SOCCSKSARGEN),,,,"General Santos City, South Cotabato",CHED,true
"North Circle Academy, Inc.",12171,,Private Non-Sectarian Stock,Private,Region XII (SOCCSKSARGEN),,,,"Pigkawayan, Cotabato",CHED,true
North Point College of Arts and Technology,12137,,Private Non-Sectarian Non-Stock,Private,Region XII (SOCCSKSARGEN),,,,Cotabato,CHED,true
"North Valley College Foundation, Inc.",12086,,Private Non-Sectarian Stock,Private,Region XII (SOCCSKSARGEN),,,,"Kidapawan City, Cotabato",CHED,true
Notre Dame of Dadiangas University,11051,,Private Sectarian Non-Stock,Private,Region XII (SOCCSKSARGEN),,,,"General Santos City, South Cotabato",CHED,true
Notre Dame of Kidapawan College,12049,,Private Sectarian Non-Stock,Private,Region XII (SOCCSKSARGEN),,,,"Kidapawan City, Cotabato",CHED,true
Notre Dame of Marbel University,11052,,Private Sectarian Non-Stock,Private,Region XII (SOCCSKSARGEN),,,,"Koronadal City, South Cotabato",CHED,true
Notre Dame of Midsayap College,12050,,Private Sectarian Non-Stock,Private,Region XII (SOCCSKSARGEN),,,,"Midsayap, Cotabato",CHED,true
"Notre Dame of Salaman College, Inc.",12051,,Private Sectarian Non-Stock,Private,Region XII (SOCCSKSARGEN),,,,"Lebak, Sultan Kudarat",CHED,true
Notre Dame of Tacurong College,12052,,Private Sectarian Non-Stock,Private,Region XII (SOCCSKSARGEN),,,,"Tacurong City, Sultan Kudarat",CHED,true
Notre Dame University,12053,,Private Non-Sectarian Non-Stock,Private,Region XII (SOCCSKSARGEN),,,,"Cotabato City, Maguindanao",CHED,true
Notre Dame-RVM College of Cotabato,12111,,Private Sectarian Non-Stock,Private,Region XII (SOCCSKSARGEN),,,,"Cotabato City, Maguindanao",CHED,true
"Notre Dame-RVM College of Cotabato, Inc.",12111,,Private Sectarian Stock,Private,Region XII (SOCCSKSARGEN),,,,"74 Sinsuat Avenue, Cotabato City, Maguindanao",CHED,true
"Notre Dame-Siena College of Polomolok, Inc.",12110,,Private Sectarian Non-Stock,Private,Region XII (SOCCSKSARGEN),,,,"Polomolok, South Cotabato",CHED,true
"Pacific Southbay College, Inc.",12161,,Private Non-Sectarian Non-Stock,Private,Region XII (SOCCSKSARGEN),,,,"General Santos City, South Cotabato",CHED,true
"Primasia Foundation College, Inc.",12145,,Private Non-Sectarian Foundation,Private,Region XII (SOCCSKSARGEN),,,,"Alabel, Sarangani",CHED,true
"Quezon Colleges of Southern Philippines, Inc.",12058,,Private Non-Sectarian Stock,Private,Region XII (SOCCSKSARGEN),,,,"Tacurong City, Sultan Kudarat",CHED,true
"Ramon Magsaysay Memorial College - Marbel, Inc.",12131,,Private Non-Sectarian Non-Stock,Private,Region XII (SOCCSKSARGEN),,,,"Koronadal City, South Cotabato",CHED,true
Ramon Magsaysay Memorial Colleges,11059,,Private Non-Sectarian Non-Stock,Private,Region XII (SOCCSKSARGEN),,,,"General Santos City, South Cotabato",CHED,true
"Regency Polytechnic College, Inc.",12005,,Private Non-Sectarian Non-Stock,Private,Region XII (SOCCSKSARGEN),,,,"Koronadal City, South Cotabato",CHED,true
"Salaman Intitute, Inc.",12156,,Private Non-Sectarian Stock,Private,Region XII (SOCCSKSARGEN),,,,"Lebak, Sultan Kudarat",CHED,true
"Santa Cruz Mission School, Inc.",11081,,Private Sectarian Non-Stock,Private,Region XII (SOCCSKSARGEN),,,,"Lake Sebu, South Cotabato",CHED,true
"Santo Nino College Foundation, Inc.",12164,,Private Non-Sectarian Non-Stock,Private,Region XII (SOCCSKSARGEN),,,,"Banga, South Cotabato",CHED,true
"Schola de San Jose, Inc.",11057,,Private Non-Sectarian Non-Stock,Private,Region XII (SOCCSKSARGEN),,,,"Polomolok, South Cotabato",CHED,true
"Senator Ninoy Aquino College Foundation, Inc.",12064,,Private Non-Sectarian Non-Stock,Private,Region XII (SOCCSKSARGEN),,,,"Sen. Ninoy Aquino, Sultan Kudarat",CHED,true
"South Asiatech College, Inc.",12170,,Private Non-Sectarian Stock,Private,Region XII (SOCCSKSARGEN),,,,"Koronadal City, South Cotabato",CHED,true
"South Central Mindanao College of Science and Technology, Inc.",12149,,Private Non-Sectarian Non-Stock,Private,Region XII (SOCCSKSARGEN),,,,"Tacurong City, Sultan Kudarat",CHED,true
South Cotabato State College,11106,,Chartered State College/University (Main),,Region XII (SOCCSKSARGEN),,,,"Surallah, South Cotabato",CHED,true
"South East Asian Institute of Technology, Inc.",12115,,Private Non-Sectarian Non-Stock,Private,Region XII (SOCCSKSARGEN),,,,"Tupi, South Cotabato",CHED,true
Southern Baptist College,12066,,Private Non-Sectarian Non-Stock,Private,Region XII (SOCCSKSARGEN),,,,"M'Lang, Cotabato",CHED,true
Southern Christian College,12067,,Private Sectarian Non-Stock,Private,Region XII (SOCCSKSARGEN),,,,"Midsayap, Cotabato",CHED,true
"Southern Mindanao Institute of Technology, Inc.",12068,,Private Non-Sectarian Non-Stock,Private,Region XII (SOCCSKSARGEN),,,,"Tacurong City, Sultan Kudarat",CHED,true
"Southern Philippine Technical College of Koronadal, Incorporated",12155,,Private Non-Sectarian Non-Stock,Private,Region XII (SOCCSKSARGEN),,,,"Koronadal City, South Cotabato",CHED,true
"Southern Philippines Methodist College, Inc.",12069,,Private Sectarian Non-Stock,Private,Region XII (SOCCSKSARGEN),,,,"Kidapawan City, Cotabato",CHED,true
"Southpoint College of Arts and Technology, Inc.",12146,,Private Non-Sectarian Non-Stock,Private,Region XII (SOCCSKSARGEN),,,,"General Santos City, South Cotabato",CHED,true
"St. Alexius College, Inc.",11022,,Private Non-Sectarian Stock,Private,Region XII (SOCCSKSARGEN),,,,"Koronadal City, South Cotabato",CHED,true
"St. Luke's Institute, Inc.",12060,,Private Non-Sectarian Stock,Private,Region XII (SOCCSKSARGEN),,,,"Kabacan, Cotabato",CHED,true
"STI College - Gen. Santos, Inc.",11112,,Private Non-Sectarian Non-Stock,Private,Region XII (SOCCSKSARGEN),,,,"General Santos City, South Cotabato",CHED,true
STI College Cotabato,12089,,Private Non-Sectarian Stock,Private,Region XII (SOCCSKSARGEN),,,,"Cotabato City, Maguindanao",CHED,true
"STI College Koronadal City, Inc. - Tacurong Branch",12129,,Private Non-Sectarian Stock,Private,Region XII (SOCCSKSARGEN),,,,"Tacurong City, Sultan Kudarat",CHED,true
"STI College of Koronadal City, Inc.",12122,,Private Non-Sectarian Stock,Private,Region XII (SOCCSKSARGEN),,,,"Koronadal City, South Cotabato",CHED,true
Stratford International School,12119,,Private Non-Sectarian Non-Stock,Private,Region XII (SOCCSKSARGEN),,,,"General Santos City, South Cotabato",CHED,true
Sultan Kudarat Educational Institution,12072,,Private Non-Sectarian Non-Stock,Private,Region XII (SOCCSKSARGEN),,,,"Tacurong City, Sultan Kudarat",CHED,true
Sultan Kudarat State University,12074,,Chartered State College/University (Main),,Region XII (SOCCSKSARGEN),,,,"Tacurong City, Sultan Kudarat",CHED,true
Sultan Kudarat State University-Bagumbayan,12074d,,Chartered State College/University (Satellite Campus),,Region XII (SOCCSKSARGEN),,,,"Bagumbayan, Sultan Kudarat",CHED,true
Sultan Kudarat State University-Isulan,12074a,,Chartered State College/University (Satellite Campus),,Region XII (SOCCSKSARGEN),,,,"Isulan , Sultan Kudarat",CHED,true
Sultan Kudarat State University-Kalamansig,12074c,,Chartered State College/University (Satellite Campus),,Region XII (SOCCSKSARGEN),,,,"Kalamansig, Sultan Kudarat",CHED,true
Sultan Kudarat State University-Lutayan,12074b,,Chartered State College/University (Satellite Campus),,Region XII (SOCCSKSARGEN),,,,"Lutayan, Sultan Kudarat",CHED,true
Sultan Kudarat State University-Palimbang,12074f,,Chartered State College/University (Satellite Campus),,Region XII (SOCCSKSARGEN),,,,"Palimbang, Sultan Kudarat",CHED,true
Sultan Kudarat State University-Tacurong,12074g,,Chartered State College/University (Satellite Campus),,Region XII (SOCCSKSARGEN),,,,"Tacurong City, Sultan Kudarat",CHED,true
University of Southern Mindanao-Kidapawan City Campus,12044,,Chartered State College/University (Satellite Campus),,Region XII (SOCCSKSARGEN),,,,"Kidapawan City, Cotabato",CHED,true
University of Southern Mindanao-Main,12078,,Chartered State College/University (Main),,Region XII (SOCCSKSARGEN),,,,"Kabacan, Cotabato",CHED,true
UPM-School of Health Sciences Koronadal Campus,12172,,Chartered State College/University (Satellite Campus),,Region XII (SOCCSKSARGEN),,,,"Carpenter Hill, Koronadal City, South Cotabato",CHED,true
UST General Santos,12168,,Private Sectarian Non-Stock,Private,Region XII (SOCCSKSARGEN),,,,"General Santos City, South Cotabato",CHED,true
Villamor College of Business and Arts,12139,,Private Non-Sectarian Non-Stock,Private,Region XII (SOCCSKSARGEN),,,,"General Santos City, South Cotabato",CHED,true
"VMC Asian College Foundation, Inc.",12116,,Private Non-Sectarian Stock,Private,Region XII (SOCCSKSARGEN),,,,"Tacurong City, Sultan Kudarat",CHED,true
"VMC Asian College of President Quirino, Inc.",12165,,Private Non-Sectarian Stock,Private,Region XII (SOCCSKSARGEN),,,,"President Quirino, Sultan Kudarat",CHED,true
"West Celebes College of Technology, Inc.",12148,,Private Non-Sectarian Non-Stock,Private,Region XII (SOCCSKSARGEN),,,,"Lebak, Sultan Kudarat",CHED,true
"ACLC College of Butuan City, Inc.",16019,,Private Non-Sectarian Non-Stock,Private,Region XIII (Caraga),,,,"Bayanihan Pob., Butuan City, Agusan del Norte",CHED,true
"Agusan Colleges, Inc.",10004,,Private Non-Sectarian Stock,Private,Region XIII (Caraga),,,,"Silongan Pob., Butuan City, Agusan del Norte",CHED,true
"Agusan del Sur College, Inc.",10005,,Private Non-Sectarian Non-Stock,Private,Region XIII (Caraga),,,,"Bayugan City, Agusan del Sur",CHED,true
Agusan Del Sur State College of Agriculture and Technology,10006,,Chartered State College/University (Main),,Region XIII (Caraga),,,,"San Teodoro, Bunawan, Agusan del Sur",CHED,true
Agusan del Sur State College of Agriculture and Technology-Trento,16033,,Chartered State College/University (Satellite Campus),,Region XIII (Caraga),,,,"Poblacion, Trento, Agusan del Sur",CHED,true
"Andres Soriano Colleges of Bislig, Inc.",11003,,Private Non-Sectarian Non-Stock,Private,Region XIII (Caraga),,,,"Mangagoy, Bislig City, Surigao del Sur",CHED,true
"Asian College Foundation, Inc.",10010,,Private Non-Sectarian Stock,Private,Region XIII (Caraga),,,,"Butuan City, Agusan del Norte",CHED,true
Balite Institute of Technology-Butuan,16015,,Private Non-Sectarian Foundation,Private,Region XIII (Caraga),,,,"Butuan City, Agusan del Norte",CHED,true
Bucas Grande Foundation College,16018,,Private Non-Sectarian Non-Stock,Private,Region XIII (Caraga),,,,"Albino Taruc, Socorro, Surigao del Norte",CHED,true
"Butuan City Colleges, Inc.",10015,,Private Non-Sectarian Non-Stock,Private,Region XIII (Caraga),,,,"Butuan City, Agusan del Norte",CHED,true
Butuan Doctors' College,10016,,Private Non-Sectarian Stock,Private,Region XIII (Caraga),,,,"Butuan City, Agusan del Norte",CHED,true
"Candelaria Institute of Technology of Cabadbaran, Inc.",16026,,Private Sectarian Non-Stock,Private,Region XIII (Caraga),,,,"Cabadbaran City, Agusan del Norte",CHED,true
Caraga Institute of Technology,16004,,Private Non-Sectarian Non-Stock,Private,Region XIII (Caraga),,,,"Kitcharao, Agusan del Norte",CHED,true
"Caraga School of Business, Inc.",16032,,Private Non-Sectarian Stock,Private,Region XIII (Caraga),,,,"Poblacion, Bayugan City, Agusan del Sur",CHED,true
Caraga State University-Cabadbaran Campus,10058,,Chartered State College/University (Satellite Campus),,Region XIII (Caraga),,,,"T. Curato Street, Poblacion 11, Cabadbaran City, Agusan del Norte",CHED,true
Caraga State University-Main Campus,10060,,Chartered State College/University (Main),,Region XIII (Caraga),,,,"Ampayon, Butuan City, Agusan del Norte",CHED,true
City College of Bayugan,16036,,Local Government College/University,,Region XIII (Caraga),,,,"Noli, Bayugan City, Agusan del Sur",CHED,true
"Colegio De Caraga, Inc.",10007,,Private Non-Sectarian Foundation,Private,Region XIII (Caraga),,,,"Butuan City, Agusan del Norte",CHED,true
De La Salle John Bosco College,16005,,Private Sectarian Non-Stock,Private,Region XIII (Caraga),,,,"Bislig City, Surigao del Sur",CHED,true
Don Jose Ecleo Memorial College,10026,,Private Non-Sectarian Non-Stock,Private,Region XIII (Caraga),,,,"San Jose , Dinagat Islands",CHED,true
"Elisa R. Ochoa Memorial Northern Mindanao School of Midwifery, Inc.",10027,,Private Non-Sectarian Non-Stock,Private,Region XIII (Caraga),,,,"Butuan City, Agusan del Norte",CHED,true
Father Saturnino Urios University,10090,,Private Sectarian Non-Stock,Private,Region XIII (Caraga),,,,"Sikatuna Pob., Butuan City, Agusan del Norte",CHED,true
Hinatuan Southern College,16021,,Local Government College/University,,Region XIII (Caraga),,,,"Cañedo St., Zone III Maharlika , Hinatuan, Surigao del Sur",CHED,true
Holy Child Colleges of Butuan,16012,,Private Non-Sectarian Stock,Private,Region XIII (Caraga),,,,"Jose Rizal Pob., Butuan City, Agusan del Norte",CHED,true
"Informatic Technological College of San Francisco, Inc.",16034,,Private Non-Sectarian Non-Stock,Private,Region XIII (Caraga),,,,"Barangay 5 , San Francisco, Agusan del Sur",CHED,true
"Merchant Marine Academy of Caraga, Inc.",16031,,Private Non-Sectarian Stock,Private,Region XIII (Caraga),,,,"Ong Yiu Pob., Butuan City, Agusan del Norte",CHED,true
"Mt. Carmel College of San Francisco, Inc.",16006,,Private Sectarian Non-Stock,Private,Region XIII (Caraga),,,,"San Francisco, Agusan del Sur",CHED,true
North Eastern Mindanao State University-Bislig,11099a,,Chartered State College/University (Satellite Campus),,Region XIII (Caraga),,,,"Maharlika, Bislig City, Surigao del Sur",CHED,true
North Eastern Mindanao State University-Cagwait,11071,,Chartered State College/University (Satellite Campus),,Region XIII (Caraga),,,,"Poblacion, Cagwait, Surigao del Sur",CHED,true
North Eastern Mindanao State University-Cantilan,11083,,Chartered State College/University (Satellite Campus),,Region XIII (Caraga),,,,"Pag-Antayan, Cantilan, Surigao del Sur",CHED,true
North Eastern Mindanao State University-Lianga,11072,,Chartered State College/University (Satellite Campus),,Region XIII (Caraga),,,,"Poblacion, Lianga, Surigao del Sur",CHED,true
North Eastern Mindanao State University-Main,11084,,Chartered State College/University (Main),,Region XIII (Caraga),,,,"Rosario, Tandag City, Surigao del Sur",CHED,true
North Eastern Mindanao State University-San Miguel,11074,,Chartered State College/University (Satellite Campus),,Region XIII (Caraga),,,,"Carromata, San Miguel, Surigao del Sur",CHED,true
North Eastern Mindanao State University-Tagbina,11073,,Chartered State College/University (Satellite Campus),,Region XIII (Caraga),,,,"Poblacion, Tagbina, Surigao del Sur",CHED,true
Northeastern Mindanao Colleges,10094,,Private Non-Sectarian Stock,Private,Region XIII (Caraga),,,,"Washington , Surigao City, Surigao del Norte",CHED,true
"Northern Mindanao Colleges, Inc.",10057,,Private Non-Sectarian Stock,Private,Region XIII (Caraga),,,,"Atega St., Poblacion 11, Cabadbaran City, Agusan del Norte",CHED,true
Northwestern Agusan Colleges,10062,,Private Non-Sectarian Stock,Private,Region XIII (Caraga),,,,"Nasipit, Agusan del Norte",CHED,true
"Philippine Electronics and Communication Institute of Technology, Inc.",16022,,Private Non-Sectarian Stock,Private,Region XIII (Caraga),,,,"Imadejas Pob., Butuan City, Agusan del Norte",CHED,true
Philippine Normal University-Mindanao Campus,10068,,Chartered State College/University (Satellite Campus),,Region XIII (Caraga),,,,"Poblacion, Prosperidad , Agusan del Sur",CHED,true
Saint Francis Xavier College,10071,,Private Non-Sectarian Non-Stock,Private,Region XIII (Caraga),,,,"San Francisco, Agusan del Sur",CHED,true
Saint Joseph Institute of Technology,10073,,Private Non-Sectarian Stock,Private,Region XIII (Caraga),,,,"Leon Kilat Pob., Butuan City, Agusan del Norte",CHED,true
Saint Michael College of Caraga,16010,,Private Sectarian Non-Stock,Private,Region XIII (Caraga),,,,"Nasipit, Agusan del Norte",CHED,true
"Saint Michael College, Cantilan, Incorporated",11065,,Private Sectarian Non-Stock,Private,Region XIII (Caraga),,,,"Cantilan, Surigao del Sur",CHED,true
Saint Peter College Seminary,16017,,Private Sectarian Stock,Private,Region XIII (Caraga),,,,"Ampayon, Butuan City, Agusan del Norte",CHED,true
"Saint Theresa College of Tandag, Inc.",11067,,Private Sectarian Non-Stock,Private,Region XIII (Caraga),,,,"Tandag City, Surigao del Sur",CHED,true
Saint Vincent de Paul Diocesan College,11068,,Private Sectarian Non-Stock,Private,Region XIII (Caraga),,,,"Bislig City, Surigao del Sur",CHED,true
San Francisco Colleges,10078,,Private Non-Sectarian Non-Stock,Private,Region XIII (Caraga),,,,"San Francisco, Agusan del Sur",CHED,true
Siargao Island Institute of Technology,16003,,Private Non-Sectarian Non-Stock,Private,Region XIII (Caraga),,,,"Dapa, Surigao del Norte",CHED,true
"Southern Technological Institute of the Philippines, Inc.",11079,,Private Non-Sectarian Non-Stock,Private,Region XIII (Caraga),,,,"Bislig City, Surigao del Sur",CHED,true
Southway College of Technology,16011,,Private Non-Sectarian Non-Stock,Private,Region XIII (Caraga),,,,"Barangay 3 , San Francisco, Agusan del Sur",CHED,true
St. Jude Thaddeus Institute of Technology,10074,,Private Non-Sectarian Stock,Private,Region XIII (Caraga),,,,"Surigao City, Surigao del Norte",CHED,true
St. Paul University Surigao,10080,,Private Sectarian Non-Stock,Private,Region XIII (Caraga),,,,"Surigao City, Surigao del Norte",CHED,true
STI College Surigao,16013,,Private Non-Sectarian Non-Stock,Private,Region XIII (Caraga),,,,"04220 Narciso Street, Washington , Surigao City, Surigao del Norte",CHED,true
Surigao del Norte State University-Claver,16035,,Chartered State College/University (Satellite Campus),,Region XIII (Caraga),,,,"Bagakay, Claver, Surigao del Norte",CHED,true
Surigao del Norte State University-Del Carmen,10095,,Chartered State College/University (Satellite Campus),,Region XIII (Caraga),,,,"San Jose , Del Carmen, Surigao del Norte",CHED,true
Surigao del Norte State University-Main,10087,,Chartered State College/University (Main),,Region XIII (Caraga),,,,"Washington , Surigao City, Surigao del Norte",CHED,true
Surigao del Norte State University-Mainit,16028,,Chartered State College/University (Satellite Campus),,Region XIII (Caraga),,,,"Magpayang, Mainit, Surigao del Norte",CHED,true
Surigao del Norte State University-Malimono,16009,,Chartered State College/University (Satellite Campus),,Region XIII (Caraga),,,,"Cagtinae, Malimono, Surigao del Norte",CHED,true
Surigao Doctor's College,16027,,Private Non-Sectarian Stock,Private,Region XIII (Caraga),,,,"Luna, Surigao City, Surigao del Norte",CHED,true
Surigao Education Center,10088,,Private Non-Sectarian Non-Stock,Private,Region XIII (Caraga),,,,"Washington , Surigao City, Surigao del Norte",CHED,true
"Surigao Sur Colleges, Incorporated",11082,,Private Non-Sectarian Stock,Private,Region XIII (Caraga),,,,"Barobo, Surigao del Sur",CHED,true
